target_id,pdb_id,decision,reason
ASD00020000_6,4UC5,reject,gate
ASD00060000_1,3HRF,reject,gate
ASD00060000_1,3NAX,reject,gate
ASD00060000_1,3ORX,reject,gate
ASD00060000_1,3ORZ,reject,gate
ASD00060000_1,3OTU,reject,gate
ASD00060000_1,4A06,reject,gate
ASD00060000_1,4A07,reject,gate
ASD00060000_1,4AW0,reject,gate
ASD00060000_1,4AW1,reject,gate
ASD00060000_1,4CT1,reject,gate
ASD00060000_1,4RQK,reject,gate
ASD00060000_1,4RQV,reject,gate
ASD00060000_1,4XX9,reject,gate
ASD00060000_1,5ACK,reject,gate
ASD00060000_1,5LVL,reject,gate
ASD00060000_1,5LVN,reject,gate
ASD00060000_1,5LVO,reject,gate
ASD00060000_1,5LVP,reject,gate
ASD00060000_1,5MRD,reject,gate
ASD00180000_1,3VG9,reject,gate
ASD00180000_1,3VGA,reject,gate
ASD00230000_2,1J07,reject,gate
ASD00230000_2,1N5M,reject,gate
ASD00230000_2,1N5R,reject,gate
ASD00230000_2,2HA0,reject,gate
ASD00230000_2,2HA2,reject,gate
ASD00230000_2,2HA3,reject,gate
ASD00230000_2,2HA4,reject,gate
ASD00230000_2,2HA5,reject,gate
ASD00230000_2,2HA6,reject,gate
ASD00230000_2,2HA7,reject,gate
ASD00230000_3,2C4H,reject,gate
ASD00230000_3,2C58,reject,gate
ASD00230000_3,2C5F,reject,gate
ASD00230000_3,2C5G,reject,gate
ASD00230000_3,2J3Q,reject,gate
ASD00240000_1,1I72,reject,gate
ASD00240000_1,1I79,reject,gate
ASD00240000_1,1I7B,reject,gate
ASD00240000_1,1I7C,reject,gate
ASD00240000_1,1I7M,reject,gate
ASD00240000_1,1MSV,reject,gate
ASD00240000_1,3DZ3,reject,gate
ASD00240000_1,3EP5,reject,gate
ASD00240000_1,3EPA,reject,gate
ASD00240000_1,3EPB,reject,gate
ASD00240000_1,3H0V,reject,gate
ASD00240000_1,3H0W,reject,gate
ASD00250000_6,1YP2,reject,gate
ASD00250000_6,1YP2,reject,gate
ASD00250000_6,1YP3,reject,gate
ASD00250000_6,1YP3,reject,gate
ASD00250000_6,1YP4,reject,gate
ASD00250000_6,1YP4,reject,gate
ASD00250000_7,3BRK,reject,gate
ASD00250000_7,5W5R,reject,gate
ASD00280000_1,1AO0,reject,gate
ASD00280000_1,1GPH,reject,gate
ASD00280000_2,1ECB,reject,gate
ASD00310000_1,2V8Q,reject,gate
ASD00310000_1,2V92,reject,gate
ASD00310000_1,2V9J,reject,gate
ASD00310000_1,2Y8L,reject,gate
ASD00310000_1,2Y8Q,reject,gate
ASD00310000_1,2YA3,reject,gate
ASD00310000_1,4CFH,reject,gate
ASD00310000_1,4EAG,reject,gate
ASD00310000_1,4EAJ,reject,gate
ASD00310000_1,4EAK,reject,gate
ASD00310000_1,4EAL,reject,gate
ASD00310000_1,4QFG,reject,gate
ASD00310000_1,4QFR,reject,gate
ASD00310000_1,4QFS,reject,gate
ASD00310000_3,5KQ5,reject,gate
ASD00310000_3,5T5T,reject,gate
ASD00310000_5,4CFE,reject,gate
ASD00310000_5,4CFF,reject,gate
ASD00310000_7,4CFE,reject,gate
ASD00310000_7,4ZHX,reject,gate
ASD00310000_7,5EZV,reject,gate
ASD00320000_1,1I1Q,reject,gate
ASD00320000_3,1I7S,reject,gate
ASD00330000_3,1RAA,reject,gate
ASD00330000_3,1RAB,reject,gate
ASD00330000_3,1RAC,reject,gate
ASD00330000_3,1RAD,reject,gate
ASD00330000_3,1RAE,reject,gate
ASD00330000_3,1RAF,reject,gate
ASD00330000_3,1RAG,reject,gate
ASD00330000_3,1RAH,reject,gate
ASD00330000_3,1RAI,reject,gate
ASD00330000_3,1TUG,reject,gate
ASD00330000_3,1ZA1,reject,gate
ASD00330000_3,1ZA2,reject,gate
ASD00330000_3,2FZC,reject,gate
ASD00330000_3,2FZG,reject,gate
ASD00330000_3,2FZK,reject,gate
ASD00330000_3,4AT1,reject,gate
ASD00330000_3,4FYV,reject,gate
ASD00330000_3,4FYW,reject,gate
ASD00330000_3,4FYX,reject,gate
ASD00330000_3,4FYY,reject,gate
ASD00330000_3,5AT1,reject,gate
ASD00330000_3,7AT1,reject,gate
ASD00330000_3,8AT1,reject,gate
ASD00330000_4,2BE9,reject,gate
ASD00350000_2,2CDQ,reject,gate
ASD00370000_1,1I2D,reject,gate
ASD00370000_1,1M8P,reject,gate
ASD00430000_1,1W96,reject,gate
ASD00440000_1,2EWN,reject,gate
ASD00440000_1,4WF2,reject,gate
ASD00440000_2,1WQW,reject,gate
ASD00440000_2,2DEQ,reject,gate
ASD00440000_2,2DJZ,reject,gate
ASD00440000_2,2DKG,reject,gate
ASD00440000_2,2DTI,reject,gate
ASD00440000_2,2DVE,reject,gate
ASD00440000_2,2DXU,reject,gate
ASD00440000_2,2DZ9,reject,gate
ASD00440000_3,4OP0,reject,gate
ASD00450000_1,1UWH,reject,gate
ASD00450000_1,1UWJ,reject,gate
ASD00450000_1,3IDP,reject,gate
ASD00450000_1,3Q96,reject,gate
ASD00450000_1,4DBN,reject,gate
ASD00450000_1,4FC0,reject,gate
ASD00450000_1,4G9C,reject,gate
ASD00450000_1,4G9R,reject,gate
ASD00450000_1,4JVG,reject,gate
ASD00450000_1,4WO5,reject,gate
ASD00470000_3,1CKK,reject,gate
ASD00470000_3,1IQ5,reject,gate
ASD00470000_3,1NWD,reject,gate
ASD00470000_3,3J41,reject,gate
ASD00480000_1,1CGP,reject,gate
ASD00480000_1,1G6N,reject,gate
ASD00480000_1,1HW5,reject,gate
ASD00480000_1,1I5Z,reject,gate
ASD00480000_1,1I6X,reject,gate
ASD00480000_1,1J59,reject,gate
ASD00480000_1,1LB2,reject,gate
ASD00480000_1,1O3Q,reject,gate
ASD00480000_1,1O3R,reject,gate
ASD00480000_1,1O3S,reject,gate
ASD00480000_1,1O3T,reject,gate
ASD00480000_1,1RUN,reject,gate
ASD00480000_1,1RUO,reject,gate
ASD00480000_1,1ZRC,reject,gate
ASD00480000_1,1ZRD,reject,gate
ASD00480000_1,1ZRE,reject,gate
ASD00480000_1,1ZRF,reject,gate
ASD00480000_1,2CGP,reject,gate
ASD00480000_1,2GZW,reject,gate
ASD00480000_1,3IYD,reject,gate
ASD00480000_1,3KCC,reject,gate
ASD00480000_1,3N4M,reject,gate
ASD00480000_1,3QOP,reject,gate
ASD00480000_1,3RDI,reject,gate
ASD00480000_1,3ROU,reject,gate
ASD00480000_1,3RPQ,reject,gate
ASD00480000_1,3RYP,reject,gate
ASD00480000_1,3RYR,reject,gate
ASD00480000_1,4FT8,reject,gate
ASD00480000_1,4HZF,reject,gate
ASD00480000_1,4I01,reject,gate
ASD00480000_1,4I02,reject,gate
ASD00480000_1,4I09,reject,gate
ASD00480000_1,4I0A,reject,gate
ASD00480000_1,4I0B,reject,gate
ASD00480000_1,4R8H,reject,gate
ASD00480000_2,3I54,reject,gate
ASD00480000_2,3I59,reject,gate
ASD00480000_2,3MZH,reject,gate
ASD00480000_3,2OZ6,reject,gate
ASD00490000_1,1A9X,reject,gate
ASD00490000_1,1BXR,reject,gate
ASD00490000_1,1C30,reject,gate
ASD00490000_1,1C3O,reject,gate
ASD00490000_1,1CE8,reject,gate
ASD00490000_1,1CE8,reject,gate
ASD00490000_1,1CS0,reject,gate
ASD00490000_1,1JDB,reject,gate
ASD00490000_1,1KEE,reject,gate
ASD00490000_1,1M6V,reject,gate
ASD00490000_1,1T36,reject,gate
ASD00490000_1,1T36,reject,gate
ASD00510000_1,3H30,reject,gate
ASD00520000_1,2FQQ,reject,gate
ASD00530000_1,3KJF,reject,gate
ASD00540000_1,1SHJ,reject,gate
ASD00540000_1,1SHL,reject,gate
ASD00540000_1,2QLJ,reject,gate
ASD00540000_1,4FEA,reject,gate
ASD00540000_1,5V6U,reject,gate
ASD00570000_1,3F9N,reject,gate
ASD00570000_1,3JVR,reject,gate
ASD00570000_1,3JVS,reject,gate
ASD00690000_1,1CSM,reject,gate
ASD00690000_1,2CSM,reject,gate
ASD00690000_1,3CSM,reject,gate
ASD00690000_1,4CSM,reject,gate
ASD00690000_1,5CSM,reject,gate
ASD00710000_1,1NXG,reject,gate
ASD00710000_1,1OWB,reject,gate
ASD00710000_1,4JAF,reject,gate
ASD00730000_1,4K5Y,reject,gate
ASD00740000_1,2OIQ,reject,gate
ASD00740000_1,3EL8,reject,gate
ASD00740000_1,3F3T,reject,gate
ASD00740000_1,3F3U,reject,gate
ASD00740000_1,3F3V,reject,gate
ASD00740000_1,3F3W,reject,gate
ASD00740000_1,3G6G,reject,gate
ASD00740000_1,3TZ7,reject,gate
ASD00740000_1,3TZ8,reject,gate
ASD00740000_1,3TZ9,reject,gate
ASD00740000_1,4AGW,reject,gate
ASD00740000_1,5J5S,reject,gate
ASD00750000_1,5TKV,reject,gate
ASD00750000_1,5U3C,reject,gate
ASD00750000_1,5U6R,reject,gate
ASD00770000_1,4PCU,reject,gate
ASD00770000_1,4UUU,reject,gate
ASD00840000_1,1W0F,reject,gate
ASD00850000_1,1EGY,reject,gate
ASD00850000_1,1EUP,reject,gate
ASD00870000_1,2JC9,reject,gate
ASD00870000_1,2JC9,reject,gate
ASD00870000_1,2XCV,reject,gate
ASD00870000_1,2XCW,reject,gate
ASD00870000_1,2XJC,reject,gate
ASD00870000_1,2XJD,reject,gate
ASD00870000_1,2XJE,reject,gate
ASD00870000_1,2XJF,reject,gate
ASD00870000_1,4H4B,reject,gate
ASD00870000_1,5OPK,reject,gate
ASD00870000_1,5OPK,reject,gate
ASD00870000_1,5OPM,reject,gate
ASD00870000_1,5OPM,reject,gate
ASD00880000_1,2I80,reject,gate
ASD00890000_2,3GNV,reject,gate
ASD00890000_2,3GNW,reject,gate
ASD00890000_2,3MWW,reject,gate
ASD00890000_2,4DQW,reject,gate
ASD00890000_2,4JJS,reject,gate
ASD00890000_2,4JJU,reject,gate
ASD00890000_2,4JTW,reject,gate
ASD00890000_2,4JTY,reject,gate
ASD00890000_2,4JTZ,reject,gate
ASD00890000_2,4JU1,reject,gate
ASD00890000_2,4JU2,reject,gate
ASD00890000_2,4JVQ,reject,gate
ASD00890000_2,5CZB,reject,gate
ASD00900000_3,2HVW,reject,gate
ASD00900000_3,4P9D,reject,fetch
ASD00900000_3,5C2O,reject,fetch
ASD00910000_1,1YXD,reject,fetch
ASD00910000_1,2ATS,reject,fetch
ASD00910000_3,3PUO,reject,fetch
ASD00910000_3,3TCE,reject,fetch
ASD00910000_3,4DPQ,reject,fetch
ASD00910000_3,4M19,reject,fetch
ASD00910000_3,4MLR,reject,fetch
ASD00910000_4,5F1U,reject,fetch
ASD00910000_4,5F1V,reject,fetch
ASD01000000_1,1Q0B,reject,fetch
ASD01000000_1,1X88,reject,fetch
ASD01000000_1,1YRS,reject,fetch
ASD01000000_1,2FKY,reject,fetch
ASD01000000_1,2FL2,reject,fetch
ASD01000000_1,2FL6,reject,fetch
ASD01000000_1,2G1Q,reject,fetch
ASD01000000_1,2GM1,reject,fetch
ASD01000000_1,2IEH,reject,fetch
ASD01000000_1,2PG2,reject,fetch
ASD01000000_1,2Q2Y,reject,fetch
ASD01000000_1,2Q2Z,reject,fetch
ASD01000000_1,2UYI,reject,fetch
ASD01000000_1,2UYM,reject,fetch
ASD01000000_1,2WOG,reject,fetch
ASD01000000_1,2X2R,reject,fetch
ASD01000000_1,2X7C,reject,fetch
ASD01000000_1,2X7D,reject,fetch
ASD01000000_1,2X7E,reject,fetch
ASD01000000_1,2XAE,reject,fetch
ASD01000000_1,3CJO,reject,fetch
ASD01000000_1,3K3B,reject,fetch
ASD01000000_1,3K5E,reject,fetch
ASD01000000_1,3KEN,reject,fetch
ASD01000000_1,3L9H,reject,fetch
ASD01000000_1,3WPN,reject,fetch
ASD01000000_1,3ZCW,reject,fetch
ASD01000000_1,3ZCW,reject,fetch
ASD01000000_1,4A50,reject,fetch
ASD01000000_1,4A51,reject,fetch
ASD01000000_1,4AP0,reject,fetch
ASD01000000_1,4AS7,reject,fetch
ASD01000000_1,4BBG,reject,fetch
ASD01000000_1,4BXN,reject,fetch
ASD01020000_1,5D41,reject,fetch
ASD01040000_1,5DI7,reject,fetch
ASD01040000_1,5DID,reject,fetch
ASD01040000_1,5DIE,reject,fetch
ASD01040000_1,5DIG,reject,fetch
ASD01040000_1,5DK9,reject,fetch
ASD01040000_1,5DKB,reject,fetch
ASD01040000_1,5DKE,reject,fetch
ASD01040000_1,5DKG,reject,fetch
ASD01040000_1,5DKS,reject,fetch
ASD01040000_1,5DL4,reject,fetch
ASD01040000_1,5DLR,reject,fetch
ASD01040000_1,5DMC,reject,fetch
ASD01040000_1,5DMF,reject,fetch
ASD01040000_1,5DP0,reject,fetch
ASD01040000_1,5DRJ,reject,fetch
ASD01040000_1,5DRM,reject,fetch
ASD01040000_1,5DTV,reject,fetch
ASD01040000_1,5DU5,reject,fetch
ASD01040000_1,5DUE,reject,fetch
ASD01040000_1,5DUG,reject,fetch
ASD01040000_1,5DUH,reject,fetch
ASD01040000_1,5DVS,reject,fetch
ASD01040000_1,5DVV,reject,fetch
ASD01040000_1,5DWE,reject,fetch
ASD01040000_1,5DWG,reject,fetch
ASD01040000_1,5DWI,reject,fetch
ASD01040000_1,5DWJ,reject,fetch
ASD01040000_1,5DXK,reject,fetch
ASD01040000_1,5DXM,reject,fetch
ASD01040000_1,5DXP,reject,fetch
ASD01040000_1,5DXQ,reject,fetch
ASD01040000_1,5DXR,reject,fetch
ASD01040000_1,5DY8,reject,fetch
ASD01040000_1,5DYB,reject,fetch
ASD01040000_1,5DYD,reject,fetch
ASD01040000_1,5DZ0,reject,fetch
ASD01040000_1,5DZ1,reject,fetch
ASD01040000_1,5DZ3,reject,fetch
ASD01040000_1,5DZH,reject,fetch
ASD01040000_1,5DZI,reject,fetch
ASD01040000_1,5E0W,reject,fetch
ASD01040000_1,5E0X,reject,fetch
ASD01040000_1,5E14,reject,fetch
ASD01040000_1,5E15,reject,fetch
ASD01040000_1,5E19,reject,fetch
ASD01040000_1,5E1C,reject,fetch
ASD01040000_1,5EHJ,reject,fetch
ASD01120000_1,1FTA,reject,fetch
ASD01120000_1,2FHY,reject,fetch
ASD01120000_1,2FIE,reject,fetch
ASD01120000_1,2FIX,reject,fetch
ASD01120000_1,2JJK,reject,fetch
ASD01120000_1,2VT5,reject,fetch
ASD01120000_1,2WBB,reject,fetch
ASD01120000_1,2WBD,reject,fetch
ASD01120000_1,2Y5K,reject,fetch
ASD01120000_1,2Y5L,reject,fetch
ASD01120000_1,3A29,reject,fetch
ASD01120000_1,3IFA,reject,fetch
ASD01120000_1,3IFC,reject,fetch
ASD01120000_1,3KBZ,reject,fetch
ASD01120000_1,3KC0,reject,fetch
ASD01120000_1,3KC1,reject,fetch
ASD01120000_1,4MJO,reject,fetch
ASD01120000_3,1EYJ,reject,fetch
ASD01120000_3,1EYK,reject,fetch
ASD01120000_3,1FBP,reject,fetch
ASD01120000_3,1FJ9,reject,fetch
ASD01120000_3,1FPD,reject,fetch
ASD01120000_3,1FPE,reject,fetch
ASD01120000_3,1FPF,reject,fetch
ASD01120000_3,1FPG,reject,fetch
ASD01120000_3,1FPI,reject,fetch
ASD01120000_3,1FPJ,reject,fetch
ASD01120000_3,1FPL,reject,fetch
ASD01120000_3,1FRP,reject,fetch
ASD01120000_3,1FSA,reject,fetch
ASD01120000_3,1KZ8,reject,fetch
ASD01120000_3,1KZ8,reject,fetch
ASD01120000_3,1LEV,reject,fetch
ASD01120000_3,1NV7,reject,fetch
ASD01120000_3,1Q9D,reject,fetch
ASD01120000_3,1RDY,reject,fetch
ASD01120000_3,1RDZ,reject,fetch
ASD01120000_3,1YYZ,reject,fetch
ASD01120000_3,1YZ0,reject,fetch
ASD01120000_3,2F3D,reject,fetch
ASD01120000_3,4FBP,reject,fetch
ASD01120000_3,4GBV,reject,fetch
ASD01120000_3,4GBW,reject,fetch
ASD01120000_3,4GWS,reject,fetch
ASD01120000_3,4GWY,reject,fetch
ASD01120000_3,4GWZ,reject,fetch
ASD01120000_3,4GX4,reject,fetch
ASD01120000_3,4GX6,reject,fetch
ASD01120000_3,4H46,reject,fetch
ASD01120000_3,4KXP,reject,fetch
ASD01120000_7,2GQ1,reject,fetch
ASD01120000_7,2Q8M,reject,fetch
ASD01120000_7,2Q8M,reject,fetch
ASD01170000_1,2VD4,reject,fetch
ASD01200000_1,1V4S,reject,fetch
ASD01200000_1,3A0I,reject,fetch
ASD01200000_1,3F9M,reject,fetch
ASD01200000_1,3FR0,reject,fetch
ASD01200000_1,3GOI,reject,fetch
ASD01200000_1,3H1V,reject,fetch
ASD01200000_1,3ID8,reject,fetch
ASD01200000_1,3IMX,reject,fetch
ASD01200000_1,3S41,reject,fetch
ASD01200000_1,3VEV,reject,fetch
ASD01200000_1,3VEY,reject,fetch
ASD01200000_1,3VF6,reject,fetch
ASD01200000_1,4DCH,reject,fetch
ASD01200000_1,4DHY,reject,fetch
ASD01200000_1,4ISE,reject,fetch
ASD01200000_1,4ISF,reject,fetch
ASD01200000_1,4ISG,reject,fetch
ASD01200000_1,4IWV,reject,fetch
ASD01200000_1,4IXC,reject,fetch
ASD01200000_1,4L3Q,reject,fetch
ASD01200000_1,4MLE,reject,fetch
ASD01200000_1,4MLH,reject,fetch
ASD01200000_1,4NO7,reject,fetch
ASD01200000_1,5V4W,reject,fetch
ASD01200000_1,5V4X,reject,fetch
ASD01210000_1,1FRZ,reject,R0_overlap
ASD01210000_1,1FS5,reject,R0_overlap
ASD01210000_1,1HOT,reject,R0_overlap
ASD01210000_1,2WU1,reject,R0_overlap
ASD01210000_3,1NE7,reject,fetch
ASD01230000_1,2XHD,reject,fetch
ASD01230000_1,3RN8,reject,fetch
ASD01230000_1,3RNN,reject,fetch
ASD01230000_1,5YBF,reject,fetch
ASD01230000_2,1LBC,reject,fetch
ASD01230000_2,2AL4,reject,fetch
ASD01230000_2,2AL5,reject,fetch
ASD01230000_2,2XX7,reject,fetch
ASD01230000_2,2XX8,reject,fetch
ASD01230000_2,2XX9,reject,fetch
ASD01230000_2,2XXH,reject,fetch
ASD01230000_2,2XXI,reject,fetch
ASD01230000_2,3BBR,reject,fetch
ASD01230000_2,3H6T,reject,fetch
ASD01230000_2,3H6U,reject,fetch
ASD01230000_2,3H6V,reject,fetch
ASD01230000_2,3H6W,reject,fetch
ASD01230000_2,3IJO,reject,fetch
ASD01230000_2,3IJX,reject,fetch
ASD01230000_2,3IK6,reject,fetch
ASD01230000_2,3IL1,reject,fetch
ASD01230000_2,3ILT,reject,fetch
ASD01230000_2,3ILU,reject,fetch
ASD01230000_2,3KGC,reject,fetch
ASD01230000_2,3LSF,reject,fetch
ASD01230000_2,3LSF,reject,fetch
ASD01230000_2,3LSL,reject,fetch
ASD01230000_2,3LSL,reject,fetch
ASD01230000_2,3M3L,reject,fetch
ASD01230000_2,3O28,reject,fetch
ASD01230000_2,3O29,reject,fetch
ASD01230000_2,3O2A,reject,fetch
ASD01230000_2,3O6G,reject,fetch
ASD01230000_2,3O6H,reject,fetch
ASD01230000_2,3O6I,reject,fetch
ASD01230000_2,3PMV,reject,fetch
ASD01230000_2,3PMW,reject,fetch
ASD01230000_2,3PMX,reject,fetch
ASD01230000_2,3TDJ,reject,fetch
ASD01230000_2,3TKD,reject,fetch
ASD01230000_2,4FAT,reject,fetch
ASD01230000_2,4IY5,reject,fetch
ASD01230000_2,4IY6,reject,fetch
ASD01230000_2,4LZ5,reject,fetch
ASD01230000_2,4LZ7,reject,fetch
ASD01230000_2,4LZ8,reject,fetch
ASD01230000_2,4N07,reject,fetch
ASD01230000_2,4U4S,reject,fetch
ASD01230000_2,4U4X,reject,fetch
ASD01230000_2,4U5B,reject,fetch
ASD01230000_2,4U5C,reject,fetch
ASD01230000_2,4U5D,reject,fetch
ASD01230000_2,4U5E,reject,fetch
ASD01230000_2,4U5F,reject,fetch
ASD01230000_2,4X48,reject,fetch
ASD01230000_2,5BUU,reject,fetch
ASD01230000_2,5ELV,reject,fetch
ASD01230000_2,5O9A,reject,fetch
ASD01230000_2,5OEW,reject,fetch
ASD01240000_1,1HWY,reject,fetch
ASD01240000_1,1NQT,reject,fetch
ASD01240000_1,3ETD,reject,fetch
ASD01240000_1,3ETD,reject,fetch
ASD01240000_1,3ETE,reject,fetch
ASD01240000_1,3ETE,reject,fetch
ASD01240000_1,3ETG,reject,fetch
ASD01240000_1,3ETG,reject,fetch
ASD01240000_1,6DHD,reject,fetch
ASD01240000_1,6DHL,reject,fetch
ASD01240000_1,6DHM,reject,fetch
ASD01240000_1,6DHM,reject,fetch
ASD01240000_1,6DHQ,reject,fetch
ASD01260000_4,1UXN,reject,fetch
ASD01260000_4,1UXP,reject,fetch
ASD01260000_4,1UXQ,reject,fetch
ASD01260000_4,1UXR,reject,fetch
ASD01260000_4,1UXT,reject,fetch
ASD01260000_4,1UXU,reject,fetch
ASD01260000_4,1UXV,reject,fetch
ASD01290000_1,1BO5,reject,fetch
ASD01320000_1,1Z8D,reject,fetch
ASD01320000_1,1Z8D,reject,fetch
ASD01320000_2,1EM6,reject,fetch
ASD01320000_2,1EXV,reject,fetch
ASD01320000_2,1EXV,reject,fetch
ASD01320000_2,1L5Q,reject,fetch
ASD01320000_2,1L5Q,reject,fetch
ASD01320000_2,1L5R,reject,fetch
ASD01320000_2,1L5R,reject,fetch
ASD01320000_2,1L5S,reject,fetch
ASD01320000_2,1L5S,reject,fetch
ASD01320000_2,1L7X,reject,fetch
ASD01320000_2,1L7X,reject,fetch
ASD01320000_2,1XOI,reject,fetch
ASD01320000_2,2ATI,reject,fetch
ASD01320000_2,2ZB2,reject,fetch
ASD01320000_2,2ZB2,reject,fetch
ASD01320000_2,3CEH,reject,fetch
ASD01320000_2,3CEJ,reject,fetch
ASD01320000_2,3CEM,reject,fetch
ASD01320000_2,3DD1,reject,fetch
ASD01320000_2,3DD1,reject,fetch
ASD01320000_2,3DDS,reject,fetch
ASD01320000_2,3DDS,reject,fetch
ASD01320000_2,3DDW,reject,fetch
ASD01320000_2,3DDW,reject,fetch
ASD01320000_3,1ABB,reject,R0_overlap
ASD01320000_3,1B4D,reject,R0_overlap
ASD01320000_3,1C50,reject,R0_overlap
ASD01320000_3,1C8K,reject,R0_overlap
ASD01320000_3,1C8L,reject,R0_overlap
ASD01320000_3,1C8L,reject,R0_overlap
ASD01320000_3,1E1Y,reject,R0_overlap
ASD01320000_3,1FTQ,reject,R0_overlap
ASD01320000_3,1GFZ,reject,R0_overlap
ASD01320000_3,1GFZ,reject,R0_overlap
ASD01320000_3,1GG8,reject,R0_overlap
ASD01320000_3,1GPY,reject,R0_overlap
ASD01320000_3,1H5U,reject,R0_overlap
ASD01320000_3,1K06,reject,R0_overlap
ASD01320000_3,1K08,reject,R0_overlap
ASD01320000_3,1LWO,reject,R0_overlap
ASD01320000_3,1PYG,reject,R0_overlap
ASD01320000_3,1UZU,reject,R0_overlap
ASD01320000_3,1WUT,reject,R0_overlap
ASD01320000_3,1WUY,reject,R0_overlap
ASD01320000_3,1WV0,reject,R0_overlap
ASD01320000_3,1WV1,reject,R0_overlap
ASD01320000_3,1XKX,reject,R0_overlap
ASD01320000_3,1Z62,reject,R0_overlap
ASD01320000_3,1Z62,reject,R0_overlap
ASD01320000_3,1Z6P,reject,R0_overlap
ASD01320000_3,1Z6Q,reject,R0_overlap
ASD01320000_3,2AMV,reject,R0_overlap
ASD01320000_3,2GJ4,reject,R0_overlap
ASD01320000_3,2GM9,reject,R0_overlap
ASD01320000_3,2IEG,reject,R0_overlap
ASD01320000_3,2IEI,reject,R0_overlap
ASD01320000_3,2OFF,reject,R0_overlap
ASD01320000_3,2PRI,reject,R0_overlap
ASD01320000_3,2PRJ,reject,R0_overlap
ASD01320000_3,2QN1,reject,R0_overlap
ASD01320000_3,2QN2,reject,R0_overlap
ASD01320000_3,2QN7,reject,R0_overlap
ASD01320000_3,2QN8,reject,R0_overlap
ASD01320000_3,2QN9,reject,R0_overlap
ASD01320000_3,2QNB,reject,R0_overlap
ASD01320000_3,2SKC,reject,R0_overlap
ASD01320000_3,2SKD,reject,R0_overlap
ASD01320000_3,2SKE,reject,R0_overlap
ASD01320000_3,3AMV,reject,R0_overlap
ASD01320000_3,3BCR,reject,R0_overlap
ASD01320000_3,3BCU,reject,R0_overlap
ASD01320000_3,3BD6,reject,R0_overlap
ASD01320000_3,3BD7,reject,R0_overlap
ASD01320000_3,3BDA,reject,R0_overlap
ASD01320000_3,3CUW,reject,R0_overlap
ASD01320000_3,3E3N,reject,R0_overlap
ASD01320000_3,3E3O,reject,R0_overlap
ASD01320000_3,3EBO,reject,R0_overlap
ASD01320000_3,3EBP,reject,R0_overlap
ASD01320000_3,3G2H,reject,R0_overlap
ASD01320000_3,3MQF,reject,R0_overlap
ASD01320000_3,3MRT,reject,R0_overlap
ASD01320000_3,3MRV,reject,R0_overlap
ASD01320000_3,3MRX,reject,R0_overlap
ASD01320000_3,3MS2,reject,R0_overlap
ASD01320000_3,3MS4,reject,R0_overlap
ASD01320000_3,3MS7,reject,R0_overlap
ASD01320000_3,3MSC,reject,R0_overlap
ASD01320000_3,3MT7,reject,R0_overlap
ASD01320000_3,3MT8,reject,R0_overlap
ASD01320000_3,3MT9,reject,R0_overlap
ASD01320000_3,3MTA,reject,R0_overlap
ASD01320000_3,3MTB,reject,R0_overlap
ASD01320000_3,3MTD,reject,R0_overlap
ASD01320000_3,3NC4,reject,R0_overlap
ASD01320000_3,4MRA,reject,R0_overlap
ASD01320000_3,8GPB,reject,R0_overlap
ASD01320000_3,8GPB,reject,R0_overlap
ASD01360000_1,1PCQ,reject,fetch
ASD01360000_1,1SVT,reject,fetch
ASD01360000_1,2C7E,reject,fetch
ASD01360000_1,4AAQ,reject,fetch
ASD01360000_1,4AAR,reject,fetch
ASD01360000_1,4AAS,reject,fetch
ASD01360000_1,4AAU,reject,fetch
ASD01360000_1,4AB2,reject,fetch
ASD01360000_1,4AB3,reject,fetch
ASD01360000_1,4PKN,reject,fetch
ASD01360000_1,4PKO,reject,fetch
ASD01400000_1,3E2A,reject,fetch
ASD01400000_1,3E2W,reject,fetch
ASD01400000_1,3E3F,reject,fetch
ASD01400000_1,3E3I,reject,fetch
ASD01450000_1,1CZA,reject,fetch
ASD01450000_1,1HKB,reject,fetch
ASD01450000_1,1QHA,reject,fetch
ASD01470000_1,4O3T,reject,fetch
ASD01470000_1,4O3U,reject,fetch
ASD01510000_3,4IO8,reject,fetch
ASD01530000_1,5I73,reject,fetch
ASD01530000_1,5I75,reject,fetch
ASD01590000_1,3LW0,reject,fetch
ASD01630000_3,1DP4,reject,fetch
ASD01630000_3,1T34,reject,fetch
ASD01630000_3,3A3K,reject,fetch
ASD01660000_1,3TUV,reject,fetch
ASD01670000_2,1HYV,reject,fetch
ASD01670000_2,3ZCM,reject,fetch
ASD01670000_2,3ZSO,reject,fetch
ASD01670000_2,3ZSQ,reject,fetch
ASD01670000_2,3ZSR,reject,fetch
ASD01670000_2,3ZSV,reject,fetch
ASD01670000_2,3ZSW,reject,fetch
ASD01670000_2,3ZSX,reject,fetch
ASD01670000_2,3ZSY,reject,fetch
ASD01670000_2,3ZSZ,reject,fetch
ASD01670000_2,3ZT0,reject,fetch
ASD01670000_2,3ZT1,reject,fetch
ASD01670000_2,3ZT2,reject,fetch
ASD01670000_2,3ZT2,reject,fetch
ASD01670000_2,3ZT3,reject,fetch
ASD01670000_2,3ZT4,reject,fetch
ASD01670000_2,3ZT4,reject,fetch
ASD01670000_2,4CE9,reject,fetch
ASD01670000_2,4CEA,reject,fetch
ASD01670000_2,4CEB,reject,fetch
ASD01670000_2,4CEC,reject,fetch
ASD01670000_2,4CED,reject,fetch
ASD01670000_2,4CEE,reject,fetch
ASD01670000_2,4CEF,reject,fetch
ASD01670000_2,4CEO,reject,fetch
ASD01670000_2,4CEQ,reject,fetch
ASD01670000_2,4CER,reject,fetch
ASD01670000_2,4CES,reject,fetch
ASD01670000_2,4CEZ,reject,fetch
ASD01670000_2,4CF0,reject,fetch
ASD01670000_2,4CF1,reject,fetch
ASD01670000_2,4CF2,reject,fetch
ASD01670000_2,4CF8,reject,fetch
ASD01670000_2,4CF9,reject,fetch
ASD01670000_2,4CFA,reject,fetch
ASD01670000_2,4CFB,reject,fetch
ASD01670000_2,4CFC,reject,fetch
ASD01670000_2,4CFD,reject,fetch
ASD01670000_2,4CGD,reject,fetch
ASD01670000_2,4CGF,reject,fetch
ASD01670000_2,4CGG,reject,fetch
ASD01670000_2,4CGH,reject,fetch
ASD01670000_2,4CGI,reject,fetch
ASD01670000_2,4CGJ,reject,fetch
ASD01670000_2,4CHN,reject,fetch
ASD01670000_2,4CHO,reject,fetch
ASD01670000_2,4CHP,reject,fetch
ASD01670000_2,4CHP,reject,fetch
ASD01670000_2,4CHQ,reject,fetch
ASD01670000_2,4CHY,reject,fetch
ASD01670000_2,4CHZ,reject,fetch
ASD01670000_2,4CIE,reject,fetch
ASD01670000_2,4CIF,reject,fetch
ASD01670000_2,4CIG,reject,fetch
ASD01670000_2,4CJ3,reject,fetch
ASD01670000_2,4CJ4,reject,fetch
ASD01670000_2,4CJ5,reject,fetch
ASD01670000_2,4CJE,reject,fetch
ASD01670000_2,4CJF,reject,fetch
ASD01670000_2,4CJK,reject,fetch
ASD01670000_2,4CJL,reject,fetch
ASD01670000_2,4CJP,reject,fetch
ASD01670000_2,4CJQ,reject,fetch
ASD01670000_2,4CJR,reject,fetch
ASD01670000_2,4CJS,reject,fetch
ASD01670000_2,4CJT,reject,fetch
ASD01670000_2,4CJU,reject,fetch
ASD01670000_2,4CJV,reject,fetch
ASD01670000_2,4CJW,reject,fetch
ASD01670000_2,4CJW,reject,fetch
ASD01670000_2,4CK1,reject,fetch
ASD01670000_2,4CK2,reject,fetch
ASD01670000_2,4CK2,reject,fetch
ASD01670000_2,4CK3,reject,fetch
ASD01670000_2,4LH5,reject,fetch
ASD01670000_2,4OVL,reject,fetch
ASD01670000_2,5KGW,reject,fetch
ASD01670000_2,5KGX,reject,fetch
ASD01670000_2,5KRS,reject,fetch
ASD01670000_2,5KRT,reject,fetch
ASD01690000_2,1L5G,reject,fetch
ASD01700000_1,1CQP,reject,fetch
ASD01700000_1,1RD4,reject,fetch
ASD01700000_1,1XDD,reject,fetch
ASD01700000_1,1XDG,reject,fetch
ASD01700000_1,1XUO,reject,fetch
ASD01700000_1,2ICA,reject,fetch
ASD01700000_1,2O7N,reject,fetch
ASD01700000_1,3BQM,reject,fetch
ASD01700000_1,3BQN,reject,fetch
ASD01700000_1,3E2M,reject,fetch
ASD01700000_1,3F78,reject,fetch
ASD01700000_1,3M6F,reject,fetch
ASD01700000_1,4IXD,reject,fetch
ASD01720000_11,4JA8,reject,fetch
ASD01720000_3,3BLW,reject,fetch
ASD01760000_2,1LDN,reject,fetch
ASD01760000_2,2LDB,reject,fetch
ASD01780000_1,2HIM,reject,fetch
ASD01780000_1,2P2N,reject,fetch
ASD01860000_1,1GZ3,reject,fetch
ASD01860000_1,1GZ4,reject,fetch
ASD01860000_1,1PJ2,reject,fetch
ASD01860000_1,1PJ3,reject,fetch
ASD01860000_1,1PJ4,reject,fetch
ASD01860000_3,1O0S,reject,fetch
ASD01910000_1,5CGC,reject,fetch
ASD01910000_1,5CGD,reject,fetch
ASD01910000_1,6FFH,reject,fetch
ASD01910000_1,6FFI,reject,fetch
ASD01940000_1,1S9J,reject,fetch
ASD01940000_1,2P55,reject,fetch
ASD01940000_1,3DV3,reject,fetch
ASD01940000_1,3DY7,reject,fetch
ASD01940000_1,3E8N,reject,fetch
ASD01940000_1,3EQB,reject,fetch
ASD01940000_1,3EQC,reject,fetch
ASD01940000_1,3EQG,reject,fetch
ASD01940000_1,3EQH,reject,fetch
ASD01940000_1,3ORN,reject,fetch
ASD01940000_1,3OS3,reject,fetch
ASD01940000_1,3PP1,reject,fetch
ASD01940000_1,3SLS,reject,fetch
ASD01940000_1,3V01,reject,fetch
ASD01940000_1,3V04,reject,fetch
ASD01940000_1,3VVH,reject,fetch
ASD01940000_1,3WIG,reject,fetch
ASD01940000_1,4AN2,reject,fetch
ASD01940000_1,4AN3,reject,fetch
ASD01940000_1,4AN9,reject,fetch
ASD01940000_1,4ANB,reject,fetch
ASD01940000_1,4ARK,reject,fetch
ASD01940000_1,4LMN,reject,fetch
ASD01940000_1,4MNE,reject,fetch
ASD01950000_1,1S9I,reject,fetch
ASD02000000_1,3D2P,reject,fetch
ASD02000000_3,4KZT,reject,fetch
ASD02030000_1,5I56,reject,fetch
ASD02030000_1,5I58,reject,fetch
ASD02030000_1,5I59,reject,fetch
ASD02030000_1,5JTY,reject,fetch
ASD02030000_4,5H8H,reject,fetch
ASD02030000_4,5H8Q,reject,fetch
ASD02030000_4,5I2K,reject,fetch
ASD02030000_4,5I2N,reject,fetch
ASD02030000_4,5KCJ,reject,fetch
ASD02030000_4,5KDT,reject,fetch
ASD02030000_4,5TP9,reject,fetch
ASD02030000_4,5TPA,reject,fetch
ASD02080000_1,1FCJ,reject,fetch
ASD02090000_1,1QW7,reject,fetch
ASD02130000_2,2I7N,reject,fetch
ASD02160000_2,3WMG,reject,fetch
ASD02170000_2,5FII,reject,fetch
ASD02180000_1,2Q5O,reject,fetch
ASD02180000_1,2Q5Q,reject,fetch
ASD02190000_1,3IAD,reject,fetch
ASD02190000_1,5TKB,reject,fetch
ASD02190000_1,6BOJ,reject,fetch
ASD02200000_1,1TBF,reject,fetch
ASD02200000_3,2K31,reject,fetch
ASD02210000_1,1FIY,reject,fetch
ASD02210000_1,1JQN,reject,fetch
ASD02210000_1,1QB4,reject,fetch
ASD02210000_2,5VYJ,reject,fetch
ASD02220000_1,3CQD,reject,fetch
ASD02220000_1,3UMO,reject,fetch
ASD02230000_1,3DC2,reject,fetch
ASD02230000_2,1PSD,reject,fetch
ASD02230000_2,2P9C,reject,fetch
ASD02230000_2,2P9G,reject,fetch
ASD02230000_2,2PA3,reject,fetch
ASD02280000_1,1DKR,reject,fetch
ASD02280000_1,1DKU,reject,fetch
ASD02280000_1,1IBS,reject,fetch
ASD02280000_2,2H06,reject,fetch
ASD02280000_2,2H07,reject,fetch
ASD02280000_2,2H08,reject,fetch
ASD02280000_2,2HCR,reject,fetch
ASD02280000_2,3S5J,reject,fetch
ASD02370000_3,2QMX,reject,fetch
ASD02370000_4,3MWB,reject,fetch
ASD02400000_1,3OF1,reject,fetch
ASD02400000_9,4DFX,reject,fetch
ASD02400000_9,4DFZ,reject,fetch
ASD02440000_1,1T48,reject,fetch
ASD02440000_1,1T49,reject,fetch
ASD02440000_1,1T4J,reject,fetch
ASD02440000_1,5T19,reject,fetch
ASD02440000_1,6B95,reject,fetch
ASD02470000_1,2VK1,reject,fetch
ASD02470000_1,2VK8,reject,fetch
ASD02470000_3,2VJY,reject,fetch
ASD02490000_1,2BU2,reject,fetch
ASD02490000_1,2BU5,reject,fetch
ASD02490000_1,2BU6,reject,fetch
ASD02490000_1,2BU7,reject,fetch
ASD02490000_1,2BU8,reject,fetch
ASD02500000_1,1A3W,reject,fetch
ASD02500000_2,1T5A,reject,fetch
ASD02500000_2,3BJF,reject,fetch
ASD02500000_2,3GQY,reject,fetch
ASD02500000_2,3GR4,reject,fetch
ASD02500000_2,3H6O,reject,fetch
ASD02500000_2,4B2D,reject,fetch
ASD02500000_2,4B2D,reject,fetch
ASD02500000_2,4FXF,reject,fetch
ASD02500000_2,4G1N,reject,fetch
ASD02500000_2,6GG4,reject,fetch
ASD02500000_2,6GG5,reject,fetch
ASD02500000_2,6GG6,reject,fetch
ASD02500000_3,2VGB,reject,fetch
ASD02500000_3,2VGF,reject,fetch
ASD02500000_3,2VGG,reject,fetch
ASD02500000_3,2VGI,reject,fetch
ASD02500000_3,4IP7,reject,fetch
ASD02500000_4,2G50,reject,fetch
ASD02500000_4,3N25,reject,fetch
ASD02500000_8,3HQP,reject,fetch
ASD02500000_8,3HQQ,reject,fetch
ASD02500000_9,4HYV,reject,fetch
ASD02500000_9,4HYW,reject,fetch
ASD02510000_1,1XMS,reject,fetch
ASD02510000_1,1XMV,reject,fetch
ASD02510000_1,3CMU,reject,fetch
ASD02510000_1,3CMV,reject,fetch
ASD02510000_1,3CMW,reject,fetch
ASD02510000_1,3CMX,reject,fetch
ASD02510000_2,2G88,reject,fetch
ASD02520000_1,4YI8,reject,fetch
ASD02520000_1,4YI8,reject,fetch
ASD02560000_1,3AO2,reject,fetch
ASD02560000_1,3I0R,reject,fetch
ASD02560000_1,3I0S,reject,fetch
ASD02580000_1,2R1R,reject,fetch
ASD02580000_1,3R1R,reject,fetch
ASD02580000_1,3UUS,reject,fetch
ASD02580000_1,3UUS,reject,fetch
ASD02580000_1,4R1R,reject,fetch
ASD02580000_1,5CNS,reject,fetch
ASD02580000_1,5CNS,reject,fetch
ASD02580000_1,5CNT,reject,fetch
ASD02580000_1,5CNU,reject,fetch
ASD02580000_1,5CNV,reject,fetch
ASD02580000_2,1XJE,reject,R0_overlap
ASD02580000_2,1XJF,reject,R0_overlap
ASD02580000_2,1XJG,reject,R0_overlap
ASD02580000_2,1XJJ,reject,R0_overlap
ASD02580000_2,1XJK,reject,R0_overlap
ASD02580000_2,1XJM,reject,R0_overlap
ASD02580000_2,1XJN,reject,R0_overlap
ASD02580000_2,3O0N,reject,R0_overlap
ASD02580000_2,3O0O,reject,R0_overlap
ASD02580000_2,3O0Q,reject,R0_overlap
ASD02580000_3,1PEO,reject,fetch
ASD02580000_3,1PEQ,reject,fetch
ASD02580000_3,1PEU,reject,fetch
ASD02580000_3,2BQ1,reject,fetch
ASD02580000_6,2WGH,reject,fetch
ASD02580000_6,3HNC,reject,fetch
ASD02580000_6,3HND,reject,fetch
ASD02580000_6,3HNE,reject,fetch
ASD02580000_6,3HNE,reject,fetch
ASD02580000_6,3HNF,reject,fetch
ASD02580000_6,3HNF,reject,fetch
ASD02580000_7,1H78,reject,R0_overlap
ASD02580000_7,1H79,reject,R0_overlap
ASD02580000_7,1H7A,reject,R0_overlap
ASD02580000_7,1HK8,reject,R0_overlap
ASD02580000_8,3RSR,reject,fetch
ASD02580000_8,3S87,reject,fetch
ASD02580000_8,3S8A,reject,fetch
ASD02580000_8,3S8B,reject,fetch
ASD02580000_8,3S8C,reject,fetch
ASD02580000_8,3TB9,reject,fetch
ASD02580000_8,3TBA,reject,fetch
ASD02670000_1,1E7B,reject,fetch
ASD02670000_1,1E7C,reject,fetch
ASD02670000_1,1E7C,reject,fetch
ASD02670000_1,2BX8,reject,fetch
ASD02670000_1,2BXA,reject,fetch
ASD02670000_1,2BXB,reject,fetch
ASD02670000_1,2BXC,reject,fetch
ASD02670000_1,2BXD,reject,fetch
ASD02670000_1,2BXE,reject,fetch
ASD02670000_1,2BXE,reject,fetch
ASD02670000_1,2BXG,reject,fetch
ASD02670000_1,2BXH,reject,fetch
ASD02670000_1,3LU6,reject,fetch
ASD02670000_1,3LU6,reject,fetch
ASD02670000_1,3LU7,reject,fetch
ASD02790000_1,2C2B,reject,fetch
ASD02810000_1,2ONB,reject,fetch
ASD02810000_1,4FGT,reject,fetch
ASD02810000_1,5X69,reject,fetch
ASD02890000_3,2NW8,reject,fetch
ASD02900000_1,1BEU,reject,fetch
ASD02900000_1,1FUY,reject,fetch
ASD02900000_1,1K3U,reject,fetch
ASD02900000_1,1K7E,reject,fetch
ASD02900000_1,1K7F,reject,fetch
ASD02900000_1,1K8Y,reject,fetch
ASD02900000_1,1K8Z,reject,fetch
ASD02900000_1,1KFB,reject,fetch
ASD02900000_1,1KFC,reject,fetch
ASD02900000_1,1TJP,reject,fetch
ASD02900000_1,2CLE,reject,fetch
ASD02900000_1,2CLF,reject,fetch
ASD02900000_1,2CLH,reject,fetch
ASD02900000_1,2CLI,reject,fetch
ASD02900000_1,2CLK,reject,fetch
ASD02900000_1,2CLL,reject,fetch
ASD02900000_1,2CLM,reject,fetch
ASD02900000_1,2CLO,reject,fetch
ASD02900000_1,2J9X,reject,fetch
ASD02900000_1,2RH9,reject,fetch
ASD02900000_1,3CEP,reject,fetch
ASD02900000_1,4HN4,reject,fetch
ASD02900000_1,4HPJ,reject,fetch
ASD02900000_1,4HPX,reject,fetch
ASD02900000_1,4HT3,reject,fetch
ASD02900000_1,4KKX,reject,fetch
ASD02900000_2,4WX2,reject,fetch
ASD02910000_1,1I6K,reject,fetch
ASD02910000_1,1I6L,reject,fetch
ASD02910000_1,1I6M,reject,fetch
ASD02910000_1,1M83,reject,fetch
ASD02910000_1,1MAU,reject,fetch
ASD02910000_1,1MAW,reject,fetch
ASD02910000_1,2OV4,reject,fetch
ASD02910000_1,3FHJ,reject,fetch
ASD02910000_1,3FI0,reject,fetch
ASD02980000_1,4ZHT,reject,fetch
ASD02980000_2,3BEO,reject,fetch
ASD02980000_4,4NES,reject,fetch
ASD02990000_1,2JJX,reject,fetch
ASD02990000_2,2V4Y,reject,fetch
ASD02990000_3,3EK5,reject,fetch
ASD02990000_4,3NWY,reject,fetch
ASD02990000_5,4A7W,reject,fetch
ASD03000000_1,1VST,reject,fetch
ASD03000000_1,1XTU,reject,fetch
ASD03000000_1,3G6W,reject,fetch
ASD03000000_2,1JLR,reject,fetch
ASD03130000_1,5X7D,reject,fetch
ASD03140000_1,1PZO,reject,R0_overlap
ASD03140000_1,1PZP,reject,R0_overlap
ASD03160000_2,4EIY,reject,fetch
ASD03160000_2,4OR2,reject,fetch
ASD03160000_2,5L32,reject,fetch
ASD03160000_2,5UIG,reject,fetch
ASD03160000_2,5WIV,reject,fetch
ASD03160000_2,6C1Q,reject,fetch
ASD03160000_2,6C1R,reject,fetch
ASD03200000_1,5DN3,reject,fetch
ASD03200000_1,5DOS,reject,fetch
ASD03200000_1,5DPV,reject,fetch
ASD03200000_1,5DR2,reject,fetch
ASD03200000_1,5DR6,reject,fetch
ASD03200000_1,5DR9,reject,fetch
ASD03200000_1,5DT4,reject,fetch
ASD03200000_1,5OBJ,reject,fetch
ASD03200000_1,5OBR,reject,fetch
ASD03200000_1,5ORL,reject,fetch
ASD03200000_1,5ORN,reject,fetch
ASD03200000_1,5ORO,reject,fetch
ASD03200000_1,5ORP,reject,fetch
ASD03200000_1,5ORR,reject,fetch
ASD03200000_1,5ORS,reject,fetch
ASD03200000_1,5ORT,reject,fetch
ASD03200000_1,5ORV,reject,fetch
ASD03200000_1,5ORW,reject,fetch
ASD03200000_1,5ORX,reject,fetch
ASD03200000_1,5ORY,reject,fetch
ASD03200000_1,5ORZ,reject,fetch
ASD03200000_1,5OS0,reject,fetch
ASD03200000_1,5OS1,reject,fetch
ASD03200000_1,5OS2,reject,fetch
ASD03200000_1,5OS3,reject,fetch
ASD03200000_1,5OS4,reject,fetch
ASD03200000_1,5OS5,reject,fetch
ASD03200000_1,5OS6,reject,fetch
ASD03200000_1,5OSD,reject,fetch
ASD03200000_1,5OSE,reject,fetch
ASD03200000_1,5OSF,reject,fetch
ASD03240000_1,3O96,reject,fetch
ASD03240000_1,4EJN,reject,fetch
ASD03240000_1,5KCV,reject,fetch
ASD03310000_1,11BG,reject,fetch
ASD03320000_1,1OPL,reject,fetch
ASD03320000_1,3PYY,reject,fetch
ASD03320000_1,5MO4,reject,fetch
ASD03320000_2,3K5V,reject,fetch
ASD03320000_2,6HD6,reject,fetch
ASD03380000_1,1SOZ,reject,fetch
ASD03380000_1,2R3Y,reject,fetch
ASD03380000_1,3GCN,reject,fetch
ASD03380000_1,3GCO,reject,fetch
ASD03380000_1,3GDS,reject,fetch
ASD03380000_1,3GDU,reject,fetch
ASD03380000_1,3GDV,reject,fetch
ASD03380000_1,4RQZ,reject,fetch
ASD03380000_1,4RQZ,reject,fetch
ASD03380000_1,4RQZ,reject,fetch
ASD03430000_2,1Q3E,reject,fetch
ASD03430000_2,1Q43,reject,fetch
ASD03430000_2,1Q5O,reject,fetch
ASD03430000_2,2Q0A,reject,fetch
ASD03430000_2,3BPZ,reject,fetch
ASD03430000_2,3ETQ,reject,fetch
ASD03430000_3,2PTM,reject,fetch
ASD03450000_1,2JFZ,reject,fetch
ASD03450000_1,2W4I,reject,fetch
ASD03450000_1,4B1F,reject,fetch
ASD03450000_3,2JFN,reject,fetch
ASD03450000_4,3HFR,reject,fetch
ASD03450000_5,2VVT,reject,fetch
ASD03470000_1,3AV9,reject,fetch
ASD03470000_1,3AVA,reject,fetch
ASD03470000_1,3AVB,reject,fetch
ASD03470000_1,3AVC,reject,fetch
ASD03470000_1,3AVF,reject,fetch
ASD03470000_1,3AVG,reject,fetch
ASD03470000_1,3AVH,reject,fetch
ASD03470000_1,3AVI,reject,fetch
ASD03470000_1,3AVJ,reject,fetch
ASD03470000_1,3AVK,reject,fetch
ASD03470000_1,3AVL,reject,fetch
ASD03470000_1,3AVM,reject,fetch
ASD03470000_1,3AVN,reject,fetch
ASD03470000_1,3LPU,reject,fetch
ASD03470000_1,3NF6,reject,fetch
ASD03470000_1,3NF7,reject,fetch
ASD03470000_1,3NF8,reject,fetch
ASD03470000_1,3NF9,reject,fetch
ASD03470000_1,3NFA,reject,fetch
ASD03470000_1,4AH9,reject,fetch
ASD03470000_1,4AHR,reject,fetch
ASD03470000_1,4AHS,reject,fetch
ASD03470000_1,4AHT,reject,fetch
ASD03470000_1,4AHU,reject,fetch
ASD03470000_1,4AHV,reject,fetch
ASD03470000_1,4DMN,reject,fetch
ASD03470000_1,4E1M,reject,fetch
ASD03470000_1,4E1N,reject,fetch
ASD03470000_1,4GVM,reject,fetch
ASD03470000_1,4GW6,reject,fetch
ASD03470000_1,4ID1,reject,fetch
ASD03470000_1,4JLH,reject,fetch
ASD03470000_1,4O0J,reject,fetch
ASD03470000_1,4O55,reject,fetch
ASD03470000_1,4O5B,reject,fetch
ASD03490000_1,1KV1,reject,fetch
ASD03490000_1,1KV2,reject,fetch
ASD03490000_1,1W82,reject,fetch
ASD03490000_1,1W83,reject,fetch
ASD03490000_1,1WBN,reject,fetch
ASD03490000_1,1WBS,reject,fetch
ASD03490000_1,1WBT,reject,fetch
ASD03490000_1,1WBV,reject,fetch
ASD03490000_1,2BAJ,reject,fetch
ASD03490000_1,2BAK,reject,fetch
ASD03490000_1,3D83,reject,fetch
ASD03490000_1,3E93,reject,fetch
ASD03490000_1,3GCQ,reject,fetch
ASD03490000_1,3GCS,reject,fetch
ASD03490000_1,3GCU,reject,fetch
ASD03490000_1,3GCV,reject,fetch
ASD03490000_1,3GI3,reject,fetch
ASD03490000_1,3HEC,reject,fetch
ASD03490000_1,3HEG,reject,fetch
ASD03490000_1,3HV3,reject,fetch
ASD03490000_1,3HV4,reject,fetch
ASD03490000_1,3HV5,reject,fetch
ASD03490000_1,3HV6,reject,fetch
ASD03490000_1,3HV7,reject,fetch
ASD03490000_1,3IW8,reject,fetch
ASD03490000_1,3K3I,reject,fetch
ASD03490000_1,3K3J,reject,fetch
ASD03490000_1,3KQ7,reject,fetch
ASD03490000_1,3LFB,reject,fetch
ASD03490000_1,3LFD,reject,fetch
ASD03490000_1,3LFE,reject,fetch
ASD03490000_1,3NEW,reject,fetch
ASD03490000_1,3NNU,reject,fetch
ASD03490000_1,3NNV,reject,fetch
ASD03490000_1,3NNW,reject,fetch
ASD03490000_1,3NNX,reject,fetch
ASD03490000_1,3O8P,reject,fetch
ASD03490000_1,3O8T,reject,fetch
ASD03490000_1,3O8U,reject,fetch
ASD03490000_1,3OBJ,reject,fetch
ASD03490000_1,3OC1,reject,fetch
ASD03490000_1,3PG3,reject,fetch
ASD03490000_1,4A9Y,reject,fetch
ASD03490000_1,4AA0,reject,fetch
ASD03490000_1,4E6A,reject,fetch
ASD03490000_1,4E6C,reject,fetch
ASD03490000_1,4E8A,reject,fetch
ASD03490000_1,4EH9,reject,fetch
ASD03490000_1,4EH9,reject,fetch
ASD03580000_3,1PFK,reject,fetch
ASD03580000_4,4PFK,reject,fetch
ASD03640000_1,1BDH,reject,fetch
ASD03640000_1,1BDI,reject,fetch
ASD03640000_1,1JFS,reject,fetch
ASD03640000_1,1JFT,reject,fetch
ASD03640000_1,1JH9,reject,fetch
ASD03640000_1,1PNR,reject,fetch
ASD03640000_1,1QP4,reject,fetch
ASD03640000_1,1QP7,reject,fetch
ASD03640000_1,1QPZ,reject,fetch
ASD03640000_1,1QQA,reject,fetch
ASD03640000_1,1QQB,reject,fetch
ASD03640000_1,1VPW,reject,fetch
ASD03640000_1,1WET,reject,fetch
ASD03640000_1,1ZAY,reject,fetch
ASD03640000_1,2PUA,reject,fetch
ASD03640000_1,2PUB,reject,fetch
ASD03640000_1,2PUC,reject,fetch
ASD03640000_1,2PUD,reject,fetch
ASD03640000_1,2PUE,reject,fetch
ASD03640000_1,2PUF,reject,fetch
ASD03640000_1,2PUG,reject,fetch
ASD03710000_1,3EEB,reject,fetch
ASD03710000_1,3FZY,reject,fetch
ASD03710000_1,3GCD,reject,fetch
ASD03720000_3,4Q0A,reject,fetch
ASD03740000_2,1NHU,reject,fetch
ASD03740000_2,1NHV,reject,fetch
ASD03740000_2,1OS5,reject,fetch
ASD03740000_2,2AWZ,reject,fetch
ASD03740000_2,2AX0,reject,fetch
ASD03740000_2,2AX1,reject,fetch
ASD03740000_2,2BRK,reject,fetch
ASD03740000_2,2BRL,reject,fetch
ASD03740000_2,2D3U,reject,fetch
ASD03740000_2,2D3Z,reject,fetch
ASD03740000_2,2D41,reject,fetch
ASD03740000_2,2DXS,reject,fetch
ASD03740000_2,2FVC,reject,fetch
ASD03740000_2,2GIQ,reject,fetch
ASD03740000_2,2GIR,reject,fetch
ASD03740000_2,2HAI,reject,fetch
ASD03740000_2,2HWH,reject,fetch
ASD03740000_2,2HWI,reject,fetch
ASD03740000_2,2I1R,reject,fetch
ASD03740000_2,2JC0,reject,fetch
ASD03740000_2,2JC0,reject,fetch
ASD03740000_2,2JC1,reject,fetch
ASD03740000_2,2O5D,reject,fetch
ASD03740000_2,2QE2,reject,fetch
ASD03740000_2,2QE5,reject,fetch
ASD03740000_2,2WCX,reject,fetch
ASD03740000_2,2WHO,reject,fetch
ASD03740000_2,2WRM,reject,fetch
ASD03740000_2,2XWY,reject,fetch
ASD03740000_2,3BR9,reject,fetch
ASD03740000_2,3BSA,reject,fetch
ASD03740000_2,3BSC,reject,fetch
ASD03740000_2,3CDE,reject,fetch
ASD03740000_2,3CIZ,reject,fetch
ASD03740000_2,3CJ0,reject,fetch
ASD03740000_2,3CJ2,reject,fetch
ASD03740000_2,3CJ3,reject,fetch
ASD03740000_2,3CJ4,reject,fetch
ASD03740000_2,3CJ5,reject,fetch
ASD03740000_2,3CO9,reject,fetch
ASD03740000_2,3CVK,reject,fetch
ASD03740000_2,3CWJ,reject,fetch
ASD03740000_2,3D28,reject,fetch
ASD03740000_2,3D5M,reject,fetch
ASD03740000_2,3E51,reject,fetch
ASD03740000_2,3FQK,reject,fetch
ASD03740000_2,3FRZ,reject,fetch
ASD03740000_2,3G86,reject,fetch
ASD03740000_2,3GYN,reject,fetch
ASD03740000_2,3H2L,reject,fetch
ASD03740000_2,3H59,reject,fetch
ASD03740000_2,3H5S,reject,fetch
ASD03740000_2,3H5U,reject,fetch
ASD03740000_2,3H98,reject,fetch
ASD03740000_2,3IGV,reject,fetch
ASD03740000_2,3MF5,reject,fetch
ASD03740000_2,3UDL,reject,fetch
ASD03740000_2,3VQS,reject,fetch
ASD03740000_2,4B6E,reject,fetch
ASD03740000_2,4B6F,reject,fetch
ASD03740000_2,4B71,reject,fetch
ASD03740000_2,4B73,reject,fetch
ASD03740000_2,4B74,reject,fetch
ASD03740000_2,4B75,reject,fetch
ASD03740000_2,4B76,reject,fetch
ASD03740000_2,4EO6,reject,fetch
ASD03740000_2,4EO8,reject,fetch
ASD03740000_2,4IH5,reject,fetch
ASD03740000_2,4IH6,reject,fetch
ASD03740000_2,4IH7,reject,fetch
ASD03740000_2,4KAI,reject,fetch
ASD03740000_2,4KAI,reject,fetch
ASD03740000_2,4KB7,reject,fetch
ASD03740000_2,4KBI,reject,fetch
ASD03740000_2,4KE5,reject,fetch
ASD03740000_2,4KE5,reject,fetch
ASD03740000_2,4MIA,reject,fetch
ASD03740000_2,4MIB,reject,fetch
ASD03740000_2,4MK7,reject,fetch
ASD03740000_2,4MK8,reject,fetch
ASD03740000_2,4MK9,reject,fetch
ASD03740000_2,4MKA,reject,fetch
ASD03740000_2,4MKB,reject,fetch
ASD03750000_6,3PMA,reject,fetch
ASD03910000_1,1G9V,reject,fetch
ASD03910000_1,2D5Z,reject,fetch
ASD03910000_1,4NI0,reject,fetch
ASD03910000_1,5E29,reject,fetch
ASD03910000_1,5E29,reject,fetch
ASD03910000_1,5KSI,reject,fetch
ASD03910000_1,5U3I,reject,fetch
ASD03910000_1,5UFJ,reject,fetch
ASD03910000_1,5X2S,reject,fetch
ASD03910000_1,5X2T,reject,fetch
ASD03910000_1,6BNR,reject,fetch
ASD03910000_2,1B86,reject,fetch
ASD03910000_2,2D60,reject,fetch
ASD03910000_2,4ROL,reject,fetch
ASD03910000_2,4ROM,reject,fetch
ASD03910000_2,5E29,reject,fetch
ASD03910000_2,5KDQ,reject,fetch
ASD03910000_3,1IWH,reject,fetch
ASD03910000_3,2D5X,reject,fetch
ASD03910000_4,2D5X,reject,fetch
ASD03940000_1,3HWS,reject,fetch
ASD03940000_1,4I4L,reject,fetch
ASD03940000_1,4I81,reject,fetch
ASD03940000_2,1UM8,reject,fetch
ASD04020000_2,2XTA,reject,fetch
ASD04020000_2,2Y0P,reject,fetch
ASD04030000_2,3Q0Z,reject,fetch
ASD04030000_2,4NLD,reject,fetch
ASD04030000_2,5PZK,reject,fetch
ASD04030000_2,5PZL,reject,fetch
ASD04030000_2,5PZM,reject,fetch
ASD04030000_2,5PZN,reject,fetch
ASD04030000_2,5PZO,reject,fetch
ASD04030000_2,5PZP,reject,fetch
ASD04030000_2,5TRH,reject,fetch
ASD04030000_2,5TRI,reject,fetch
ASD04030000_2,5TRJ,reject,fetch
ASD04030000_2,5TRK,reject,fetch
ASD04060000_1,4XZ2,reject,fetch
ASD04070000_1,3GVU,reject,fetch
ASD04090000_1,2BTY,reject,fetch
ASD04090000_2,2RD5,reject,fetch
ASD04090000_3,3ZZH,reject,fetch
ASD04220000_1,1AZX,reject,fetch
ASD04220000_1,1E03,reject,fetch
ASD04220000_1,1NQ9,reject,fetch
ASD04220000_1,1SR5,reject,fetch
ASD04220000_1,1TB6,reject,fetch
ASD04220000_1,3EVJ,reject,fetch
ASD04220000_1,3KCG,reject,fetch
ASD04260000_3,5DL1,reject,fetch
ASD04270000_2,3QH0,reject,fetch
ASD04270000_2,4OTJ,reject,fetch
ASD04270000_2,4RUT,reject,fetch
ASD04270000_2,4RUT,reject,fetch
ASD04390000_1,4EJF,reject,fetch
ASD04390000_1,4FXO,reject,fetch
ASD04390000_1,4N5D,reject,fetch
ASD04390000_1,4N6G,reject,fetch
ASD04390000_1,4N7J,reject,fetch
ASD04390000_1,4N7M,reject,fetch
ASD04390000_1,4NBK,reject,fetch
ASD04390000_1,4NBL,reject,fetch
ASD04390000_1,4NBN,reject,fetch
ASD04400000_1,3KJN,reject,fetch
ASD04400000_1,3KJN,reject,fetch
ASD04400000_1,3KJQ,reject,fetch
ASD04400000_1,3KJQ,reject,fetch
ASD04430000_2,1MC0,reject,fetch
ASD04460000_1,3F6G,reject,fetch
ASD04460000_1,3F6H,reject,fetch
ASD04480000_1,1DVA,reject,fetch
ASD04480000_1,1YGC,reject,fetch
ASD04590000_1,3PXF,reject,fetch
ASD04590000_1,3PXQ,reject,fetch
ASD04590000_1,3PXZ,reject,fetch
ASD04590000_1,3PY1,reject,fetch
ASD04590000_1,4EZ7,reject,fetch
ASD04630000_1,1R1V,reject,fetch
ASD04630000_1,2M30,reject,fetch
ASD04660000_1,1B4K,reject,fetch
ASD04660000_1,1GZG,reject,fetch
ASD04660000_1,1W54,reject,fetch
ASD04660000_1,1W56,reject,fetch
ASD04660000_1,1W5M,reject,fetch
ASD04660000_1,1W5N,reject,fetch
ASD04660000_1,1W5O,reject,fetch
ASD04660000_1,1W5P,reject,fetch
ASD04660000_1,1W5Q,reject,fetch
ASD04660000_1,2C13,reject,fetch
ASD04660000_1,2C14,reject,fetch
ASD04660000_1,2C15,reject,fetch
ASD04660000_1,2C16,reject,fetch
ASD04660000_1,2C18,reject,fetch
ASD04660000_1,2C19,reject,fetch
ASD04660000_1,2WOQ,reject,fetch
ASD04670000_2,5CC9,reject,fetch
ASD04670000_2,5W3Q,reject,fetch
ASD04740000_1,3ALO,reject,fetch
ASD04800000_1,5J94,reject,fetch
ASD04800000_1,5J94,reject,fetch
ASD04800000_1,5JA7,reject,fetch
ASD04820000_1,4TPW,reject,fetch
ASD04820000_1,4TQB,reject,fetch
ASD04820000_1,4TQC,reject,fetch
ASD04840000_1,3N1V,reject,fetch
ASD04840000_1,3N1W,reject,fetch
ASD04840000_1,3N3L,reject,fetch
ASD04840000_1,3N45,reject,fetch
ASD04840000_1,3N46,reject,fetch
ASD04840000_1,3N49,reject,fetch
ASD04840000_1,3N5H,reject,fetch
ASD04840000_1,3N5J,reject,fetch
ASD04840000_1,3N6K,reject,fetch
ASD04840000_1,4LPG,reject,fetch
ASD04840000_1,4LPH,reject,fetch
ASD04840000_1,4QXS,reject,fetch
ASD04840000_1,4RXA,reject,fetch
ASD04840000_1,5DGM,reject,fetch
ASD04840000_1,5DGN,reject,fetch
ASD04840000_1,5DIQ,reject,fetch
ASD04840000_1,5DJP,reject,fetch
ASD04840000_1,5DJR,reject,fetch
ASD04840000_1,5DJV,reject,fetch
ASD04840000_1,5JA0,reject,fetch
ASD04840000_1,5JUZ,reject,fetch
ASD04840000_1,5JV0,reject,fetch
ASD04840000_1,5JV1,reject,fetch
ASD04840000_1,5JV2,reject,fetch
ASD04840000_1,5KSX,reject,fetch
ASD04870000_1,4EBV,reject,fetch
ASD04870000_1,4EBW,reject,fetch
ASD04870000_1,4I4F,reject,fetch
ASD04920000_1,3LSW,reject,fetch
ASD04920000_1,3LSX,reject,fetch
ASD04920000_1,3M3F,reject,fetch
ASD04970000_1,3K8Y,reject,fetch
ASD04970000_1,3LBH,reject,fetch
ASD04970000_1,3LBI,reject,fetch
ASD04970000_1,3OIU,reject,fetch
ASD04970000_1,3OIV,reject,fetch
ASD04970000_1,3OIW,reject,fetch
ASD04970000_1,4DLR,reject,fetch
ASD04970000_1,4DLT,reject,fetch
ASD04970000_1,4DLU,reject,fetch
ASD04970000_1,4DLV,reject,fetch
ASD04970000_1,4DLW,reject,fetch
ASD04970000_1,4DLX,reject,fetch
ASD04970000_1,4DLY,reject,fetch
ASD04970000_1,4DLZ,reject,fetch
ASD04970000_1,4G0N,reject,fetch
ASD04970000_1,4G0N,reject,fetch
ASD04970000_1,5ZC6,reject,fetch
ASD04970000_2,3V4F,reject,fetch
ASD04990000_1,2PBK,reject,fetch
ASD04990000_1,4P3H,reject,fetch
ASD05100000_1,2J0X,reject,fetch
ASD05120000_1,3IJG,reject,fetch
ASD05120000_1,3IJJ,reject,fetch
ASD05120000_1,3U18,reject,fetch
ASD05210000_1,3O2M,reject,fetch
ASD05230000_1,1YV3,reject,fetch
ASD05230000_1,2JHR,reject,fetch
ASD05230000_1,2XEL,reject,fetch
ASD05230000_1,2XO8,reject,fetch
ASD05230000_1,3BZ7,reject,fetch
ASD05230000_1,3BZ8,reject,fetch
ASD05230000_1,3BZ9,reject,fetch
ASD05230000_1,3MJX,reject,fetch
ASD05250000_1,5BTR,reject,fetch
ASD05250000_1,5BTR,reject,fetch
ASD05250000_1,5BTR,reject,fetch
ASD05260000_1,4C7B,reject,fetch
ASD05270000_2,1ZDQ,reject,fetch
ASD05270000_2,1ZDS,reject,fetch
ASD05270000_2,2B08,reject,fetch
ASD05550000_3,3HO8,reject,fetch
ASD05660000_1,3UVV,reject,fetch
ASD05660000_1,5LYQ,reject,fetch
ASD05730000_1,4ZJI,reject,fetch
ASD05730000_1,4ZJJ,reject,fetch
ASD05730000_1,4ZLO,reject,fetch
ASD05790000_1,5L7I,reject,fetch
ASD05850000_1,5F6W,reject,fetch
ASD05850000_1,5F6Y,reject,fetch
ASD05860000_2,2NS8,reject,fetch
ASD05860000_2,3ZQF,reject,fetch
ASD05860000_2,3ZQG,reject,fetch
ASD05860000_2,3ZQH,reject,fetch
ASD05860000_2,3ZQI,reject,fetch
ASD05860000_3,2XPU,reject,fetch
ASD05860000_4,2VPR,reject,fetch
ASD05870000_1,1DX5,reject,fetch
ASD05870000_1,1JMO,reject,fetch
ASD05870000_1,1JOU,reject,fetch
ASD05870000_1,1SFQ,reject,fetch
ASD05870000_1,1SG8,reject,fetch
ASD05870000_1,3JZ1,reject,fetch
ASD05870000_1,3R3G,reject,fetch
ASD05870000_1,4RKO,reject,fetch
ASD05950000_1,3PA8,reject,fetch
ASD05950000_1,3PEE,reject,fetch
ASD06090000_1,5N9R,reject,fetch
ASD06090000_1,5N9T,reject,fetch
ASD06110000_1,3RZ3,reject,fetch
ASD06110000_1,4MDK,reject,fetch
ASD06120000_1,3PRJ,reject,fetch
ASD06120000_1,3PTZ,reject,fetch
ASD06120000_2,3PJG,reject,fetch
ASD06390000_1,4LUC,reject,fetch
ASD06390000_1,4LV6,reject,fetch
ASD06390000_1,4LYF,reject,fetch
ASD06390000_1,4LYH,reject,fetch
ASD06390000_1,4LYJ,reject,fetch
ASD06390000_1,4M1O,reject,fetch
ASD06390000_1,4M1S,reject,fetch
ASD06390000_1,4M1T,reject,fetch
ASD06390000_1,4M1W,reject,fetch
ASD06390000_1,4M1Y,reject,fetch
ASD06390000_1,4M21,reject,fetch
ASD06390000_1,4M22,reject,fetch
ASD06390000_1,5F2E,reject,fetch
ASD06390000_1,5V9L,reject,fetch
ASD06390000_1,5V9O,reject,fetch
ASD06430000_1,2HH7,reject,fetch
ASD06550000_1,2I7P,reject,fetch
ASD06550000_1,3MK6,reject,fetch
ASD06550000_1,5KQD,reject,fetch
ASD06640000_2,3HL8,reject,fetch
ASD06680000_2,4AVB,reject,fetch
ASD06680000_2,4AVC,reject,fetch
ASD06710000_1,2PIO,reject,fetch
ASD06710000_1,2PIO,reject,fetch
ASD06710000_1,2PIP,reject,fetch
ASD06710000_1,2PIP,reject,fetch
ASD06710000_1,2PIQ,reject,fetch
ASD06710000_1,2PIT,reject,fetch
ASD06710000_1,2PIU,reject,fetch
ASD06710000_1,2PIU,reject,fetch
ASD06710000_1,2PIV,reject,fetch
ASD06710000_1,2PIW,reject,fetch
ASD06710000_1,2PIW,reject,fetch
ASD06710000_1,2PIX,reject,fetch
ASD06710000_1,2PKL,reject,fetch
ASD06710000_1,2QPY,reject,fetch
ASD06710000_1,2YHD,reject,fetch
ASD06710000_1,2YLO,reject,fetch
ASD06710000_1,2YLP,reject,fetch
ASD06710000_1,2YLP,reject,fetch
ASD06710000_1,2YLQ,reject,fetch
ASD06710000_1,3ZQT,reject,fetch
ASD06710000_1,4HLW,reject,fetch
ASD06710000_1,4K7A,reject,fetch
ASD06820000_1,3IRH,reject,fetch
ASD06820000_1,4LRL,reject,fetch
ASD06820000_1,4LRL,reject,fetch
ASD06980000_1,3HV8,reject,fetch
ASD06990000_1,3LLA,reject,fetch
ASD06990000_1,3LMH,reject,fetch
ASD06990000_1,3LMI,reject,fetch
ASD06990000_1,3PDT,reject,fetch
ASD07020000_1,1DD7,reject,fetch
ASD07020000_1,2ORO,reject,fetch
ASD07020000_1,2ORP,reject,fetch
ASD07020000_1,2ORQ,reject,fetch
ASD07020000_1,2ORR,reject,fetch
ASD07020000_1,2ORS,reject,fetch
ASD07020000_1,2ORT,reject,fetch
ASD07020000_1,3NQS,reject,fetch
ASD07130000_1,1NJJ,reject,fetch
ASD07300000_1,2ZMF,reject,fetch
ASD07450000_1,1W25,reject,fetch
ASD07450000_1,2V0N,reject,fetch
ASD07480000_1,5H3Q,reject,fetch
ASD07480000_1,6D1Y,reject,fetch
ASD07480000_1,6D1Z,reject,fetch
ASD07480000_1,6D20,reject,fetch
ASD07500000_2,4P02,reject,fetch
ASD07730000_2,4BNT,reject,fetch
ASD07730000_2,4BNU,reject,fetch
ASD07730000_2,4BNV,reject,fetch
ASD07730000_2,4BNX,reject,fetch
ASD07730000_2,4BNY,reject,fetch
ASD07730000_2,4BNZ,reject,fetch
ASD07730000_2,4BO0,reject,fetch
ASD07730000_2,4BO1,reject,fetch
ASD07730000_2,4BO2,reject,fetch
ASD07730000_2,4BO3,reject,fetch
ASD07730000_2,4BO4,reject,fetch
ASD07730000_2,4BO5,reject,fetch
ASD07730000_2,4BO6,reject,fetch
ASD07730000_2,4BO7,reject,fetch
ASD07730000_2,4BO8,reject,fetch
ASD07730000_2,4BO9,reject,fetch
ASD07760000_2,3BEU,reject,fetch
ASD07760000_2,3I78,reject,fetch
ASD07800000_1,4W9N,reject,fetch
ASD07990000_1,2Q6H,reject,fetch
ASD07990000_1,2Q72,reject,fetch
ASD07990000_1,2QB4,reject,fetch
ASD07990000_1,2QEI,reject,fetch
ASD07990000_1,3F48,reject,fetch
ASD08000000_1,3EPS,reject,fetch
ASD08000000_1,3LC6,reject,fetch
ASD08000000_1,3LCB,reject,fetch
ASD08170000_1,3UO9,reject,fetch
ASD08170000_1,3VOZ,reject,fetch
ASD08170000_1,3VP1,reject,fetch
ASD08170000_1,3VP2,reject,fetch
ASD08170000_1,3VP3,reject,fetch
ASD08170000_1,3VP4,reject,fetch
ASD08170000_1,5JYO,reject,fetch
ASD08170000_1,5JYP,reject,fetch
ASD08170000_1,5WJ6,reject,fetch
ASD08170000_2,4JKT,reject,fetch
ASD08370000_1,1F2U,reject,fetch
ASD08370000_1,3QKU,reject,fetch
ASD08370000_1,4NCJ,reject,fetch
ASD08370000_2,3AUX,reject,fetch
ASD08370000_2,3AUY,reject,fetch
ASD08370000_2,3AV0,reject,fetch
ASD08370000_3,3THO,reject,fetch
ASD08570000_1,5WMV,reject,fetch
ASD08570000_1,5WMX,reject,fetch
ASD08770000_1,1B2Y,reject,fetch
ASD08770000_1,1BSI,reject,fetch
ASD08770000_1,1CPU,reject,fetch
ASD08770000_1,1HNY,reject,fetch
ASD08770000_1,1KBB,reject,fetch
ASD08770000_1,1KBK,reject,fetch
ASD08770000_1,1U2Y,reject,fetch
ASD08770000_1,1U30,reject,fetch
ASD08770000_1,1U33,reject,fetch
ASD08770000_1,1XCW,reject,fetch
ASD08770000_1,1XCX,reject,fetch
ASD08770000_1,1XD0,reject,fetch
ASD08770000_1,1XD1,reject,fetch
ASD08770000_1,1XH1,reject,fetch
ASD08770000_1,1XH2,reject,fetch
ASD08770000_1,2CPU,reject,fetch
ASD08770000_1,2QMK,reject,fetch
ASD08770000_1,2QV4,reject,fetch
ASD08770000_1,3BAI,reject,fetch
ASD08770000_1,3BAJ,reject,fetch
ASD08770000_1,3BAK,reject,fetch
ASD08770000_1,3BAW,reject,fetch
ASD08770000_1,3BAX,reject,fetch
ASD08770000_1,3BAY,reject,fetch
ASD08770000_1,3CPU,reject,fetch
ASD08770000_1,3IJ7,reject,fetch
ASD08770000_1,3IJ8,reject,fetch
ASD08770000_1,3IJ9,reject,fetch
ASD08770000_1,3OLD,reject,fetch
ASD08770000_1,3OLE,reject,fetch
ASD08770000_1,3OLG,reject,fetch
ASD08770000_1,3OLI,reject,fetch
ASD08770000_1,4GQQ,reject,fetch
ASD08770000_1,4GQQ,reject,fetch
ASD08770000_1,4GQQ,reject,fetch
ASD08770000_1,4GQQ,reject,fetch
ASD08770000_1,4GQR,reject,fetch
ASD08770000_2,1BVN,reject,fetch
ASD08770000_2,1DHK,reject,fetch
ASD08770000_2,1HX0,reject,fetch
ASD08770000_2,1JFH,reject,fetch
ASD08770000_2,1KXQ,reject,fetch
ASD08770000_2,1KXT,reject,fetch
ASD08770000_2,1OSE,reject,fetch
ASD08770000_2,1PIF,reject,fetch
ASD08770000_2,1PIG,reject,fetch
ASD08770000_2,1PPI,reject,fetch
ASD08770000_2,1UA3,reject,fetch
ASD08770000_2,1VAH,reject,fetch
ASD08770000_2,1WO2,reject,fetch
ASD08770000_2,3L2L,reject,fetch
ASD08770000_2,3L2M,reject,fetch
ASD08780000_1,5UE4,reject,fetch
ASD08820000_2,4M0Y,reject,fetch
ASD08820000_2,4M0Z,reject,fetch
ASD08820000_2,4M12,reject,fetch
ASD08820000_2,4M13,reject,fetch
ASD08820000_2,4M14,reject,fetch
ASD08820000_2,4M15,reject,fetch
ASD08840000_1,1T4G,reject,fetch
ASD08840000_1,2FPK,reject,fetch
ASD08840000_1,2FPL,reject,fetch
ASD08840000_1,2FPM,reject,fetch
ASD08840000_1,2GDJ,reject,fetch
ASD08840000_1,3FYH,reject,fetch
ASD08840000_1,3FYH,reject,fetch
ASD08840000_1,3NTU,reject,fetch
ASD08840000_2,3ETL,reject,fetch
ASD09090000_4,3DBA,reject,fetch
ASD09120000_1,3K8S,reject,fetch
ASD09200000_1,5EHP,reject,fetch
ASD09200000_1,5EHR,reject,fetch
ASD09200000_1,5XZR,reject,fetch
ASD09200000_1,6BMR,reject,fetch
ASD09200000_1,6BMU,reject,fetch
ASD09200000_1,6BMU,reject,fetch
ASD09200000_1,6BMV,reject,fetch
ASD09200000_1,6BMW,reject,fetch
ASD09200000_1,6BMW,reject,fetch
ASD09200000_1,6BMX,reject,fetch
ASD09200000_1,6BMY,reject,fetch
ASD09200000_1,6BMY,reject,fetch
ASD09200000_1,6BN5,reject,fetch
ASD09380000_1,5KW2,reject,fetch
ASD09380000_1,5TZR,reject,fetch
ASD09380000_1,5TZY,reject,fetch
ASD09420000_1,5ICN,reject,fetch
ASD09460000_1,4DN0,reject,fetch
ASD09460000_1,4ETZ,reject,fetch
ASD09460000_1,4EU0,reject,fetch
ASD09460000_1,4EUV,reject,fetch
ASD09490000_1,3SMQ,reject,fetch
ASD09490000_1,4HSG,reject,fetch
ASD09490000_1,4QQN,reject,fetch
ASD09490000_1,4RYL,reject,fetch
ASD09500000_1,3ATH,reject,fetch
ASD09690000_1,4BZB,reject,fetch
ASD09690000_1,4BZC,reject,fetch
ASD09690000_1,4MZ7,reject,fetch
ASD09690000_1,4QFX,reject,fetch
ASD09690000_1,4QFY,reject,fetch
ASD09690000_1,4QFZ,reject,fetch
ASD09690000_1,4QG0,reject,fetch
ASD09690000_1,4QG2,reject,fetch
ASD09690000_1,4QG4,reject,fetch
ASD09690000_1,4RXO,reject,fetch
ASD09690000_1,4RXP,reject,fetch
ASD09690000_1,4RXQ,reject,fetch
ASD09690000_1,4RXR,reject,fetch
ASD09690000_1,4RXS,reject,fetch
ASD09690000_1,4TNP,reject,fetch
ASD09690000_1,4TNQ,reject,fetch
ASD09690000_1,4TNR,reject,fetch
ASD09690000_1,4TNX,reject,fetch
ASD09690000_1,5AO0,reject,fetch
ASD09690000_1,5AO1,reject,fetch
ASD09690000_1,5AO2,reject,fetch
ASD09690000_1,5AO4,reject,fetch
ASD09790000_1,5NN4,reject,fetch
ASD09890000_1,5FTJ,reject,fetch
ASD09970000_1,2YPO,reject,fetch
ASD09970000_1,2YPO,reject,fetch
ASD09970000_1,3KGF,reject,fetch
ASD09970000_1,3KGF,reject,fetch
ASD09970000_1,3KGF,reject,fetch
ASD09970000_1,3NUD,reject,fetch
ASD09970000_1,3NUD,reject,fetch
ASD09970000_1,3NUD,reject,fetch
ASD09970000_1,3NUE,reject,fetch
ASD09970000_1,3NUE,reject,fetch
ASD09970000_1,3RZI,reject,fetch
ASD09970000_1,3RZI,reject,fetch
ASD09970000_1,5E7Z,reject,fetch
ASD09970000_1,5EX4,reject,fetch
ASD09970000_1,5EX4,reject,fetch
ASD09970000_1,5EX4,reject,fetch
ASD10010000_1,5LM4,reject,fetch
ASD10010000_1,5MJU,reject,fetch
ASD10090000_1,4H36,reject,fetch
ASD10090000_1,4H39,reject,fetch
ASD10090000_1,4H3B,reject,fetch
ASD10100000_1,1FXO,reject,fetch
ASD10100000_1,1G0R,reject,fetch
ASD10100000_1,1G1L,reject,fetch
ASD10100000_1,1G2V,reject,fetch
ASD10100000_1,1G3L,reject,fetch
ASD10100000_1,3ZLK,reject,fetch
ASD10100000_1,3ZLL,reject,fetch
ASD10100000_1,4ARW,reject,fetch
ASD10100000_1,4ASJ,reject,fetch
ASD10100000_1,4ASY,reject,fetch
ASD10100000_1,4B2W,reject,fetch
ASD10100000_1,4B2X,reject,fetch
ASD10100000_1,4B3U,reject,fetch
ASD10100000_1,4B42,reject,fetch
ASD10100000_1,4B4B,reject,fetch
ASD10100000_1,4B4G,reject,fetch
ASD10100000_1,4B4M,reject,fetch
ASD10100000_1,4B5B,reject,fetch
ASD10100000_1,5FTV,reject,fetch
ASD10100000_1,5FU0,reject,fetch
ASD10100000_1,5FU8,reject,fetch
ASD10100000_1,5FUH,reject,fetch
ASD10100000_2,1H5R,reject,fetch
ASD10100000_2,1H5S,reject,fetch
ASD10100000_3,1LVW,reject,fetch
ASD10100000_4,1MP3,reject,fetch
ASD10100000_5,4HO2,reject,fetch
ASD10100000_5,4HO3,reject,fetch
ASD10100000_5,4HO4,reject,fetch
ASD10100000_5,4HO5,reject,fetch
ASD10100000_5,4HO6,reject,fetch
ASD10100000_5,4HO8,reject,fetch
ASD10100000_5,4HO9,reject,fetch
ASD10250000_1,1Z2L,reject,fetch
ASD10290000_1,2POC,reject,fetch
ASD10290000_1,2PUT,reject,fetch
ASD10290000_1,2PUV,reject,fetch
ASD10420000_1,1BM7,reject,fetch
ASD10420000_1,1DVS,reject,fetch
ASD10420000_1,1DVT,reject,fetch
ASD10420000_1,1DVU,reject,fetch
ASD10420000_1,1DVX,reject,fetch
ASD10420000_1,1DVY,reject,fetch
ASD10420000_1,1DVZ,reject,fetch
ASD10420000_1,1E4H,reject,fetch
ASD10420000_1,1ETA,reject,fetch
ASD10420000_1,1ETB,reject,fetch
ASD10420000_1,1F86,reject,fetch
ASD10420000_1,1THA,reject,fetch
ASD10420000_1,1THC,reject,fetch
ASD10420000_1,1TLM,reject,fetch
ASD10420000_1,1TT6,reject,fetch
ASD10420000_1,1TYR,reject,fetch
ASD10420000_1,1U21,reject,fetch
ASD10420000_1,1Y1D,reject,fetch
ASD10420000_1,1Z7J,reject,fetch
ASD10420000_1,2B14,reject,fetch
ASD10420000_1,2B15,reject,fetch
ASD10420000_1,2B16,reject,fetch
ASD10420000_1,2B77,reject,fetch
ASD10420000_1,2B9A,reject,fetch
ASD10420000_1,2F7I,reject,fetch
ASD10420000_1,2F8I,reject,fetch
ASD10420000_1,2FBR,reject,fetch
ASD10420000_1,2FLM,reject,fetch
ASD10420000_1,2G5U,reject,fetch
ASD10420000_1,2G9K,reject,fetch
ASD10420000_1,2GAB,reject,fetch
ASD10420000_1,2QGC,reject,fetch
ASD10420000_1,2QGD,reject,fetch
ASD10420000_1,2QGE,reject,fetch
ASD10420000_1,2ROX,reject,fetch
ASD10420000_1,2ROY,reject,fetch
ASD10420000_1,3B56,reject,fetch
ASD10420000_1,3CFN,reject,fetch
ASD10420000_1,3CFQ,reject,fetch
ASD10420000_1,3CFT,reject,fetch
ASD10420000_1,3CN0,reject,fetch
ASD10420000_1,3CN1,reject,fetch
ASD10420000_1,3CN2,reject,fetch
ASD10420000_1,3CN3,reject,fetch
ASD10420000_1,3CN4,reject,fetch
ASD10420000_1,3D2T,reject,fetch
ASD10420000_1,3ESN,reject,fetch
ASD10420000_1,3ESO,reject,fetch
ASD10420000_1,3ESP,reject,fetch
ASD10420000_1,3FC8,reject,fetch
ASD10420000_1,3FCB,reject,fetch
ASD10420000_1,3GLZ,reject,fetch
ASD10420000_1,3GS0,reject,fetch
ASD10420000_1,3GS4,reject,fetch
ASD10420000_1,3GS7,reject,fetch
ASD10420000_1,3HJ0,reject,fetch
ASD10420000_1,3IMR,reject,fetch
ASD10420000_1,3IMS,reject,fetch
ASD10420000_1,3IMT,reject,fetch
ASD10420000_1,3IMU,reject,fetch
ASD10420000_1,3IMV,reject,fetch
ASD10420000_1,3IMW,reject,fetch
ASD10420000_1,3IPB,reject,fetch
ASD10420000_1,3KGT,reject,fetch
ASD10420000_1,3KGU,reject,fetch
ASD10420000_1,3M1O,reject,fetch
ASD10420000_1,3NEO,reject,fetch
ASD10420000_1,3NES,reject,fetch
ASD10420000_1,3NEX,reject,fetch
ASD10420000_1,3NG5,reject,fetch
ASD10420000_1,3NG5,reject,fetch
ASD10420000_1,3OZK,reject,fetch
ASD10420000_1,3OZL,reject,fetch
ASD10420000_1,3P3R,reject,fetch
ASD10420000_1,3P3S,reject,fetch
ASD10420000_1,3P3T,reject,fetch
ASD10420000_1,3P3U,reject,fetch
ASD10420000_1,3TCT,reject,fetch
ASD10420000_1,4ABQ,reject,fetch
ASD10420000_1,4ABU,reject,fetch
ASD10420000_1,4ABV,reject,fetch
ASD10420000_1,4ABW,reject,fetch
ASD10420000_1,4AC2,reject,fetch
ASD10420000_1,4AC4,reject,fetch
ASD10420000_1,4ACT,reject,fetch
ASD10420000_1,4DER,reject,fetch
ASD10420000_1,4DES,reject,fetch
ASD10420000_1,4DET,reject,fetch
ASD10420000_1,4DEU,reject,fetch
ASD10420000_1,4DEW,reject,fetch
ASD10420000_1,4FI6,reject,fetch
ASD10420000_1,4FI7,reject,fetch
ASD10420000_1,4FI8,reject,fetch
ASD10420000_1,4HIQ,reject,fetch
ASD10420000_1,4HIS,reject,fetch
ASD10420000_1,4HJS,reject,fetch
ASD10420000_1,4HJT,reject,fetch
ASD10420000_1,4HJU,reject,fetch
ASD10420000_1,4I85,reject,fetch
ASD10420000_1,4I87,reject,fetch
ASD10420000_1,4I89,reject,fetch
ASD10420000_1,4IIZ,reject,fetch
ASD10420000_1,4IK6,reject,fetch
ASD10420000_1,4IK7,reject,fetch
ASD10420000_1,4IKI,reject,fetch
ASD10420000_1,4IKJ,reject,fetch
ASD10420000_1,4IKK,reject,fetch
ASD10420000_1,4IKL,reject,fetch
ASD10420000_1,4KY2,reject,fetch
ASD10420000_1,4L1S,reject,fetch
ASD10420000_1,4L1T,reject,fetch
ASD10420000_1,4MAS,reject,fetch
ASD10420000_1,4N86,reject,fetch
ASD10420000_1,4N87,reject,fetch
ASD10420000_2,1IE4,reject,fetch
ASD10430000_1,3FUD,reject,fetch
ASD10470000_1,1FX2,reject,fetch
ASD10710000_1,4GVL,reject,fetch
ASD10710000_1,4GX0,reject,fetch
ASD10710000_1,4GX1,reject,fetch
ASD10710000_1,4GX2,reject,fetch
ASD10710000_1,4GX5,reject,fetch
ASD10860000_1,4H54,reject,fetch
ASD11000000_1,5EWJ,reject,fetch
ASD11000000_1,5EWL,reject,fetch
ASD11000000_1,5EWM,reject,fetch
ASD11000000_2,3JPY,reject,fetch
ASD11000000_2,3QEL,reject,fetch
ASD11000000_2,3QEM,reject,fetch
ASD11010000_1,4I1R,reject,fetch
ASD11510000_1,1IG5,reject,fetch
ASD11510000_1,1IGV,reject,fetch
ASD11510000_1,3ICB,reject,fetch
ASD11520000_1,1H9G,reject,fetch
ASD11540000_1,3ZM9,reject,fetch
ASD11580000_1,4X9E,reject,fetch
ASD11630000_1,1WD9,reject,fetch
ASD11630000_1,1WD9,reject,fetch
ASD11630000_1,1WDA,reject,fetch
ASD11630000_1,1WDA,reject,fetch
ASD11630000_1,2DEW,reject,fetch
ASD11630000_1,2DEW,reject,fetch
ASD11630000_1,2DEX,reject,fetch
ASD11630000_1,2DEX,reject,fetch
ASD11630000_1,2DEY,reject,fetch
ASD11630000_1,2DEY,reject,fetch
ASD11630000_1,2DW5,reject,fetch
ASD11630000_1,2DW5,reject,fetch
ASD11630000_1,3B1T,reject,fetch
ASD11630000_1,3B1T,reject,fetch
ASD11630000_1,3B1U,reject,fetch
ASD11630000_1,3B1U,reject,fetch
ASD11630000_1,4DKT,reject,fetch
ASD11630000_1,4DKT,reject,fetch
ASD11710000_1,4TPT,reject,fetch
ASD11760000_1,2CEV,reject,fetch
ASD11760000_1,3CEV,reject,fetch
ASD11760000_1,4CEV,reject,fetch
ASD11790000_1,3R6S,reject,fetch
ASD11890000_1,4FXY,reject,fetch
ASD11900000_1,4M1P,reject,fetch
ASD11920000_1,1BQM,reject,fetch
ASD11920000_1,1BQN,reject,fetch
ASD11920000_1,1EET,reject,fetch
ASD11920000_1,1HNI,reject,fetch
ASD11920000_1,1HNV,reject,fetch
ASD11920000_1,1HPZ,reject,fetch
ASD11920000_1,1HQU,reject,fetch
ASD11920000_1,1IKV,reject,fetch
ASD11920000_1,1IKW,reject,fetch
ASD11920000_1,1IKX,reject,fetch
ASD11920000_1,1IKY,reject,fetch
ASD11920000_1,1S6P,reject,fetch
ASD11920000_1,1S6Q,reject,fetch
ASD11920000_1,1S9E,reject,fetch
ASD11920000_1,1S9G,reject,fetch
ASD11920000_1,1SUQ,reject,fetch
ASD11920000_1,1SV5,reject,fetch
ASD11920000_1,1TV6,reject,fetch
ASD11920000_1,1TVR,reject,fetch
ASD11920000_1,1UWB,reject,fetch
ASD11920000_1,2B5J,reject,fetch
ASD11920000_1,2B6A,reject,fetch
ASD11920000_1,2BAN,reject,fetch
ASD11920000_1,2BE2,reject,fetch
ASD11920000_1,2IC3,reject,fetch
ASD11920000_1,2VG5,reject,fetch
ASD11920000_1,2VG6,reject,fetch
ASD11920000_1,2VG7,reject,fetch
ASD11920000_1,2YKM,reject,fetch
ASD11920000_1,2YKN,reject,fetch
ASD11920000_1,2ZD1,reject,fetch
ASD11920000_1,2ZE2,reject,fetch
ASD11920000_1,3BGR,reject,fetch
ASD11920000_1,3HVT,reject,fetch
ASD11920000_1,3IRX,reject,fetch
ASD11920000_1,3IS9,reject,fetch
ASD11920000_1,3KF0,reject,fetch
ASD11920000_1,3KFN,reject,fetch
ASD11920000_1,3KFR,reject,fetch
ASD11920000_1,3KFS,reject,fetch
ASD11920000_1,3QLH,reject,fetch
ASD11920000_1,3QO9,reject,fetch
ASD11920000_1,3V81,reject,fetch
ASD11920000_1,4EJ8,reject,fetch
ASD11920000_1,4EJD,reject,fetch
ASD11920000_1,4EJK,reject,fetch
ASD11920000_1,4EJL,reject,fetch
ASD11920000_1,4G1Q,reject,fetch
ASD11920000_1,4H4M,reject,fetch
ASD11920000_1,4H4O,reject,fetch
ASD11920000_1,4I2P,reject,fetch
ASD11920000_1,4I2Q,reject,fetch
ASD11920000_1,4ICL,reject,fetch
ASD11920000_1,4ID5,reject,fetch
ASD11920000_1,4IDK,reject,fetch
ASD11920000_1,4IFY,reject,fetch
ASD11920000_1,4IG3,reject,fetch
ASD11920000_1,4IG3,reject,fetch
ASD11920000_1,4K4Q,reject,fetch
ASD11920000_1,4K4R,reject,fetch
ASD11920000_1,4KFB,reject,fetch
ASD11920000_1,4KFB,reject,fetch
ASD11920000_1,4KKO,reject,fetch
ASD11920000_1,4KO0,reject,fetch
ASD11920000_1,4LSL,reject,fetch
ASD11920000_1,4LSN,reject,fetch
ASD11920000_1,4MFB,reject,fetch
ASD11920000_1,4NYF,reject,fetch
ASD11920000_1,4O44,reject,fetch
ASD11920000_1,4OJR,reject,fetch
ASD11920000_1,4PUO,reject,fetch
ASD11920000_1,4PWD,reject,fetch
ASD11920000_1,4Q0B,reject,fetch
ASD11930000_1,4OHF,reject,fetch
ASD11940000_1,4CLL,reject,fetch
ASD11940000_1,4CLP,reject,fetch
ASD11940000_1,4CLW,reject,fetch
ASD11940000_1,4CLY,reject,fetch
ASD11940000_1,4CLZ,reject,fetch
ASD11940000_1,4CM2,reject,fetch
ASD11940000_1,4OYA,reject,fetch
ASD11940000_1,4OYB,reject,fetch
ASD11940000_1,4OYI,reject,fetch
ASD11940000_1,4OYM,reject,fetch
ASD11940000_1,4OYO,reject,fetch
ASD11940000_1,4OYP,reject,fetch
ASD11940000_1,4OYZ,reject,fetch
ASD11940000_1,4OZ2,reject,fetch
ASD11940000_1,4OZ3,reject,fetch
ASD11940000_1,4USW,reject,fetch
ASD11940000_1,5D0R,reject,fetch
ASD11940000_1,5IV3,reject,fetch
ASD11940000_1,5IV4,reject,fetch
ASD11960000_1,4Q9M,reject,fetch
ASD11960000_1,4Q9O,reject,fetch
ASD11990000_1,3QAK,reject,fetch
ASD11990000_1,4OO9,reject,fetch
ASD11990000_1,4PHU,reject,fetch
ASD11990000_1,5NDD,reject,fetch
ASD11990000_1,5NDZ,reject,fetch
ASD12070000_1,1VM1,reject,fetch
ASD12080000_1,2O8B,reject,fetch
ASD12080000_1,2O8C,reject,fetch
ASD12080000_1,2O8D,reject,fetch
ASD12080000_1,2O8E,reject,fetch
ASD12080000_1,2O8F,reject,fetch
ASD12110000_1,1LTH,reject,R0_overlap
ASD12130000_1,4P2T,reject,fetch
ASD12140000_1,3NJQ,reject,fetch
ASD12150000_1,1AQM,reject,fetch
ASD12150000_1,1JD7,reject,fetch
ASD12150000_1,1L0P,reject,fetch
ASD12150000_2,1JAE,reject,fetch
ASD12150000_2,1VIW,reject,fetch
ASD12200000_1,3HO6,reject,fetch
ASD12210000_1,4N9I,reject,fetch
ASD12220000_1,2RDE,reject,fetch
ASD12230000_1,1QP0,reject,fetch
ASD12240000_1,1MHO,reject,fetch
ASD12260000_1,4BXC,reject,fetch
ASD12260000_1,4BXH,reject,fetch
ASD12280000_1,1JL0,reject,fetch
ASD12310000_1,1FAP,reject,fetch
ASD12310000_1,1NSG,reject,fetch
ASD12310000_1,2FAP,reject,fetch
ASD12310000_1,3FAP,reject,fetch
ASD12310000_1,4FAP,reject,fetch
ASD12340000_1,3C31,reject,fetch
ASD12340000_1,3C31,reject,fetch
ASD12340000_1,3C32,reject,fetch
ASD12340000_1,3C32,reject,fetch
ASD12340000_1,3C33,reject,fetch
ASD12340000_1,3C33,reject,fetch
ASD12340000_1,3C34,reject,fetch
ASD12340000_1,3C34,reject,fetch
ASD12340000_1,3C35,reject,fetch
ASD12340000_1,3C35,reject,fetch
ASD12340000_1,3C36,reject,fetch
ASD12340000_1,3C36,reject,fetch
ASD12340000_1,5MFQ,reject,fetch
ASD12340000_1,5MFV,reject,fetch
ASD12340000_1,5MFW,reject,fetch
ASD12360000_1,4QPL,reject,fetch
ASD12370000_1,3PNA,reject,fetch
ASD12490000_1,4MHD,reject,fetch
ASD12490000_1,4MI4,reject,fetch
ASD12490000_1,4R87,reject,fetch
ASD12630000_1,4ZSG,reject,fetch
ASD12630000_1,4ZSJ,reject,fetch
ASD12630000_1,4ZSL,reject,fetch
ASD13000000_1,4TME,reject,fetch
ASD13020000_1,4YW8,reject,fetch
ASD13030000_1,5DED,reject,fetch
ASD13040000_1,4UMX,reject,fetch
ASD13040000_1,5DE1,reject,fetch
ASD13040000_1,5K11,reject,fetch
ASD13040000_1,5L57,reject,fetch
ASD13040000_1,5L58,reject,fetch
ASD13040000_1,5LGE,reject,fetch
ASD13040000_1,5SUN,reject,fetch
ASD13040000_1,5SVF,reject,fetch
ASD13040000_1,5TQH,reject,fetch
ASD13040000_1,6B0Z,reject,fetch
ASD13040000_1,6BKY,reject,fetch
ASD13040000_1,6BKZ,reject,fetch
ASD13050000_1,4Z87,reject,fetch
ASD13050000_1,4Z87,reject,fetch
ASD13050000_1,4Z87,reject,fetch
ASD13050000_1,5MCP,reject,fetch
ASD13050000_1,5MCP,reject,fetch
ASD13050000_1,5TC3,reject,fetch
ASD13050000_1,5TC3,reject,fetch
ASD13050000_1,5TC3,reject,fetch
ASD13070000_1,5FPT,reject,fetch
ASD13070000_1,5FPY,reject,fetch
ASD13080000_1,5E84,reject,fetch
ASD13100000_1,4COJ,reject,fetch
ASD13140000_1,5TKD,reject,fetch
ASD13160000_1,5KKN,reject,fetch
ASD13220000_1,5KLP,reject,fetch
ASD13220000_1,5KLQ,reject,fetch
ASD13620000_1,5VDH,reject,fetch
ASD13620000_1,5VDI,reject,fetch
ASD13680000_2,4R5P,reject,fetch
ASD13680000_2,4RW4,reject,fetch
ASD13680000_2,4RW6,reject,fetch
ASD13680000_2,4RW7,reject,fetch
ASD13680000_2,4RW8,reject,fetch
ASD13680000_2,4RW9,reject,fetch
ASD13680000_2,5OI2,reject,fetch
ASD13680000_2,5OI5,reject,fetch
ASD13680000_2,5OI8,reject,fetch
ASD13680000_2,5OIA,reject,fetch
ASD13730000_1,5YVE,reject,fetch
ASD14120000_1,5ET6,reject,fetch
ASD14120000_1,5ET8,reject,fetch
ASD14170000_1,4WI1,reject,fetch
ASD14170000_1,5IFU,reject,fetch
ASD14190000_1,4KGA,reject,fetch
ASD14300000_1,5KDE,reject,fetch
ASD14300000_1,5KDF,reject,fetch
ASD14350000_1,5TF9,reject,fetch
ASD14350000_1,5WDY,reject,fetch
ASD14350000_1,5WE8,reject,fetch
ASD14460000_1,5Y2F,reject,fetch
ASD14570000_1,5UGH,reject,fetch
ASD14580000_1,5KWI,reject,fetch
ASD14580000_1,5KWJ,reject,fetch
ASD14880000_1,5LU8,reject,fetch
ASD14880000_1,5LU9,reject,fetch
ASD14880000_1,5LUA,reject,fetch
ASD14880000_1,5LUB,reject,fetch
ASD15100000_1,5URJ,reject,fetch
ASD15100000_1,5URK,reject,fetch
ASD15110000_1,5JWC,reject,fetch
ASD15110000_1,5JWC,reject,fetch
ASD15130000_1,5XE9,reject,fetch
ASD15140000_1,5GUG,reject,fetch
ASD15140000_1,5XA1,reject,fetch
ASD15160000_1,5W3T,reject,fetch
ASD15160000_1,5W3X,reject,fetch
ASD15160000_1,5W3Y,reject,fetch
ASD15160000_1,5W40,reject,fetch
ASD15170000_1,5UR3,reject,fetch
ASD15170000_1,5UTE,reject,fetch
ASD15170000_1,5UTN,reject,fetch
ASD15170000_1,5UV3,reject,fetch
ASD15170000_1,5UVP,reject,fetch
ASD15170000_1,5V5D,reject,fetch
ASD15170000_1,5V5E,reject,fetch
ASD15180000_1,5UT4,reject,fetch
ASD15180000_1,5UT5,reject,fetch
ASD15180000_1,5UT6,reject,fetch
ASD15190000_1,5UE5,reject,fetch
ASD15230000_1,5KLG,reject,fetch
ASD15230000_1,5KLS,reject,fetch
ASD15230000_1,5KMD,reject,fetch
ASD15230000_1,5KMF,reject,fetch
ASD15240000_1,3X1M,reject,fetch
ASD15240000_1,4RUK,reject,fetch
ASD15250000_1,4OFG,reject,fetch
ASD15260000_1,5AA4,reject,fetch
ASD15270000_1,5CRL,reject,fetch
ASD15510000_1,5O2D,reject,fetch
ASD15530000_1,5H08,reject,fetch
ASD15680000_1,5FM2,reject,fetch
ASD15680000_1,5FM3,reject,fetch
ASD15970000_1,4RT7,reject,fetch
ASD15990000_1,6B21,reject,fetch
ASD16240000_1,4REW,reject,fetch
ASD16330000_1,5T3O,reject,fetch
ASD16340000_1,5NQB,reject,fetch
ASD16340000_1,5NQQ,reject,fetch
ASD16350000_1,5NPK,reject,fetch
ASD16350000_1,5NPP,reject,fetch
ASD16360000_1,5NGZ,reject,fetch
ASD16370000_1,5N69,reject,fetch
ASD16420000_1,5GRE,reject,fetch
ASD16420000_1,5GRF,reject,fetch
ASD16420000_1,5GRI,reject,fetch
ASD16420000_1,5YVT,reject,fetch
ASD16430000_1,5I3P,reject,fetch
ASD16430000_1,5I3Q,reject,fetch
ASD16430000_1,5JJR,reject,fetch
ASD16430000_1,5JJS,reject,fetch
ASD16440000_1,5K5M,reject,fetch
ASD16500000_1,5NZK,reject,fetch
ASD16500000_1,5NZL,reject,fetch
ASD16500000_1,5NZM,reject,fetch
ASD16530000_1,5M05,reject,fetch
ASD16530000_1,5T45,reject,fetch
ASD16560000_1,5IN4,reject,fetch
ASD16570000_1,5LVX,reject,fetch
ASD16590000_1,5M0E,reject,fetch
ASD16590000_1,5M0M,reject,fetch
ASD16590000_1,5M0S,reject,fetch
ASD16600000_1,5Y66,reject,fetch
ASD16610000_1,5VAR,reject,fetch
ASD16620000_1,5L6S,reject,fetch
ASD16620000_1,5L6V,reject,fetch
ASD16630000_1,5WSB,reject,fetch
ASD16630000_1,5WSB,reject,fetch
ASD16640000_1,5OFU,reject,fetch
ASD16660000_1,6BPL,reject,fetch
ASD16660000_1,6BPP,reject,fetch
ASD16680000_1,4CYD,reject,fetch
ASD16700000_1,6CGL,reject,fetch
ASD16700000_1,6CGN,reject,fetch
ASD16710000_1,5OLK,reject,fetch
ASD16740000_1,4KS0,reject,fetch
ASD16760000_1,6H8R,reject,fetch
ASD16770000_1,6H8S,reject,fetch
ASD16780000_1,6CZM,reject,fetch
ASD16820000_1,5J6F,reject,fetch
ASD16850000_1,5UXM,reject,fetch
ASD16860000_1,5HUD,reject,fetch
ASD16860000_1,5HUE,reject,fetch
ASD16880000_1,4P9D,reject,fetch
ASD16900000_1,3ZL6,reject,fetch
ASD16920000_1,6IIK,reject,fetch
ASD16930000_1,5IM3,reject,fetch
ASD16940000_1,5T3N,reject,fetch
ASD16940000_1,5T3N,reject,fetch
ASD17000000_1,5X33,reject,fetch
ASD17020000_1,3WGG,reject,fetch
ASD17030000_1,5IRZ,reject,fetch
ASD17040000_1,4C8B,reject,fetch
ASD17050000_1,3JAF,reject,fetch
ASD17060000_1,5UHV,reject,fetch
ASD17070000_1,5IKP,reject,fetch
ASD17080000_1,4W8F,reject,fetch
ASD17100000_1,4Z07,reject,fetch
ASD17110000_1,5X9U,reject,fetch
ASD17120000_1,5OGC,reject,fetch
ASD17130000_1,6D7O,reject,fetch
ASD17140000_1,5IOV,reject,fetch
ASD17140000_1,5TPW,reject,fetch
ASD17150000_1,6BRH,reject,fetch
ASD17150000_1,6BRK,reject,fetch
ASD17160000_1,5U1U,reject,fetch
ASD17160000_1,5U1V,reject,fetch
ASD17160000_1,5U1W,reject,fetch
ASD17160000_1,5U1X,reject,fetch
ASD17160000_1,5U1Y,reject,fetch
ASD17160000_1,5U2H,reject,fetch
ASD17170000_1,6BBP,reject,fetch
ASD17170000_1,6BBQ,reject,fetch
ASD17180000_1,4PLE,reject,fetch
ASD17220000_1,4WLW,reject,fetch
ASD17240000_1,4YPL,reject,fetch
ASD17290000_1,5HTB,reject,fetch
ASD17290000_1,5HTC,reject,fetch
ASD17300000_1,5IXE,reject,fetch
ASD17330000_1,5N70,reject,fetch
ASD17350000_1,5O1S,reject,fetch
ASD17370000_1,5Z45,reject,fetch
ASD17370000_1,5Z46,reject,fetch
ASD17380000_1,6BHV,reject,fetch
ASD17400000_1,4OV4,reject,fetch
ASD17400000_1,4OV9,reject,fetch
ASD17420000_1,5BQ1,reject,fetch
