section,training_idx,testing_idx,training_gesture,testing_gesture,n_samples,channels,nonzero,sha256_emg
trainingSamples,idx_1,idx_14,noGesture,noGesture,994,8,True,5b36807e5ddf863f902b0a18eebef1be102d6ab995f923d5ef5eaffd2157fe4c
trainingSamples,idx_3,idx_8,noGesture,noGesture,1000,8,True,38b8ef5fd49fa4f6700e4e45af57062c40a24de3127b05de6b57398683c0ae57
trainingSamples,idx_4,idx_16,noGesture,noGesture,996,8,True,edd1693665f269b8b863460bc848b2b9f956942683c57424f4a6438c934d73cd
trainingSamples,idx_5,idx_23,noGesture,noGesture,992,8,True,da964c308c95a270823802ed2dd0ac449ce84d4a1c5a13815543d9ed61b01417
trainingSamples,idx_7,idx_12,noGesture,noGesture,992,8,True,36382e943052abe149713f0cddc49a10d5f725e7927faf9b33cf96cbf2f7fcc6
trainingSamples,idx_12,idx_5,noGesture,noGesture,998,8,True,f6cc02dc0a18b4138868bc805db3b01bd4785a732a25af43f9d79014124dddef
trainingSamples,idx_17,idx_10,noGesture,noGesture,996,8,True,ae7135840a7fc9a95616c00013eccf8aca4460c52168210c12c7cca95512af2e
trainingSamples,idx_20,idx_19,noGesture,noGesture,992,8,True,a3a6955e560b5d0a77c177cf39cecc4554dc70d659cf91b5554f4b6dc2540bcc
trainingSamples,idx_21,idx_4,noGesture,noGesture,992,8,True,86c9a8525d8bcc309463621de1048b013657dd61b863bcfdcb49565e1585515c
trainingSamples,idx_22,idx_13,noGesture,noGesture,994,8,True,4dfc63d57c223e7ee3c3a848bec7123978b4e22c896a8b873047fa2f8653e298
trainingSamples,idx_23,idx_25,noGesture,noGesture,998,8,True,51660954c3e03eb973c0c9154ca6b8c9449f652480584b4a47c62bfed4684a30
trainingSamples,idx_24,idx_7,noGesture,noGesture,1000,8,True,165fe9cd4dd79ecc5db8f6992ee6cf948f8e7bbaaca8472ae9f6fb57a5bef6f3
trainingSamples,idx_25,idx_20,noGesture,noGesture,996,8,True,77c265f4faced0fa371682be52a1706b4a51d94df7c01d5867acf57a54640ee4
trainingSamples,idx_26,idx_29,waveOut,waveOut,992,8,True,25ddc104b382f119c0bf2e8f84f8a190f0206fb018e3b1c3e842c1430f83bcc2
trainingSamples,idx_27,idx_37,waveOut,waveOut,994,8,True,ad59c600155823344872cd2bca913376a32ac18bc47ad1e56053dc1ae6f1884d
trainingSamples,idx_28,idx_38,waveOut,waveOut,996,8,True,0bce0168b90380a7ed0027d80eb4b393da78bc69da72744f83bda858b9f16ea2
trainingSamples,idx_29,idx_42,waveOut,waveOut,992,8,True,7f5e441f491acb34e08558feaa16a49764bd54b49b4e8a4bbcbe2f2ae3023c94
trainingSamples,idx_31,idx_45,waveOut,waveOut,996,8,True,c984a665d2321ed0a378a15277178cc93b99d64f43a4c39f04173a2f2f2ea0bb
trainingSamples,idx_33,idx_47,waveOut,waveOut,994,8,True,9b97e7416d3d712b284d6e299d0b77ce46192f32e5590745c0d9eed9bdcd7705
trainingSamples,idx_34,idx_36,waveOut,waveOut,992,8,True,64c7754ba4a4a22aeffa63f1052f54719883e3a49e6e9dc1cee7b12eafb8f498
trainingSamples,idx_35,idx_33,waveOut,waveOut,996,8,True,3810a6da1a52c7b06aff96563ab8de5ebdf55c0b33c010e3bec71e43836ce61a
trainingSamples,idx_37,idx_32,waveOut,waveOut,992,8,True,b7090d10d949cd5bbb85c3070cce5cf9c33ad1aa59478eb1972dd4432bca66fd
trainingSamples,idx_38,idx_35,waveOut,waveOut,998,8,True,f3a0ad6f0134b7d07ebca83ebabd391636be1540b702210a74982580095d7410
trainingSamples,idx_39,idx_30,waveOut,waveOut,1000,8,True,fd174883d46536f1dd077d3667634a229f523e97b04f85df9a423eb1bea22844
trainingSamples,idx_40,idx_41,waveOut,waveOut,992,8,True,e1f5252b2ca76d493c5ba438f840a157afb5853ecbff33793b8491bb078688ef
trainingSamples,idx_42,idx_34,waveOut,waveOut,992,8,True,494311bb2c74145d87abf0911731b04a0812211c67db2bd287580cc11907b35b
trainingSamples,idx_43,idx_28,waveOut,waveOut,996,8,True,25026ae71e6ed99b849afbc3b003cd0e2888eef7e42e4591d0ccafd31e02bf74
trainingSamples,idx_48,idx_43,waveOut,waveOut,996,8,True,7bbf14078158b2c06e050fdd895350ff35b6097c1832dc29b0493cee80b13784
trainingSamples,idx_53,idx_67,pinch,pinch,994,8,True,cf77c72ce000b61962b2c738785343fe03cabd6d94890cd2d4eda8f5fbadb5ce
trainingSamples,idx_56,idx_75,pinch,pinch,1000,8,True,4808b8550e5aaa5cf81008fc298c0547e59835951f404595ce0d47b353782ae2
trainingSamples,idx_59,idx_66,pinch,pinch,996,8,True,ade8f136d54fe5f29cd00e0458b0f5c1bb00381ec3b158fcc1cdae95f0fad0fd
trainingSamples,idx_60,idx_52,pinch,pinch,992,8,True,9b7ae564fe109b32e1307725e5f3bcf1ad1d11326d1fe880d9bb0279017bd12a
trainingSamples,idx_61,idx_74,pinch,pinch,992,8,True,c9ab76d6eaf617c5619cdbf721d08b1663898d582a75592d79fcf3bc5586fecb
trainingSamples,idx_62,idx_68,pinch,pinch,994,8,True,ad8d4c89428fab653e426096e7a2bb2ab952284555cb255f1aeacc66eea0374a
trainingSamples,idx_66,idx_51,pinch,pinch,998,8,True,63a3c2863ddabe08f91e5fa528b3eb451755da815bc0ddfeb79ba9406a29dfd7
trainingSamples,idx_69,idx_69,pinch,pinch,992,8,True,0e83072067939fab4a991aefc322b13b2091f01ba0f39c695ea998e5d3f09735
trainingSamples,idx_72,idx_56,pinch,pinch,992,8,True,3737a8b2950673488cf801af679ad9e46aad2bfe57f8adaf19af8979dee534d9
trainingSamples,idx_75,idx_59,pinch,pinch,992,8,True,35d5e4e3f8b0fe3219724639e9531cf1e1994cba6655b68be464d26ff6a54b24
trainingSamples,idx_76,idx_94,open,open,996,8,True,a9482df95212c322871c5a5077a388406719e9f2067698d122df7420c2dee2b1
trainingSamples,idx_80,idx_92,open,open,996,8,True,1f17112112378bc6ad60fcb5d39cd3a41b95db054af8e324e86471aa42edbfa3
trainingSamples,idx_82,idx_81,open,open,998,8,True,730d40fd20e76f1eee59eb13e309170eb81ab505653953492ed3b94e5155e37b
trainingSamples,idx_83,idx_93,open,open,994,8,True,e95cece4d67cd472c6e06861fbfb624bb20efa469be83e75fa7ec1f0e007d5e2
trainingSamples,idx_85,idx_95,open,open,996,8,True,15015585841f5f0d2cb4fa93982c2d311e9056e47c414fe359740a0b1c07d5a3
trainingSamples,idx_87,idx_90,open,open,996,8,True,bdc1adf291066867a66c7fe3604e68f7c7d68f622138762ea343c3df519d438e
trainingSamples,idx_88,idx_91,open,open,996,8,True,e79a36e02926fe020679b243810693f8e78a8e697f38f14d3ef96c0026cb6fb9
trainingSamples,idx_90,idx_78,open,open,1000,8,True,2ae509f0a4f6f161a2c020e54bc491fbf6aaf12865a1120a23aa4b3219bbb4be
trainingSamples,idx_91,idx_76,open,open,996,8,True,fb31fc60d0f1fcdd16a6523e381eb52a45d05a5c0b9eeabd8fb7b0c04108b519
trainingSamples,idx_92,idx_83,open,open,992,8,True,696b06145f48815a15efc43adfa5977fc195550bfbde8695de7b33576ac85687
trainingSamples,idx_93,idx_88,open,open,996,8,True,6bf8fe0c4524675b610c89b3041866f4823971d33435c573631b7105a4faa0b3
trainingSamples,idx_95,idx_82,open,open,996,8,True,3f8957fb4c032f4fab0170d9d097bc1e9ad429c2d0b2bf4613a5484e50780c9b
trainingSamples,idx_96,idx_77,open,open,996,8,True,53e2aaf6b0e1ef58ed3619288e3401823f377bd8606b89f372d78170256071d8
trainingSamples,idx_97,idx_98,open,open,996,8,True,fc5f24fa96e2ed27b4ab8a816aa18e210ba58f66892256a0270973aab83fa67b
trainingSamples,idx_98,idx_99,open,open,994,8,True,56316634e21f125d1a5aae7579dea1b7b05750d8c7fa4653b6587664d772b176
trainingSamples,idx_99,idx_79,open,open,998,8,True,81671cf1950089d047a66125305b272b8369b9832de9499004baafa99c2d2f8c
trainingSamples,idx_100,idx_84,open,open,996,8,True,b3eb1795efd5a17125cca609da550d383da2cc3a6928ebe5dc5e61efc5d102f5
trainingSamples,idx_101,idx_101,fist,fist,992,8,True,4e96ac2b65264035bc895799f38f152a21d1ce8baf519a2f7e492149312fe01f
trainingSamples,idx_104,idx_102,fist,fist,996,8,True,b274dae9f95f5dc731d64a715332ad900e443ffe0f3473751eb0d4deed13b301
trainingSamples,idx_108,idx_109,fist,fist,992,8,True,0664285d752f356d42673eac10c8156213c8fe227c92dcfe30cb35dbb66bb49c
trainingSamples,idx_110,idx_113,fist,fist,996,8,True,336c8ceaece3d080930f26d68b3b6eecce8a43d0a9bd8179b01cc1c7d9b24fad
trainingSamples,idx_112,idx_121,fist,fist,996,8,True,2a2d5b8586fe44815415892324674292b1ea15b254e7ab18ced3e1adc5910023
trainingSamples,idx_120,idx_106,fist,fist,996,8,True,144bb2089cd620d629b4442a187c8df4cc773ff7d105e897859999d83b0b0216
trainingSamples,idx_122,idx_118,fist,fist,994,8,True,6318b70c9c6ffcc859d0e4589cbc954e6a8a4be200b91384459c341ae854c696
trainingSamples,idx_123,idx_114,fist,fist,998,8,True,24697e60e7fb435b07dc2c386be2292658d713ed662070d34d093ad315dc97cb
trainingSamples,idx_124,idx_122,fist,fist,1000,8,True,7afc9115204170cd9588641a4c6955e7d9857ba53767c0f2acf86003e15dacff
trainingSamples,idx_125,idx_110,fist,fist,992,8,True,d81095c717ec5b81b8ac7a2c21446cdd3ff3e031c01bcac0b60d281fcc437971
trainingSamples,idx_127,idx_148,waveIn,waveIn,998,8,True,bdb7015c6d63f826567e4d050a96a62fe1fc2ef479e3c36bfa352b0984267380
trainingSamples,idx_128,idx_144,waveIn,waveIn,996,8,True,5d20cefb12d1b94311f50eb38c740fd2df2f2fdac81fc4e8296b0a91e8eac594
trainingSamples,idx_130,idx_136,waveIn,waveIn,996,8,True,23f945283d08ee98796d8ea659330b58d4ea6b47ccd7e5e0c746103b757f8b63
trainingSamples,idx_132,idx_149,waveIn,waveIn,998,8,True,ff0259055edeaa00dcdf6f5a05e0d5d6bd3aa427b69166c3aa5d0076f40b6ae3
trainingSamples,idx_133,idx_140,waveIn,waveIn,992,8,True,96b6cd17c806869fbd9b9828c44924cdc97f712631a7c4fb07614617fae1a39e
trainingSamples,idx_134,idx_130,waveIn,waveIn,992,8,True,9ee7adf2067fc136e76c6c4e8a54bd5cc37fc412cd72e9dec115537d7f85e354
trainingSamples,idx_136,idx_143,waveIn,waveIn,998,8,True,2695bc3cfcd9ee7c8eb0de55d5531e0c19ad43078233a75774df2082f9afc5b3
trainingSamples,idx_138,idx_131,waveIn,waveIn,996,8,True,783d45a06b0dba9244e280923b360751d348ca63ad2b91286f14d5cac026979b
trainingSamples,idx_141,idx_146,waveIn,waveIn,996,8,True,8826dc110a25ebc4d2b1645af8968535cde3969c879fbe7abb71273f9072fe81
trainingSamples,idx_142,idx_133,waveIn,waveIn,996,8,True,4edc2916a94e3ce0875cdb6671af1791615a84b4d3a411b86edf21dab75e418c
trainingSamples,idx_143,idx_139,waveIn,waveIn,1000,8,True,ae2bd4aadf6d00f144c51ab885a3844f1bbdb42f0b656705958cb2c95d9c7d99
trainingSamples,idx_144,idx_137,waveIn,waveIn,992,8,True,668c8ac898aa21466526cc18af906d41c1f2fdbf4f277ce5034c33f1d0a959c6
trainingSamples,idx_145,idx_126,waveIn,waveIn,996,8,True,996b4d38268e078387f4665c0935eb0eb4463668e1b742e97c17785c1ebb5829
trainingSamples,idx_148,idx_132,waveIn,waveIn,994,8,True,b8c9ea89e67587a9059fdb14195864e186aab293247ac989c0919b4729d99846
trainingSamples,idx_150,idx_135,waveIn,waveIn,998,8,True,6c62ac48e2cdaeee5b939570c285fcfa376b3ca38f249add2d3c390ea74242bd
testingSamples,idx_1,idx_6,noGesture,,994,8,True,3da4f67ca5a167c83c30c18693194d7e57adbca7ec62cf7414ae90fc5935e509
testingSamples,idx_2,idx_145,noGesture,,994,8,True,e7275d9ce492bc2da948f5fd60bc3cd2c1be0f5bdc14c16abbf8433172795a5e
testingSamples,idx_4,idx_71,noGesture,,996,8,True,a9416977284f9f9827c5c1f248ba38d5caf941c4ef38a6354469777abf0e6638
testingSamples,idx_7,idx_60,noGesture,,996,8,True,7fc2504ff06bb29196cc30782cc9bcf362dd6d5cc93596822fa42ffb75b5967e
testingSamples,idx_8,idx_86,noGesture,,996,8,True,62414774e87ded59a60d1f2bcca861c2a9c71838e23f433d0e0a11d814e8b588
testingSamples,idx_9,idx_41,noGesture,,990,8,True,bfb3a3397c4f41fd048086226ca48f00592c3455269844ce138d06b97e9129dc
testingSamples,idx_11,idx_102,noGesture,,996,8,True,b8a7c224ce37fbf5a13a9a21dd8c45fbdb79b7d65d69b2fb95117a8cd347ae74
testingSamples,idx_12,idx_81,noGesture,,992,8,True,acaa2ef33871753098cffe114ea2eccdccefc3417c72c26915c018620b9cba69
testingSamples,idx_14,idx_8,noGesture,,996,8,True,fbd1c439a875c5b79f5d2d4983168696c1703f37bec6d55567590e148b03d319
testingSamples,idx_18,idx_115,noGesture,,1014,8,True,850ba0fbafadead2b23d8d2f9a10d0140d7db731939786b2b226012309aa7db8
testingSamples,idx_21,idx_37,noGesture,,992,8,True,8e6092c62d05bb62961bdcf4aa37cbac25527aba90b1f87d08f55e2be4918147
testingSamples,idx_24,idx_108,noGesture,,992,8,True,329a689fc5e69e3de283c052970df2d4cffbab1afb6712b84371787ab4f832e9
testingSamples,idx_25,idx_17,noGesture,,996,8,True,67c2cda250170e9712a6816d569d9135f0b6b6bbbf729558077825afb605a669
testingSamples,idx_26,idx_133,waveOut,,992,8,True,242eeccf4ef6b42e27affb1d79dc47943e27fce1a261f7697661c2a8f97f0495
testingSamples,idx_27,idx_28,waveOut,,994,8,True,61aec87d2362c3a8be98a2954a46a73b5bbfcdfa4738e0947a7d221bdb930334
testingSamples,idx_28,idx_147,waveOut,,992,8,True,2168063fa9f381abc686b1f71eb38c92021265ba2f83d83d823530fcbcb405d9
testingSamples,idx_29,idx_144,waveOut,,996,8,True,5c12aa3828f9b74f5f020457f9db282faa8585d0fbaa81803f9f795679d666e9
testingSamples,idx_30,idx_98,waveOut,,992,8,True,2cc5e420ff5f95dfb0bd14a99e01c8168c8d916d8d985413ac04be00642496aa
testingSamples,idx_32,idx_109,waveOut,,996,8,True,91de3422b6d06b652b5b1994b9f6dbe0ce2666fa351bdcafd3c0ee7fe54abfd3
testingSamples,idx_33,idx_1,waveOut,,1000,8,True,cf291eee5c0d21d51d14a26b9dd4a0cd17c8f44de6e39cc7c6dd134aeb25d52a
testingSamples,idx_34,idx_114,waveOut,,998,8,True,0ee302edeb3f7f68fa3d24cd13776d270ea9cebfebd7552200eb26af511231e3
testingSamples,idx_38,idx_96,waveOut,,992,8,True,ff1b6d54dd3965afee9880cacbf06aa1d67160eb13e9ca9aac43fe04be6e4874
testingSamples,idx_40,idx_26,waveOut,,994,8,True,d52e6534ba1041b3e23f931f2d53bb14b959522edf2714364b0a18d65e9eabd3
testingSamples,idx_41,idx_116,waveOut,,996,8,True,58a61d947017b21680d92312283f508a19d4763e21fd605478fc7f45f9330331
testingSamples,idx_43,idx_48,waveOut,,1000,8,True,d0a5d2c887c3e1676b0d657634677e3a5ef69aef62ac67f280377e6e079bd327
testingSamples,idx_45,idx_53,waveOut,,996,8,True,1f55c4f54fbcfb68062469233f9b3ef6657355bc3ac0ea9efc956f0c59c375f0
testingSamples,idx_48,idx_89,waveOut,,994,8,True,819d237a013c6bb5c5793e81192e2d6cf9d9a8e4e00ef41d9477c94d062ad6d6
testingSamples,idx_49,idx_124,waveOut,,996,8,True,09e5ff7457f2b0da2ec69e32e6d59edfefff43fbb3e722bef000ba83faa61771
testingSamples,idx_52,idx_2,pinch,,996,8,True,43fc065a3df699b8c8e75ab1a33281a92e74989778095daa1c86387cf79c823e
testingSamples,idx_55,idx_11,pinch,,996,8,True,98675c6ce1f02067922b779e1daecbcba27910f68a3073650ebbf80c44edc4f1
testingSamples,idx_59,idx_39,pinch,,1000,8,True,e57695180e0bf4bf7b9624209e13ca05dd55dbc5bbdbe31584e9e684d07b8795
testingSamples,idx_62,idx_107,pinch,,996,8,True,c5fea42eb3380853bc1c3b0a6a10d1ccad9523209fd9f281ea22ba8d303957e5
testingSamples,idx_66,idx_73,pinch,,996,8,True,6924d59bbca8bf20e37a24ace8380a1a360302469439a6342007150243e384b8
testingSamples,idx_69,idx_45,pinch,,996,8,True,14637231031fe0d158c1e4e8d8bfe8c821b4a6fdfcdb0cc05e8143436059ad5e
testingSamples,idx_70,idx_65,pinch,,998,8,True,2aa986a95d70d13587f846e933dbfa1478380c7324bd9f78df6727c630fed61b
testingSamples,idx_71,idx_136,pinch,,992,8,True,57197bfbaf9426c41cd2956eaa425079ab84a17ca16796f311b271cf91090604
testingSamples,idx_73,idx_12,pinch,,994,8,True,68f52d4a2770bc46a954224e1c5045ac1320809676a6ed9cd46445ad35c1243e
testingSamples,idx_75,idx_121,pinch,,998,8,True,db23aea07e82f53c79ee29d67a8e8389d797a1268f77659640ca966391245efe
testingSamples,idx_77,idx_82,open,,994,8,True,4813cd8054fd531a8fba3d9a4bc2974e01bedc77ab600b252ba52952f35a3ca6
testingSamples,idx_78,idx_49,open,,992,8,True,5eb2af409867f07d3695e8efc4f448fbb6a690f54193cdf7e05d8e638b5789e3
testingSamples,idx_79,idx_72,open,,990,8,True,f8b2b495944a61b2997406f1f716cbba85c995bc1d6eb38e4c259701057aa6c4
testingSamples,idx_80,idx_62,open,,996,8,True,03cb294cece6e8b3819b777423036e169fca40ab4bfc0f4e3034aaf9e4450df7
testingSamples,idx_81,idx_16,open,,996,8,True,d49db3962de94106860696009133f5ce726fa0ff4eb6b9c5fe0d8aa428d23b4b
testingSamples,idx_82,idx_4,open,,998,8,True,03bb29fe1b3b86261f33edf709febee67a619af70b39817b7718bf59dbc4f868
testingSamples,idx_84,idx_10,open,,1000,8,True,c01fd4e026310930697da73265d691afce56d0e0ff376a955e103b872f0d239d
testingSamples,idx_86,idx_52,open,,990,8,True,a221b5879c82782b6bbe25e3e2725afa6e2852335450b15b7efdc8ef4a6f1748
testingSamples,idx_87,idx_59,open,,996,8,True,a1775f4511f1cc3d4944e3bcdc5eb14e81655c43efc75c9cc7b0e8c5e3dd97fc
testingSamples,idx_90,idx_100,open,,996,8,True,8988d3006d8b887822ab295ee294ac2a21c4c1e3edf7d37f0c774f9120c7876a
testingSamples,idx_91,idx_27,open,,996,8,True,122ae9a301294ac305947d8047f07bd48426ca7be45c051dfaae2860ff9121d9
testingSamples,idx_92,idx_118,open,,990,8,True,fc457fe30707e57daaece2545e12b818e487f15866e9b59fdacf762eac34a366
testingSamples,idx_93,idx_64,open,,994,8,True,a8212578cae13bb1a02d549e4047752ea7f1bf3094e0f18525d277532b4b4470
testingSamples,idx_95,idx_125,open,,998,8,True,083322cc3b7f61a5a091ffd049831152b480799f5131da78c8e120526930096a
testingSamples,idx_96,idx_92,open,,996,8,True,d5e6b60a33020ed62955f1133d5836d7c23c7573162905ae6eea7cf58d44ee2e
testingSamples,idx_97,idx_13,open,,996,8,True,ed61e3214e4445f087ef55746575b102123c47553e664e0f2774890bc812216b
testingSamples,idx_99,idx_110,open,,1000,8,True,201fe54cc4b3e2a3641f485037b4772a37bfc80f0971153c5a574d6f4234ccd8
testingSamples,idx_103,idx_29,fist,,1000,8,True,4619dceb086dc41dfee6d87026e3284d4a67382b789880635f7d5ae8548a3975
testingSamples,idx_107,idx_141,fist,,996,8,True,af66178b5e66db33ea447992068cd8920fa4694e6445358348a70a9cfbc0b12e
testingSamples,idx_108,idx_43,fist,,992,8,True,fc9fdf1517fa859fcc9208fd29cffa5fa1f0072e7b7068f4a2010a5221a676bf
testingSamples,idx_111,idx_61,fist,,992,8,True,16d65d45ab9acd356951c3d56f4383b26dbbfe6513dacfbaff132bd249fdbfef
testingSamples,idx_112,idx_5,fist,,992,8,True,4ed65914285e8d7cdfe54c74c5f63cef230c5dd6facd90d6c063e324931283e0
testingSamples,idx_113,idx_79,fist,,1000,8,True,bfc9b93a92f39ff52136b8552af72ee692f6e47c2c9417da500b953bc997b269
testingSamples,idx_116,idx_142,fist,,1000,8,True,128a362e60573f947bede83dd6e954a09ec07d70711855b7b22cf70f74321c5c
testingSamples,idx_118,idx_54,fist,,992,8,True,9ab5a03edc44bb94a035aed05377b4359a546183b340608806583f7a8f53214e
testingSamples,idx_122,idx_84,fist,,999,8,True,4a1cc3f8fcc68f0c6088c985ff1f5a1230d6e25ad93ddaaff425b7c10f504e07
testingSamples,idx_123,idx_120,fist,,992,8,True,badfb69fc63eff7c7429f028d2013a295f3c1f3d12448aaf5d3de867738ca33b
testingSamples,idx_126,idx_149,waveIn,,998,8,True,eb11f964f3da6ad20e2e71f6f9e5e4654b3316e54ad30298c9ce55c30735a2c3
testingSamples,idx_127,idx_99,waveIn,,996,8,True,26c8d2655a7b3ab7f83992960e98a49d23ff2c78933395d11685476ac110c62a
testingSamples,idx_130,idx_97,waveIn,,992,8,True,d916f353228f6f9574a72e9f7116204e91dc766db13e9b10863a167aa8178317
testingSamples,idx_131,idx_51,waveIn,,998,8,True,35a54f7db16a79bb64c5d3f79e475c4b25d8a60481b32fcc715505d29766aee1
testingSamples,idx_132,idx_66,waveIn,,996,8,True,953ab63542de831ba2bbf9d39f57fbab075025aea71a1827cd1e9843f9fca334
testingSamples,idx_133,idx_24,waveIn,,998,8,True,3ab3f79029b1a97d6b1edccb1aa91c3b7dab33530262772c11312933cfc252fb
testingSamples,idx_136,idx_95,waveIn,,996,8,True,5d9eff915751dfe7e12d1244406bd8c08a042e63b37b66ae1da17b029fb33451
testingSamples,idx_139,idx_83,waveIn,,994,8,True,7254f9640a1f9dc86035502b16d9700555758b1340ac960f5fd0f85c0c3047b0
testingSamples,idx_140,idx_77,waveIn,,1000,8,True,9497e501d5f6c16ef1df93512d04afe92e6eebc60ca5a7338cf545a689b1732c
testingSamples,idx_141,idx_87,waveIn,,994,8,True,a77519b0c33329ba4fee2fc2651c94f24d3aa2183c8ea6900b3763e426b87d01
testingSamples,idx_142,idx_129,waveIn,,992,8,True,67b95135170ee6dcb906f4c1933560e09b448aa1cb55c3aa86434f1f6eeda03d
testingSamples,idx_146,idx_25,waveIn,,992,8,True,9d7c86608ef8bf90d6fec887932940550c6e889c459c9938a2fd68dded1cada2
testingSamples,idx_148,idx_38,waveIn,,994,8,True,559718f9d23d48e25b4aea318ca59454b0560e2fcd5ce36c8c8b09759ae4e1f1
testingSamples,idx_149,idx_55,waveIn,,998,8,True,2c8c367c885fdf5529274ab06018f7763f71799629cb95433c0586c5ee1992ff
testingSamples,idx_150,idx_111,waveIn,,996,8,True,9ba1a9f74c8f3b95b8720336faa1a0ab72df0aa1fe719e15fb43279c492bda04
