package_path	source_path	sha256	status
frozen/rounds/DOC-2-096-R0-negative-evidence-20260921.tar-ee188207/DOC-2-096-R0-negative-evidence/README.md	projects/DOC-2-096-Disease-Networks/rounds/DOC-2-096-R0-negative-evidence-20260921.tar-ee188207/DOC-2-096-R0-negative-evidence/README.md	11a2b2112740a4c8bf55c234571475801423db05c6ecce160b5c57eb77171e6a	MATCH
frozen/rounds/DOC-2-096-R0-negative-evidence-20260921.tar-ee188207/DOC-2-096-R0-negative-evidence/code/__pycache__/analyze.cpython-310.pyc	projects/DOC-2-096-Disease-Networks/rounds/DOC-2-096-R0-negative-evidence-20260921.tar-ee188207/DOC-2-096-R0-negative-evidence/code/__pycache__/analyze.cpython-310.pyc	0ca818e401175a304765f40d13f9b3701b90200f318c8fde1bea0bde1d4f4491	MATCH
frozen/rounds/DOC-2-096-R0-negative-evidence-20260921.tar-ee188207/DOC-2-096-R0-negative-evidence/code/analyze.py	projects/DOC-2-096-Disease-Networks/rounds/DOC-2-096-R0-negative-evidence-20260921.tar-ee188207/DOC-2-096-R0-negative-evidence/code/analyze.py	f0791acd78825916c0473c8cdd70d70b001644894447c07a30e6ecdef8eef5a3	MATCH
frozen/rounds/DOC-2-096-R0-negative-evidence-20260921.tar-ee188207/DOC-2-096-R0-negative-evidence/data/processed/gene_condition_edges.csv	projects/DOC-2-096-Disease-Networks/rounds/DOC-2-096-R0-negative-evidence-20260921.tar-ee188207/DOC-2-096-R0-negative-evidence/data/processed/gene_condition_edges.csv	414d1a72ac0e15407c30e2d8bf0323358d5f489b30674f55c578833d3a5a0c7f	MATCH
frozen/rounds/DOC-2-096-R0-negative-evidence-20260921.tar-ee188207/DOC-2-096-R0-negative-evidence/figures/source_instability.png	projects/DOC-2-096-Disease-Networks/rounds/DOC-2-096-R0-negative-evidence-20260921.tar-ee188207/DOC-2-096-R0-negative-evidence/figures/source_instability.png	e793a25bd509bcafe145bf881e644e6a98119a1ddcdccfeece03a5b80ebaf3f5	MATCH
frozen/rounds/DOC-2-096-R0-negative-evidence-20260921.tar-ee188207/DOC-2-096-R0-negative-evidence/protocol/LOCKED_PROTOCOL.md	projects/DOC-2-096-Disease-Networks/rounds/DOC-2-096-R0-negative-evidence-20260921.tar-ee188207/DOC-2-096-R0-negative-evidence/protocol/LOCKED_PROTOCOL.md	1f1f1adf1213009d142aab1512979f6a073842723a369e664774db02365d4fdd	MATCH
frozen/rounds/DOC-2-096-R0-negative-evidence-20260921.tar-ee188207/DOC-2-096-R0-negative-evidence/protocol/LOCKED_PROTOCOL.sha256	projects/DOC-2-096-Disease-Networks/rounds/DOC-2-096-R0-negative-evidence-20260921.tar-ee188207/DOC-2-096-R0-negative-evidence/protocol/LOCKED_PROTOCOL.sha256	d6b316d71027c483fca0eccc9ea63c35f7ff4b690e10962d507841469fafd98f	MATCH
frozen/rounds/DOC-2-096-R0-negative-evidence-20260921.tar-ee188207/DOC-2-096-R0-negative-evidence/protocol/protocol.json	projects/DOC-2-096-Disease-Networks/rounds/DOC-2-096-R0-negative-evidence-20260921.tar-ee188207/DOC-2-096-R0-negative-evidence/protocol/protocol.json	66389c60328d755e8307af17017e27cfe5a26c5ddebffc66245e1b4814d68b39	MATCH
frozen/rounds/DOC-2-096-R0-negative-evidence-20260921.tar-ee188207/DOC-2-096-R0-negative-evidence/provenance/SOURCE_LEDGER.md	projects/DOC-2-096-Disease-Networks/rounds/DOC-2-096-R0-negative-evidence-20260921.tar-ee188207/DOC-2-096-R0-negative-evidence/provenance/SOURCE_LEDGER.md	7e6872f0f4040f97fa5f52d2ce583959680352d1ada8fd524b1df1b4a011d38f	MATCH
frozen/rounds/DOC-2-096-R0-negative-evidence-20260921.tar-ee188207/DOC-2-096-R0-negative-evidence/provenance/file_manifest_sha256.csv	projects/DOC-2-096-Disease-Networks/rounds/DOC-2-096-R0-negative-evidence-20260921.tar-ee188207/DOC-2-096-R0-negative-evidence/provenance/file_manifest_sha256.csv	25ab02bb4849ea1cf8a130a9734b6b1622772120af555e6f9242bda715702b99	MATCH
frozen/rounds/DOC-2-096-R0-negative-evidence-20260921.tar-ee188207/DOC-2-096-R0-negative-evidence/provenance/submission_summary.txt.gz.headers	projects/DOC-2-096-Disease-Networks/rounds/DOC-2-096-R0-negative-evidence-20260921.tar-ee188207/DOC-2-096-R0-negative-evidence/provenance/submission_summary.txt.gz.headers	0ddb88d7bb1ee0fd52580d8fb200a5629a3e7d97d0a8b71345008070010e349f	MATCH
frozen/rounds/DOC-2-096-R0-negative-evidence-20260921.tar-ee188207/DOC-2-096-R0-negative-evidence/provenance/submission_summary.txt.gz.retrieved_utc	projects/DOC-2-096-Disease-Networks/rounds/DOC-2-096-R0-negative-evidence-20260921.tar-ee188207/DOC-2-096-R0-negative-evidence/provenance/submission_summary.txt.gz.retrieved_utc	b54519a6729a78670dd80d34df5d67f23b40d2a2e3f5646ec4415679ea3bd583	MATCH
frozen/rounds/DOC-2-096-R0-negative-evidence-20260921.tar-ee188207/DOC-2-096-R0-negative-evidence/provenance/submission_summary.txt.gz.url	projects/DOC-2-096-Disease-Networks/rounds/DOC-2-096-R0-negative-evidence-20260921.tar-ee188207/DOC-2-096-R0-negative-evidence/provenance/submission_summary.txt.gz.url	440297a13fb3c3bf32aec9225cbde685a1982ad85f7b4991e4be3068cbf9d7ac	MATCH
frozen/rounds/DOC-2-096-R0-negative-evidence-20260921.tar-ee188207/DOC-2-096-R0-negative-evidence/provenance/variant_summary.txt.gz.headers	projects/DOC-2-096-Disease-Networks/rounds/DOC-2-096-R0-negative-evidence-20260921.tar-ee188207/DOC-2-096-R0-negative-evidence/provenance/variant_summary.txt.gz.headers	eb2f2e64ba107764313b625291b378968bfa2c941b7996f1e1b41b43edd8f833	MATCH
frozen/rounds/DOC-2-096-R0-negative-evidence-20260921.tar-ee188207/DOC-2-096-R0-negative-evidence/provenance/variant_summary.txt.gz.retrieved_utc	projects/DOC-2-096-Disease-Networks/rounds/DOC-2-096-R0-negative-evidence-20260921.tar-ee188207/DOC-2-096-R0-negative-evidence/provenance/variant_summary.txt.gz.retrieved_utc	57bd64ed13bf0066cddb6a7937920a3eba1559952de6631ae729ec0b4ecfdd9b	MATCH
frozen/rounds/DOC-2-096-R0-negative-evidence-20260921.tar-ee188207/DOC-2-096-R0-negative-evidence/provenance/variant_summary.txt.gz.url	projects/DOC-2-096-Disease-Networks/rounds/DOC-2-096-R0-negative-evidence-20260921.tar-ee188207/DOC-2-096-R0-negative-evidence/provenance/variant_summary.txt.gz.url	aa731ecc3d5c5d41f8630ff799a41c81376142a8fd7cedc01db292fa75204fbe	MATCH
frozen/rounds/DOC-2-096-R0-negative-evidence-20260921.tar-ee188207/DOC-2-096-R0-negative-evidence/report/FULL_TECHNICAL_REPORT.md	projects/DOC-2-096-Disease-Networks/rounds/DOC-2-096-R0-negative-evidence-20260921.tar-ee188207/DOC-2-096-R0-negative-evidence/report/FULL_TECHNICAL_REPORT.md	f1a9a3e94aa52c9725f1471c459ad6fc7aa3370b39233f4026909c3b9e15fdaf	MATCH
frozen/rounds/DOC-2-096-R0-negative-evidence-20260921.tar-ee188207/DOC-2-096-R0-negative-evidence/results/gate_decision.json	projects/DOC-2-096-Disease-Networks/rounds/DOC-2-096-R0-negative-evidence-20260921.tar-ee188207/DOC-2-096-R0-negative-evidence/results/gate_decision.json	08806eaebec8cf243bf9a94fcec6ce7620d62e9d2a54046e610e4162cc77a713	MATCH
frozen/rounds/DOC-2-096-R0-negative-evidence-20260921.tar-ee188207/DOC-2-096-R0-negative-evidence/results/source_replication.csv	projects/DOC-2-096-Disease-Networks/rounds/DOC-2-096-R0-negative-evidence-20260921.tar-ee188207/DOC-2-096-R0-negative-evidence/results/source_replication.csv	5a61afb91988c1c2b246bf50ae16bb99326a94aa988b00301ef007ffbd4338d9	MATCH
frozen/rounds/DOC-2-096-R0-negative-evidence-20260921.tar-ee188207/DOC-2-096-R0-negative-evidence/results/stratified_instability.csv	projects/DOC-2-096-Disease-Networks/rounds/DOC-2-096-R0-negative-evidence-20260921.tar-ee188207/DOC-2-096-R0-negative-evidence/results/stratified_instability.csv	55bc01775aae976891e9bddebfc1618a6e9da849e6722b41e7ce9312cdb85080	MATCH
frozen/rounds/DOC-2-096-R0-negative-evidence-20260921.tar-ee188207/DOC-2-096-R0-negative-evidence/review/FLAGSHIP_REVIEW.md	projects/DOC-2-096-Disease-Networks/rounds/DOC-2-096-R0-negative-evidence-20260921.tar-ee188207/DOC-2-096-R0-negative-evidence/review/FLAGSHIP_REVIEW.md	f4bb1afd6400643dab1720042e06b790aff2bfc61790d55a7b90103fbd94d12c	MATCH
