MGYP001150387879	4EB0	5.528E-15	462	9.030E-01	0.525	0.597
MGYP001150387879	9LMU	9.058E-14	419	8.702E-01	0.554	0.635
MGYP001150387879	5XJH	1.228E-13	414	8.673E-01	0.564	0.643
MGYP001150387879	6EQE	1.228E-13	413	8.671E-01	0.574	0.649
MGYP001150387879	5ZOA	1.164E-12	371	8.490E-01	0.515	0.598
MGYP001150387879	8ETY	1.496E-11	346	8.947E-01	0.466	0.529
MGYP001150387879	8ETX	4.747E-11	333	8.969E-01	0.466	0.529
MGYP001150387879	1TCA_A	2.604E-02	39	4.982E-01	0.475	0.637
MGYP001150387879	1USW_A	1.613E-01	24	4.446E-01	0.341	0.415
MGYP001150387879	1CUS	2.788E-01	22	5.082E-01	0.167	0.244
MGYP001150387879	3WA6	1.199E+00	15	7.879E-01	0.098	0.103
MGYP003583961369	4EB0	2.424E-31	1009	9.296E-01	0.706	0.934
MGYP003583961369	5ZOA	9.614E-32	1003	9.073E-01	0.718	0.946
MGYP003583961369	6EQE	1.781E-31	1002	9.113E-01	0.741	0.966
MGYP003583961369	5XJH	2.916E-31	999	9.153E-01	0.729	0.958
MGYP003583961369	9LMU	1.448E-30	980	9.182E-01	0.729	0.958
MGYP003583961369	8ETY	2.424E-31	961	8.784E-01	0.729	0.969
MGYP003583961369	8ETX	1.742E-30	936	8.781E-01	0.729	0.969
MGYP003583961369	1TCA_A	2.396E-05	114	6.818E-01	0.487	0.666
MGYP003583961369	3WA6	2.651E-04	79	5.905E-01	0.395	0.397
MGYP003583961369	1CUS	4.518E-03	51	5.117E-01	0.501	0.873
MGYP003583961369	1USW_A	2.594E-03	46	4.195E-01	0.545	0.754
MGYP006223362551	6EQE	8.204E-23	673	8.913E-01	0.880	0.864
MGYP006223362551	9LMU	4.908E-22	653	8.943E-01	0.876	0.867
MGYP006223362551	5XJH	5.577E-22	649	8.901E-01	0.880	0.871
MGYP006223362551	8ETX	1.550E-21	608	8.572E-01	0.809	0.858
MGYP006223362551	4EB0	1.550E-21	597	8.409E-01	0.835	0.888
MGYP006223362551	5ZOA	6.737E-21	595	8.757E-01	0.816	0.866
MGYP006223362551	8ETY	1.761E-21	582	8.157E-01	0.858	0.912
MGYP006223362551	1TCA_A	2.828E-07	138	6.202E-01	0.625	0.606
MGYP006223362551	1CUS	1.007E-03	52	4.468E-01	0.588	0.726
MGYP006223362551	3WA6	3.389E-03	49	5.181E-01	0.438	0.330
MGYP006223362551	1USW_A	1.382E-02	39	4.822E-01	0.446	0.462
MGYP007820329685	4EB0	4.256E-15	459	8.835E-01	0.700	0.597
MGYP007820329685	5XJH	2.585E-14	425	8.459E-01	0.709	0.616
MGYP007820329685	9LMU	4.252E-14	420	8.517E-01	0.692	0.605
MGYP007820329685	6EQE	1.016E-13	411	8.530E-01	0.709	0.611
MGYP007820329685	5ZOA	3.521E-12	358	8.421E-01	0.696	0.605
MGYP007820329685	8ETY	9.526E-12	321	8.019E-01	0.687	0.582
MGYP007820329685	8ETX	7.896E-11	312	8.556E-01	0.656	0.544
MGYP007820329685	1TCA_A	1.211E-02	54	7.017E-01	0.304	0.325
MGYP007820329685	1USW_A	5.387E-02	35	4.912E-01	0.463	0.408
MGYP007820329685	3WA6	8.852E-01	19	7.637E-01	0.159	0.116
MGYP007820329685	1CUS	2.546E+00	9	5.651E-01	0.220	0.239
MGYP008118803533	9LMU	6.776E-13	423	8.856E-01	0.573	0.627
MGYP008118803533	6EQE	1.221E-12	417	8.980E-01	0.583	0.630
MGYP008118803533	5XJH	3.134E-12	396	8.738E-01	0.583	0.635
MGYP008118803533	4EB0	2.626E-12	374	8.468E-01	0.593	0.624
MGYP008118803533	5ZOA	5.957E-11	334	8.389E-01	0.573	0.625
MGYP008118803533	8ETY	4.680E-10	315	8.980E-01	0.517	0.548
MGYP008118803533	8ETX	2.164E-09	295	8.976E-01	0.517	0.548
MGYP008118803533	1TCA_A	1.155E-02	55	6.062E-01	0.390	0.473
MGYP008118803533	1USW_A	9.077E-02	31	4.653E-01	0.363	0.419
MGYP008118803533	1CUS	3.731E-01	23	4.872E-01	0.317	0.492
MGYP008118803533	3WA6	1.077E+00	17	7.664E-01	0.117	0.114
MGYP009079907039	4EB0	9.989E-15	436	8.922E-01	0.823	0.566
MGYP009079907039	5ZOA	8.955E-13	379	8.827E-01	0.801	0.605
MGYP009079907039	5XJH	4.008E-12	363	8.990E-01	0.790	0.589
MGYP009079907039	9LMU	2.893E-12	356	8.770E-01	0.785	0.597
MGYP009079907039	6EQE	3.088E-12	352	8.608E-01	0.828	0.611
MGYP009079907039	8ETY	6.324E-12	343	8.769E-01	0.763	0.552
MGYP009079907039	8ETX	3.021E-11	336	9.150E-01	0.720	0.521
MGYP009079907039	1TCA_A	2.821E-02	47	7.400E-01	0.296	0.290
MGYP009079907039	3WA6	6.580E-02	35	7.701E-01	0.177	0.109
MGYP009079907039	1CUS	3.822E-01	21	5.595E-01	0.242	0.249
MGYP000928167295	9LMU	2.203E-28	948	9.481E-01	0.705	0.909
MGYP000928167295	5XJH	6.637E-28	930	9.472E-01	0.705	0.909
MGYP000928167295	6EQE	4.885E-28	921	9.336E-01	0.716	0.921
MGYP000928167295	4EB0	1.434E-28	908	9.195E-01	0.716	0.922
MGYP000928167295	5ZOA	6.182E-26	811	8.956E-01	0.719	0.935
MGYP000928167295	8ETY	5.966E-25	735	8.477E-01	0.713	0.916
MGYP000928167295	8ETX	1.911E-24	731	8.585E-01	0.713	0.916
MGYP000928167295	1TCA_A	8.611E-06	118	6.423E-01	0.515	0.656
MGYP000928167295	3WA6	9.394E-05	86	5.904E-01	0.406	0.391
MGYP000928167295	1CUS	2.138E-03	53	4.788E-01	0.316	0.614
MGYP000928167295	1USW_A	9.891E-03	32	3.499E-01	0.547	0.712
MGYP006138304577	9LMU	4.994E-32	1100	9.531E-01	0.661	0.897
MGYP006138304577	6EQE	1.468E-31	1083	9.519E-01	0.667	0.898
MGYP006138304577	5XJH	6.179E-31	1068	9.588E-01	0.656	0.886
MGYP006138304577	5ZOA	4.342E-29	944	9.036E-01	0.667	0.893
MGYP006138304577	8ETY	1.877E-29	915	8.710E-01	0.669	0.900
MGYP006138304577	8ETX	2.689E-29	910	8.694E-01	0.669	0.900
MGYP006138304577	4EB0	2.074E-26	818	8.692E-01	0.730	0.915
MGYP006138304577	1TCA_A	1.913E-05	107	6.091E-01	0.424	0.536
MGYP006138304577	3WA6	9.964E-04	59	4.675E-01	0.485	0.416
MGYP006138304577	1CUS	2.044E-03	49	4.289E-01	0.358	0.609
MGYP006138304577	1USW_A	2.928E-03	39	3.216E-01	0.579	0.712
MGYP006353020955	8ETY	3.304E-41	1457	9.694E-01	0.726	0.946
MGYP006353020955	8ETX	9.337E-41	1429	9.630E-01	0.726	0.954
MGYP006353020955	5ZOA	3.653E-39	1362	9.647E-01	0.740	0.989
MGYP006353020955	4EB0	5.047E-35	1204	9.587E-01	0.740	0.981
MGYP006353020955	9LMU	1.339E-31	1049	9.416E-01	0.732	0.970
MGYP006353020955	6EQE	1.513E-31	1034	9.302E-01	0.743	0.985
MGYP006353020955	5XJH	5.804E-31	1022	9.366E-01	0.737	0.977
MGYP006353020955	1TCA_A	3.223E-05	96	5.615E-01	0.507	0.590
MGYP006353020955	3WA6	4.461E-04	75	6.363E-01	0.345	0.350
MGYP006353020955	1CUS	1.050E-03	59	4.819E-01	0.552	0.939
MGYP006353020955	1USW_A	1.286E-02	37	4.586E-01	0.316	0.438
MGYP007972262301	8ETX	1.261E-28	876	8.824E-01	0.690	0.989
MGYP007972262301	8ETY	1.825E-28	876	8.897E-01	0.690	0.989
MGYP007972262301	5ZOA	2.928E-27	870	9.203E-01	0.687	0.992
MGYP007972262301	9LMU	4.997E-26	793	8.962E-01	0.681	0.981
MGYP007972262301	6EQE	4.699E-26	792	8.964E-01	0.681	0.974
MGYP007972262301	5XJH	3.179E-25	775	9.014E-01	0.681	0.985
MGYP007972262301	4EB0	2.022E-24	760	9.008E-01	0.681	0.977
MGYP007972262301	3WA6	1.515E-04	64	4.768E-01	0.345	0.343
MGYP007972262301	1TCA_A	1.453E-02	49	6.397E-01	0.330	0.517
MGYP007972262301	1USW_A	4.990E-02	28	4.438E-01	0.250	0.373
MGYP007972262301	1CUS	1.259E-01	23	3.925E-01	0.500	0.934
MGYP001374132912	5XJH	2.444E-22	692	9.276E-01	0.556	0.738
MGYP001374132912	6EQE	5.727E-22	688	9.399E-01	0.553	0.725
MGYP001374132912	9LMU	1.516E-21	673	9.371E-01	0.556	0.734
MGYP001374132912	4EB0	2.466E-21	622	8.837E-01	0.553	0.740
MGYP001374132912	5ZOA	5.210E-19	553	8.884E-01	0.553	0.736
MGYP001374132912	8ETY	7.975E-19	552	8.841E-01	0.503	0.697
MGYP001374132912	8ETX	1.017E-18	548	8.836E-01	0.503	0.697
MGYP001374132912	1TCA_A	1.373E-05	124	7.318E-01	0.358	0.508
MGYP001374132912	3WA6	4.401E-04	60	4.472E-01	0.388	0.371
MGYP001374132912	1CUS	1.165E-03	56	4.613E-01	0.297	0.629
MGYP001374132912	1USW_A	7.677E-03	39	3.881E-01	0.567	0.765
MGYP006180250121	8ETX	6.089E-16	591	9.344E-01	0.693	0.636
MGYP006180250121	8ETY	7.562E-16	587	9.346E-01	0.693	0.636
MGYP006180250121	9LMU	2.115E-15	580	9.457E-01	0.693	0.658
MGYP006180250121	6EQE	5.918E-15	565	9.472E-01	0.689	0.649
MGYP006180250121	5ZOA	6.962E-15	545	9.290E-01	0.697	0.648
MGYP006180250121	5XJH	1.263E-14	536	9.428E-01	0.650	0.616
MGYP006180250121	4EB0	1.259E-12	459	9.242E-01	0.689	0.643
MGYP006180250121	1TCA_A	7.226E-03	61	5.510E-01	0.587	0.555
MGYP006180250121	1USW_A	2.870E-01	26	4.984E-01	0.437	0.419
MGYP006180250121	1CUS	1.238E+00	16	4.752E-01	0.657	0.787
MGYP006180250121	3WA6	5.872E+00	3	4.338E-01	0.315	0.178
MGYP006182106587	5ZOA	5.665E-20	611	9.294E-01	0.688	0.582
MGYP006182106587	8ETY	3.645E-20	557	8.426E-01	0.710	0.602
MGYP006182106587	8ETX	1.207E-19	544	8.408E-01	0.710	0.602
MGYP006182106587	4EB0	1.199E-17	536	9.433E-01	0.701	0.581
MGYP006182106587	9LMU	1.233E-16	476	8.769E-01	0.705	0.597
MGYP006182106587	6EQE	1.233E-16	475	8.735E-01	0.710	0.596
MGYP006182106587	5XJH	4.932E-16	455	8.703E-01	0.705	0.597
MGYP006182106587	1TCA_A	1.723E-02	48	6.384E-01	0.429	0.432
MGYP006182106587	1USW_A	3.234E-02	36	5.087E-01	0.357	0.350
MGYP006182106587	3WA6	1.140E-01	32	7.942E-01	0.165	0.118
MGYP006182106587	1CUS	1.772E-01	25	4.236E-01	0.509	0.594
MGYP007531750528	4EB0	4.959E-35	1276	9.734E-01	0.692	0.942
MGYP007531750528	5ZOA	1.537E-33	1219	9.672E-01	0.686	0.939
MGYP007531750528	8ETX	4.271E-34	1174	9.299E-01	0.661	0.954
MGYP007531750528	8ETY	6.057E-34	1166	9.277E-01	0.664	0.958
MGYP007531750528	9LMU	1.033E-28	936	8.939E-01	0.689	0.989
MGYP007531750528	5XJH	3.598E-27	916	9.270E-01	0.695	0.954
MGYP007531750528	6EQE	6.278E-28	911	8.992E-01	0.686	0.981
MGYP007531750528	1TCA_A	8.415E-05	97	6.328E-01	0.471	0.647
MGYP007531750528	3WA6	8.631E-04	80	6.398E-01	0.381	0.397
MGYP007531750528	1CUS	2.930E-03	50	4.408E-01	0.546	0.924
MGYP007531750528	1USW_A	1.410E-02	43	4.733E-01	0.521	0.723
MGYP008163862480	5ZOA	1.062E-21	660	8.900E-01	0.813	0.686
MGYP008163862480	8ETY	1.282E-21	600	8.167E-01	0.813	0.670
MGYP008163862480	8ETX	3.961E-21	587	8.160E-01	0.813	0.670
MGYP008163862480	4EB0	1.190E-18	560	9.052E-01	0.794	0.674
MGYP008163862480	5XJH	3.456E-18	516	8.490E-01	0.715	0.586
MGYP008163862480	9LMU	1.734E-18	510	8.315E-01	0.780	0.677
MGYP008163862480	6EQE	1.211E-17	499	8.488E-01	0.715	0.581
MGYP008163862480	1TCA_A	2.886E-03	63	6.213E-01	0.575	0.514
MGYP008163862480	1USW_A	1.568E-02	38	4.617E-01	0.654	0.700
MGYP008163862480	3WA6	1.596E-01	35	7.576E-01	0.262	0.157
MGYP008163862480	1CUS	8.145E-01	18	5.950E-01	0.346	0.391
MGYP009564209523	6EQE	3.205E-20	671	9.177E-01	0.660	0.808
MGYP009564209523	9LMU	7.723E-20	668	9.352E-01	0.657	0.798
MGYP009564209523	5XJH	7.723E-20	666	9.330E-01	0.657	0.798
MGYP009564209523	4EB0	2.535E-20	647	8.909E-01	0.660	0.802
MGYP009564209523	8ETX	1.234E-19	622	8.887E-01	0.647	0.770
MGYP009564209523	8ETY	2.219E-19	614	8.882E-01	0.647	0.770
MGYP009564209523	5ZOA	2.762E-18	594	9.149E-01	0.660	0.778
MGYP009564209523	1TCA_A	2.571E-06	128	6.324E-01	0.492	0.571
MGYP009564209523	3WA6	1.829E-03	57	5.223E-01	0.350	0.318
MGYP009564209523	1CUS	3.288E-03	56	4.939E-01	0.483	0.883
MGYP009564209523	1USW_A	1.576E-01	25	4.528E-01	0.353	0.438
MGYP003315078671	9LMU	1.234E-22	728	9.319E-01	0.648	0.867
MGYP003315078671	5XJH	1.993E-22	722	9.319E-01	0.648	0.867
MGYP003315078671	6EQE	2.302E-23	703	8.539E-01	0.690	0.970
MGYP003315078671	4EB0	3.032E-22	681	8.904E-01	0.679	0.880
MGYP003315078671	5ZOA	3.066E-20	615	8.838E-01	0.676	0.881
MGYP003315078671	8ETY	1.406E-20	585	8.244E-01	0.684	0.893
MGYP003315078671	8ETX	2.140E-20	580	8.245E-01	0.684	0.885
MGYP003315078671	1TCA_A	6.810E-06	123	6.444E-01	0.479	0.599
MGYP003315078671	3WA6	1.842E-04	78	5.595E-01	0.396	0.391
MGYP003315078671	1CUS	1.414E-03	61	5.322E-01	0.305	0.614
MGYP003315078671	1USW_A	1.518E-01	23	4.121E-01	0.529	0.692
MGYP006196239677	6EQE	4.893E-30	992	9.279E-01	0.737	0.940
MGYP006196239677	9LMU	1.282E-29	972	9.189E-01	0.719	0.924
MGYP006196239677	5XJH	6.924E-29	957	9.295E-01	0.734	0.943
MGYP006196239677	8ETX	1.815E-28	910	8.996E-01	0.737	0.939
MGYP006196239677	8ETY	2.806E-29	890	8.463E-01	0.763	0.989
MGYP006196239677	5ZOA	5.291E-27	874	9.207E-01	0.725	0.923
MGYP006196239677	4EB0	3.635E-26	838	9.127E-01	0.728	0.934
MGYP006196239677	1TCA_A	3.542E-07	118	4.792E-01	0.772	0.943
MGYP006196239677	3WA6	2.549E-05	99	5.984E-01	0.401	0.391
MGYP006196239677	1USW_A	1.004E-03	59	4.729E-01	0.564	0.731
MGYP006196239677	1CUS	4.261E-03	45	4.290E-01	0.596	0.939
MGYP007796739029	5ZOA	2.010E-21	716	9.609E-01	0.683	0.670
MGYP007796739029	8ETX	1.380E-21	713	9.621E-01	0.627	0.605
MGYP007796739029	8ETY	6.101E-22	688	9.047E-01	0.671	0.644
MGYP007796739029	4EB0	8.683E-20	645	9.465E-01	0.679	0.655
MGYP007796739029	9LMU	1.069E-18	563	8.848E-01	0.679	0.669
MGYP007796739029	6EQE	4.727E-19	555	8.536E-01	0.679	0.664
MGYP007796739029	5XJH	2.132E-18	542	8.634E-01	0.679	0.669
MGYP007796739029	1TCA_A	4.723E-03	57	5.685E-01	0.468	0.445
MGYP007796739029	1USW_A	1.764E-02	47	5.763E-01	0.413	0.435
MGYP007796739029	1CUS	3.588E-01	27	6.481E-01	0.230	0.289
MGYP007796739029	3WA6	9.198E-01	21	7.375E-01	0.222	0.157
MGYP008810575020	6EQE	1.220E-27	892	9.417E-01	0.677	0.951
MGYP008810575020	5XJH	3.634E-27	883	9.434E-01	0.677	0.958
MGYP008810575020	4EB0	6.260E-28	882	9.289E-01	0.695	0.981
MGYP008810575020	9LMU	3.219E-27	877	9.355E-01	0.680	0.962
MGYP008810575020	5ZOA	4.125E-24	751	9.153E-01	0.680	0.966
MGYP008810575020	8ETY	2.703E-23	680	8.556E-01	0.682	0.962
MGYP008810575020	8ETX	6.317E-23	675	8.616E-01	0.682	0.962
MGYP008810575020	1TCA_A	3.147E-06	125	6.676E-01	0.357	0.524
MGYP008810575020	3WA6	1.944E-04	68	4.994E-01	0.380	0.431
MGYP008810575020	1CUS	1.354E-03	60	5.524E-01	0.279	0.594
MGYP008810575020	1USW_A	2.978E-03	40	3.675E-01	0.536	0.800
