5ZOA	5ZOA	5.157E-62	2435	1.004E+00	1.000	1.000
5ZOA	8ETY	6.572E-45	1596	9.257E-01	1.000	0.992
5ZOA	8ETX	1.118E-44	1589	9.259E-01	1.000	0.992
5ZOA	4EB0	4.620E-40	1478	9.747E-01	0.996	0.988
5ZOA	9LMU	2.721E-34	1197	9.355E-01	0.985	0.981
5ZOA	6EQE	7.877E-34	1183	9.376E-01	0.985	0.974
5ZOA	5XJH	2.026E-33	1178	9.426E-01	0.973	0.970
5ZOA	1TCA_A	1.277E-05	108	5.641E-01	0.782	0.691
5ZOA	3WA6	4.682E-04	77	5.950E-01	0.521	0.397
5ZOA	1CUS	6.672E-04	67	5.381E-01	0.406	0.604
5ZOA	1USW_A	3.923E-03	42	3.983E-01	0.724	0.758
1CUS	1CUS	2.952E-42	1696	1.005E+00	1.000	1.000
1CUS	1TCA_A	3.350E-04	94	6.789E-01	0.624	0.341
1CUS	8ETY	1.771E-04	73	4.319E-01	0.949	0.755
1CUS	8ETX	2.366E-04	72	4.282E-01	0.959	0.759
1CUS	5ZOA	1.131E-03	67	5.381E-01	0.604	0.406
1CUS	4EB0	4.291E-03	62	5.362E-01	0.665	0.500
1CUS	6EQE	2.268E-03	56	4.644E-01	0.853	0.555
1CUS	5XJH	4.547E-03	54	4.932E-01	0.746	0.487
1CUS	9LMU	5.105E-03	49	4.633E-01	0.746	0.487
1CUS	3WA6	3.456E-02	40	5.083E-01	0.599	0.300
1CUS	1USW_A	7.342E-02	31	5.036E-01	0.386	0.308
4EB0	4EB0	4.882E-63	2381	1.004E+00	1.000	1.000
4EB0	5ZOA	2.034E-41	1473	9.759E-01	0.981	0.989
4EB0	8ETY	1.494E-39	1341	9.395E-01	0.973	0.973
4EB0	8ETX	7.372E-39	1322	9.405E-01	0.973	0.973
4EB0	5XJH	7.123E-34	1124	9.424E-01	0.961	0.966
4EB0	6EQE	4.929E-34	1123	9.376E-01	0.977	0.974
4EB0	9LMU	1.238E-33	1108	9.363E-01	0.977	0.981
4EB0	1TCA_A	2.107E-05	102	5.656E-01	0.787	0.691
4EB0	3WA6	2.951E-04	82	6.203E-01	0.519	0.391
4EB0	1CUS	1.548E-03	68	6.200E-01	0.407	0.599
4EB0	1USW_A	6.351E-03	33	3.196E-01	0.764	0.773
6EQE	6EQE	7.234E-63	2374	1.004E+00	1.000	1.000
6EQE	9LMU	1.606E-58	2198	1.002E+00	0.989	0.996
6EQE	5XJH	3.059E-57	2135	9.984E-01	0.981	0.989
6EQE	8ETX	6.776E-37	1182	8.902E-01	0.989	0.989
6EQE	8ETY	7.661E-37	1180	8.902E-01	0.989	0.989
6EQE	5ZOA	1.600E-34	1158	9.376E-01	0.974	0.985
6EQE	4EB0	2.535E-33	1103	9.426E-01	0.974	0.977
6EQE	1TCA_A	4.388E-07	120	5.309E-01	0.777	0.905
6EQE	3WA6	1.593E-04	78	5.778E-01	0.513	0.418
6EQE	1USW_A	4.523E-04	57	4.123E-01	0.800	0.850
6EQE	1CUS	2.524E-03	50	4.684E-01	0.543	0.817
8ETY	8ETY	3.232E-61	2354	1.004E+00	1.000	1.000
8ETY	8ETX	5.065E-58	2231	1.003E+00	1.000	1.000
8ETY	5ZOA	2.709E-45	1618	9.257E-01	0.992	1.000
8ETY	4EB0	1.548E-38	1356	9.395E-01	0.973	0.973
8ETY	6EQE	1.514E-36	1209	8.783E-01	0.992	0.992
8ETY	9LMU	8.704E-36	1201	8.921E-01	0.992	1.000
8ETY	5XJH	4.658E-34	1124	8.800E-01	0.973	0.981
8ETY	1TCA_A	4.355E-06	103	4.948E-01	0.912	0.880
8ETY	3WA6	2.476E-04	84	6.159E-01	0.521	0.397
8ETY	1CUS	1.130E-04	69	4.378E-01	0.736	0.924
8ETY	1USW_A	4.701E-02	29	3.896E-01	0.782	0.815
3WA6	3WA6	0.000E+00	4247	1.002E+00	1.000	1.000
3WA6	5XJH	2.833E-05	90	5.757E-01	0.440	0.544
3WA6	6EQE	6.885E-05	84	5.817E-01	0.418	0.513
3WA6	8ETX	1.320E-04	82	6.014E-01	0.397	0.521
3WA6	9LMU	5.765E-05	81	5.423E-01	0.433	0.548
3WA6	8ETY	2.532E-04	80	6.159E-01	0.397	0.521
3WA6	4EB0	5.465E-04	75	6.203E-01	0.391	0.519
3WA6	5ZOA	5.465E-04	70	5.866E-01	0.397	0.521
3WA6	1TCA_A	7.796E-04	53	4.628E-01	0.354	0.404
3WA6	1CUS	5.212E-02	33	5.071E-01	0.300	0.599
3WA6	1USW_A	2.441E+00	9	6.554E-01	0.105	0.131
8ETX	8ETX	2.082E-60	2312	1.004E+00	1.000	1.000
8ETX	8ETY	2.994E-58	2229	1.003E+00	1.000	1.000
8ETX	5ZOA	2.994E-45	1611	9.259E-01	0.992	1.000
8ETX	4EB0	4.862E-38	1337	9.405E-01	0.973	0.973
8ETX	6EQE	1.844E-36	1220	8.906E-01	0.992	0.992
8ETX	9LMU	1.634E-35	1186	8.920E-01	0.992	1.000
8ETX	5XJH	4.307E-34	1139	8.924E-01	0.973	0.981
8ETX	1TCA_A	2.653E-06	110	5.105E-01	0.912	0.880
8ETX	3WA6	1.362E-04	82	5.979E-01	0.452	0.352
8ETX	1CUS	1.207E-04	69	4.366E-01	0.732	0.924
8ETX	1USW_A	2.212E-01	21	4.093E-01	0.782	0.815
9LMU	9LMU	1.907E-63	2394	1.004E+00	1.000	1.000
9LMU	6EQE	2.107E-58	2193	1.002E+00	0.996	0.989
9LMU	5XJH	5.311E-56	2096	1.002E+00	0.981	0.981
9LMU	8ETX	7.912E-36	1203	9.421E-01	0.947	0.939
9LMU	5ZOA	6.010E-35	1168	9.355E-01	0.981	0.985
9LMU	8ETY	4.280E-36	1166	8.989E-01	0.989	0.985
9LMU	4EB0	4.714E-33	1085	9.376E-01	0.981	0.977
9LMU	1TCA_A	2.074E-07	149	6.689E-01	0.578	0.577
9LMU	3WA6	1.397E-04	77	5.523E-01	0.548	0.433
9LMU	1USW_A	7.805E-04	55	4.149E-01	0.806	0.850
9LMU	1CUS	5.576E-03	46	4.712E-01	0.475	0.711
1USW_A	1USW_A	4.351E-60	2284	1.004E+00	1.000	1.000
1USW_A	9LMU	5.124E-04	59	4.340E-01	0.785	0.757
1USW_A	6EQE	6.952E-04	55	4.232E-01	0.854	0.777
1USW_A	5XJH	2.355E-03	47	4.065E-01	0.785	0.757
1USW_A	5ZOA	6.253E-03	39	3.983E-01	0.758	0.724
1USW_A	4EB0	5.207E-03	34	3.159E-01	0.785	0.775
1USW_A	1CUS	8.110E-02	29	4.825E-01	0.292	0.365
1USW_A	8ETY	4.145E-02	29	3.813E-01	0.835	0.808
1USW_A	1TCA_A	6.353E-02	29	4.784E-01	0.354	0.363
1USW_A	8ETX	1.587E-01	23	3.960E-01	0.835	0.808
1USW_A	3WA6	1.342E+00	9	3.805E-01	0.254	0.099
5XJH	5XJH	5.273E-63	2380	1.004E+00	1.000	1.000
5XJH	6EQE	3.208E-57	2134	9.984E-01	0.989	0.981
5XJH	9LMU	3.973E-56	2101	1.002E+00	0.981	0.981
5XJH	5ZOA	2.380E-34	1161	9.426E-01	0.970	0.973
5XJH	8ETX	7.885E-35	1116	8.924E-01	0.981	0.973
5XJH	8ETY	1.008E-34	1112	8.924E-01	0.981	0.973
5XJH	4EB0	1.411E-33	1111	9.438E-01	0.966	0.961
5XJH	1TCA_A	3.055E-07	119	4.999E-01	0.753	0.656
5XJH	3WA6	5.298E-05	88	5.807E-01	0.544	0.440
5XJH	1USW_A	1.457E-03	49	4.065E-01	0.757	0.785
5XJH	1CUS	5.287E-03	48	5.009E-01	0.475	0.711
1TCA_A	1TCA_A	1.441E-74	2823	1.003E+00	1.000	1.000
1TCA_A	9LMU	7.008E-08	134	5.374E-01	0.656	0.760
1TCA_A	5XJH	1.075E-07	123	4.999E-01	0.656	0.753
1TCA_A	6EQE	1.552E-07	122	5.138E-01	0.656	0.728
1TCA_A	8ETX	2.291E-06	114	5.602E-01	0.757	0.839
1TCA_A	8ETY	3.737E-06	108	5.457E-01	0.722	0.805
1TCA_A	5ZOA	8.278E-06	105	5.641E-01	0.691	0.782
1TCA_A	4EB0	1.725E-05	98	5.449E-01	0.710	0.822
1TCA_A	1CUS	1.149E-04	94	6.789E-01	0.341	0.624
1TCA_A	3WA6	4.414E-04	58	4.670E-01	0.404	0.354
1TCA_A	1USW_A	3.007E-02	34	4.765E-01	0.429	0.423
