rank,accession,composite_score,max_ref_identity,novelty_pct,length,min_evalue,aliphatic_index,cys,triad_intact,pf12740_best_evalue,rcsb_template,template_coverage,structure_status,studies,study_names
1,MGYP003583961369,4.254,0.3324,66.8,347,3.74e-58,82.22,6,True,3.5895432900790575e-86,8SPK_1,0.746,template_pass,ERP131768,EMG produced TPA metagenomics assembly of PRJEB27054 data set (Global surveillance of antimicrobial resistance).
2,MGYP006180250121,3.701,0.2901,71.0,254,5.89e-42,84.61,2,True,7.661981167931508e-58,8CRU_1,0.654,template_pass,ERP137364,"EMG produced TPA metagenomics assembly of PRJEB49834 data set (The occurrence, prevalence and fate of antibiotic resistant genes and microbial community in Ili river)."
3,MGYP009564209523,3.688,0.2733,72.7,329,1.17e-32,89.88,9,True,2.6465700017297173e-45,7PZJ_1,0.623,template_pass,ERP129541,EMG produced TPA metagenomics assembly of PRJNA385854 data set (Marine metagenomes from the bioGEOTRACES project).
4,MGYP007972262301,3.671,0.3342,66.6,348,1.96e-58,71.84,5,True,2.0991008787809097e-76,9XV6_1,0.693,template_pass,ERP157538,EMG produced TPA metagenomics assembly of PRJNA679917 data set (Maize phylloplane metagenome).
5,MGYP003315078671,3.66,0.2707,72.9,361,5.75e-33,85.15,11,True,6.352321444108961e-48,7PZJ_1,0.601,template_pass,ERP129541,EMG produced TPA metagenomics assembly of PRJNA385854 data set (Marine metagenomes from the bioGEOTRACES project).
6,MGYP007796739029,3.647,0.2997,70.0,252,6.33e-55,74.05,1,True,2.043520030320568e-66,8ETY_1,0.631,template_pass,ERP156641,Characterisation of Microbial Diversity in a soil with Fusarium graminearum
7,MGYP001150387879,3.574,0.2012,79.9,305,5.99e-19,96.23,4,True,1.516766105567473e-27,7PZJ_1,0.784,template_pass,ERP111853,EMG produced TPA metagenomics assembly of the Estuarine microbial communities from the Columbia River estuary - Ebb tide ETM metaG S.759 metagenome (marine metagenome) data set.
8,MGYP006138304577,3.533,0.3836,61.6,363,1.61e-73,63.64,4,True,1.5834578638923843e-95,8IAN_1,0.667,template_pass,ERP137364,"EMG produced TPA metagenomics assembly of PRJEB49834 data set (The occurrence, prevalence and fate of antibiotic resistant genes and microbial community in Ili river)."
9,MGYP006353020955,3.431,0.4476,55.2,339,5.11e-92,77.55,0,True,3.1482799971794647e-102,9QNM_1,0.684,template_pass,ERP129176,"EMG produced TPA metagenomics assembly of PRJEB34634 data set (Detailed study at the genetic level at bacteria in farm animals, human/animal sewage, sewage treatment works and rivers, to work out the complex network of transmission of important antibiotic-resistant bacteria and antibiotic resistance genes)."
10,MGYP007531750528,3.427,0.4067,59.3,357,9.73e-82,73.56,4,True,5.756982590656968e-100,8ETX_1,0.627,template_pass,ERP157561,EMG produced TPA metagenomics assembly of PRJNA789701 data set (Taxonomic and functional diversity of rhizosphere microbiome recruited from compost synergistically determined by plant species and compost).
11,MGYP000928167295,3.189,0.2923,70.8,342,1.07e-44,71.37,1,True,4.77489975611255e-59,7PZJ_1,0.649,template_pass,ERP111192,EMG produced TPA metagenomics assembly of the Marine microbial communities from the Southern Atlantic ocean transect to study dissolved organic matter and carbon cycling - Knorr_S7_td_250_ad_252m_LV_B metagenome (marine metagenome) data set.
12,MGYP008163862480,3.114,0.3831,61.7,214,5.53e-46,73.83,2,True,3.4257030509060334e-59,9PM2_1,0.72,template_pass,ERP157462,EMG produced TPA metagenomics assembly of PRJNA780648 data set (Soil microbial gene expression in an agricultural ecosystem varies with time and neonicotinoid seed treatments).
13,MGYP008810575020,3.594,0.2746,72.5,384,1.44e-37,90.7,4,True,2.8132699042176695e-54,7PZJ_1,0.562,"exception: no RCSB template at E<=1e-10 with >=60% coverage (hits=7PZJ_1, best_cov=0.562)",ERP137177,Malaspina Expedition 2010 Microbial Vertical Profiles Metagenomes
14,MGYP001374132912,3.573,0.2225,77.8,374,9.11e-25,81.55,2,True,7.625438352206242e-41,7PZJ_1,0.479,"exception: no RCSB template at E<=1e-10 with >=60% coverage (hits=7PZJ_1, best_cov=0.479)",ERP104174,EMG produced TPA metagenomics assembly of the Shotgun Sequencing of Tara Oceans DNA samples corresponding to size fractions for  prokaryotes. (APY) data set
15,MGYP006196239677,3.428,0.3178,68.2,342,3.27e-58,90.06,1,True,4.589081814952549e-73,7OSB_1,0.509,"exception: no RCSB template at E<=1e-10 with >=60% coverage (hits=7OSB_1, best_cov=0.509)",ERP137364,"EMG produced TPA metagenomics assembly of PRJEB49834 data set (The occurrence, prevalence and fate of antibiotic resistant genes and microbial community in Ili river)."
16,MGYP006182106587,3.333,0.4157,58.4,224,4.22e-52,70.13,6,True,8.282211265115459e-57,8ETY_1,0.576,"exception: no RCSB template at E<=1e-10 with >=60% coverage (hits=8ETY_1, best_cov=0.576)",ERP137364,"EMG produced TPA metagenomics assembly of PRJEB49834 data set (The occurrence, prevalence and fate of antibiotic resistant genes and microbial community in Ili river)."
17,MGYP009079907039,3.269,0.2049,79.5,186,5.56e-20,79.78,2,True,5.185307317809564e-27,7PZJ_1,0.586,"exception: no RCSB template at E<=1e-10 with >=60% coverage (hits=7PZJ_1, best_cov=0.586)",ERP117856,Baltic Sea metagenome assembly and MAG data sets: Coastal transect 2015 and LMO time series 2013-2014
18,MGYP007820329685,3.232,0.1937,80.6,227,2.5e-15,94.01,4,True,1.2611813556963204e-20,7PZJ_1,0.546,"exception: no RCSB template at E<=1e-10 with >=60% coverage (hits=7PZJ_1, best_cov=0.546)",ERP135767,EMG produced TPA metagenomics assembly of PRJEB1788 data set (Shotgun Sequencing of Tara Oceans DNA samples corresponding to size fractions for  large DNA viruses).
19,MGYP006223362551,3.214,0.2401,76.0,267,3.51e-25,91.35,1,True,1.8739239252266796e-37,7PZJ_1,0.596,"exception: no RCSB template at E<=1e-10 with >=60% coverage (hits=7PZJ_1, best_cov=0.596)",ERP134737,EMG produced TPA metagenomics assembly of PRJNA656268 data set (Bio-GO-SHIP: Global marine 'omics studies of repeat hydrography transects).
20,MGYP008118803533,3.194,0.1706,82.9,300,8.16e-16,88.17,3,True,1.5361209186419963e-27,7PZJ_1,0.49,"exception: no RCSB template at E<=1e-10 with >=60% coverage (hits=7PZJ_1, best_cov=0.49)",ERP136199,EMG produced TPA metagenomics assembly of PRJNA340003 data set (Metagenomic reconstruction of bacterioplankton community metabolism in the northern Gulf of Mexico Dead Zone).
