repeat,fold,model,auroc,auprc,balanced_accuracy,C
0,0,covariate,0.5935613682092555,0.5952345070827635,0.5808853118712274,10.0
0,0,aggregation,0.5927565392354125,0.5769358100449653,0.5744466800804828,0.1
0,0,permuted,0.4671238402581686,0.4603761284344022,0.504134731746672,0.01
0,1,covariate,0.6070422535211268,0.5892025402855667,0.5953722334004024,0.1
0,1,aggregation,0.5989939637826962,0.5885050703543853,0.6168008048289739,0.1
0,1,permuted,0.44565217391304346,0.4643699404576189,0.446256038647343,0.01
0,2,covariate,0.6845070422535211,0.6403363066596367,0.6461770623742454,0.1
0,2,aggregation,0.6732394366197183,0.6315298203219519,0.6676056338028169,1.0
0,2,permuted,0.4534086325131101,0.4469200159763419,0.46843485276321095,1.0
0,3,covariate,0.6261569416498994,0.6128050837774714,0.5745472837022133,0.1
0,3,aggregation,0.647887323943662,0.6244236301335453,0.6241448692152918,0.1
0,3,permuted,0.5842490842490843,0.5138624687087715,0.5317460317460317,0.1
0,4,covariate,0.5659183673469388,0.5451785491909545,0.5785714285714285,0.01
0,4,aggregation,0.5795918367346939,0.5623543852577019,0.5714285714285714,10.0
0,4,permuted,0.5192743764172336,0.6178577648906065,0.48484848484848486,0.01
1,0,covariate,0.644466800804829,0.6184408041650538,0.6088531187122737,0.01
1,0,aggregation,0.635010060362173,0.6067613471426498,0.6378269617706237,0.1
1,0,permuted,0.40267489711934157,0.5215156901935403,0.44969135802469135,0.01
1,1,covariate,0.6782696177062374,0.6200695609488531,0.6370221327967807,0.01
1,1,aggregation,0.6812877263581489,0.6221339528493322,0.6012072434607646,0.01
1,1,permuted,0.48067632850241543,0.5503405446629026,0.4821859903381642,0.01
1,2,covariate,0.5935613682092555,0.5976523664136508,0.588933601609658,1.0
1,2,aggregation,0.5937625754527163,0.5792220684764608,0.6028169014084507,0.01
1,2,permuted,0.4515090543259558,0.5059312450105962,0.48913480885311866,10.0
1,3,covariate,0.5977867203219316,0.5836623416887297,0.5815895372233401,0.01
1,3,aggregation,0.622132796780684,0.5830407598183103,0.6176056338028169,1.0
1,3,permuted,0.4241071428571429,0.5247058362629844,0.4680397727272727,10.0
1,4,covariate,0.6342857142857142,0.6213608943303769,0.6,1.0
1,4,aggregation,0.6475510204081633,0.6479338041164162,0.6571428571428571,10.0
1,4,permuted,0.5292792792792793,0.5156927928916114,0.5235462735462735,10.0
2,0,covariate,0.6913480885311871,0.6661424705007128,0.6227364185110664,0.01
2,0,aggregation,0.6788732394366198,0.6556263867641486,0.6655935613682092,1.0
2,0,permuted,0.4922417313189057,0.5349474419699505,0.5146998775010208,1.0
2,1,covariate,0.6531187122736417,0.6518974554478354,0.6165995975855131,0.01
2,1,aggregation,0.6241448692152918,0.6199097332503212,0.6094567404426559,0.1
2,1,permuted,0.5519323671497585,0.5672989878360835,0.5283816425120773,0.01
2,2,covariate,0.56579476861167,0.5440169208447756,0.5885311871227363,0.01
2,2,aggregation,0.5937625754527163,0.5697936828424922,0.6100603621730383,1.0
2,2,permuted,0.4470185334407736,0.44117636569970536,0.4458098307816277,1.0
2,3,covariate,0.5708249496981892,0.5344641808007611,0.532897384305835,0.01
2,3,aggregation,0.5784708249496983,0.5463682786244062,0.546579476861167,0.01
2,3,permuted,0.5583501006036218,0.5819202712311586,0.529476861167002,10.0
2,4,covariate,0.6699999999999999,0.6400670253648345,0.6357142857142857,0.01
2,4,aggregation,0.6961224489795919,0.63264386529436,0.6857142857142857,10.0
2,4,permuted,0.5238192598650583,0.5562134272358437,0.47730525454917194,0.01
3,0,covariate,0.5935613682092555,0.5771313159888855,0.5663983903420523,0.01
3,0,aggregation,0.5963782696177062,0.5900750607822931,0.5732394366197183,0.1
3,0,permuted,0.34961334961334967,0.4683769505031028,0.3656898656898657,10.0
3,1,covariate,0.6164989939637827,0.5855617529326325,0.6240442655935614,0.1
3,1,aggregation,0.630784708249497,0.5937191375107752,0.5873239436619718,0.1
3,1,permuted,0.518317230273752,0.4901553320159605,0.5531400966183575,0.1
3,2,covariate,0.6601609657947687,0.6215809140966335,0.5968812877263581,0.01
3,2,aggregation,0.6818913480885312,0.6494513220564365,0.6387323943661971,0.1
3,2,permuted,0.39834943639291465,0.4479964430441521,0.408816425120773,0.01
3,3,covariate,0.6046277665995976,0.5727231566611101,0.5606639839034205,0.01
3,3,aggregation,0.6100603621730382,0.5765665322578521,0.6178068410462776,0.01
3,3,permuted,0.48410462776659957,0.5181974303077711,0.5339034205231388,10.0
3,4,covariate,0.6138775510204082,0.622264976128927,0.5857142857142856,0.01
3,4,aggregation,0.6134693877551021,0.6009009025415584,0.6285714285714286,1.0
3,4,permuted,0.6076750357215758,0.6160128565355648,0.5619514186568687,10.0
4,0,covariate,0.6895372233400402,0.6934878614387073,0.6309859154929578,0.01
4,0,aggregation,0.6915492957746479,0.6928854426454525,0.6520120724346077,0.1
4,0,permuted,0.43772968558595343,0.43117914749660613,0.467639853001225,0.01
4,1,covariate,0.5849094567404426,0.5725764459147198,0.5741448692152917,0.01
4,1,aggregation,0.5877263581488934,0.5587730659118343,0.6298792756539235,10.0
4,1,permuted,0.5108651911468813,0.49132975227282577,0.5095573440643864,10.0
4,2,covariate,0.6162977867203219,0.5811709762831349,0.5749496981891349,0.01
4,2,aggregation,0.6171026156941649,0.5751963502177458,0.6037223340040241,0.01
4,2,permuted,0.5107287449392713,0.47622344624927215,0.5182186234817814,10.0
4,3,covariate,0.6382293762575453,0.5969474423311644,0.5822937625754527,0.01
4,3,aggregation,0.6366197183098592,0.5769379262033338,0.6318913480885311,10.0
4,3,permuted,0.488933601609658,0.5061361637550309,0.4911468812877264,0.1
4,4,covariate,0.6016326530612244,0.5816919996275874,0.5857142857142857,0.01
4,4,aggregation,0.6261224489795918,0.5968591457969796,0.6214285714285714,0.1
4,4,permuted,0.5011282051282051,0.45700549553794195,0.5143589743589744,0.01
5,0,covariate,0.639235412474849,0.6302942252064052,0.5886317907444668,0.01
5,0,aggregation,0.6549295774647887,0.6312101829578989,0.6028169014084507,0.01
5,0,permuted,0.5359015732150061,0.5610333221103283,0.5096813231141589,0.01
5,1,covariate,0.5987927565392355,0.5566463114201914,0.5943661971830986,0.01
5,1,aggregation,0.6072434607645875,0.5599167345171165,0.5604627766599597,0.01
5,1,permuted,0.4653923541247485,0.47755358549820304,0.49637826961770626,1.0
5,2,covariate,0.6279678068410462,0.5844114137500209,0.6317907444668008,0.1
5,2,aggregation,0.6203219315895372,0.5867796182307514,0.6179074446680081,1.0
5,2,permuted,0.5311111111111111,0.541593956898792,0.5042424242424243,10.0
5,3,covariate,0.6372233400402415,0.609482811134177,0.6028169014084507,0.1
5,3,aggregation,0.5832997987927566,0.5715529161531443,0.5817907444668009,1.0
5,3,permuted,0.45535714285714285,0.41493882634676227,0.4902597402597403,10.0
5,4,covariate,0.6310204081632653,0.656546890649795,0.5857142857142857,0.1
5,4,aggregation,0.6528571428571429,0.6876714678578062,0.5357142857142857,0.1
5,4,permuted,0.6357493857493858,0.6157014929239647,0.5595823095823096,10.0
6,0,covariate,0.5756539235412474,0.5607500890915041,0.5949698189134809,0.01
6,0,aggregation,0.6104627766599597,0.6037328363641004,0.5878269617706238,0.1
6,0,permuted,0.5556003223207091,0.493979455039131,0.5042304593070105,10.0
6,1,covariate,0.6062374245472837,0.6251695184379448,0.5677062374245473,0.01
6,1,aggregation,0.5939637826961771,0.6099575704574995,0.6090543259557344,1.0
6,1,permuted,0.5534912209064925,0.5347180913297865,0.4883625969783585,0.1
6,2,covariate,0.6398390342052314,0.5708632704386354,0.6313883299798793,0.01
6,2,aggregation,0.645271629778672,0.5755382570325898,0.6526156941649899,0.01
6,2,permuted,0.5255681818181819,0.46982836573659315,0.5164366883116883,10.0
6,3,covariate,0.622334004024145,0.5956570009930339,0.5755533199195171,0.01
6,3,aggregation,0.60261569416499,0.5637603611469565,0.5755533199195171,0.1
6,3,permuted,0.5430583501006037,0.534045822251661,0.5118712273641851,10.0
6,4,covariate,0.6936734693877551,0.674448003217572,0.6642857142857143,0.01
6,4,aggregation,0.7016326530612245,0.6896107367181554,0.6714285714285715,0.1
6,4,permuted,0.4392908678622964,0.4923320221604362,0.4264069264069264,0.1
7,0,covariate,0.6694164989939637,0.6281861585279919,0.6311871227364185,0.01
7,0,aggregation,0.6543259557344064,0.6330526651085203,0.6168008048289739,10.0
7,0,permuted,0.5410958904109588,0.5551026512409097,0.5330378726833198,10.0
7,1,covariate,0.637625754527163,0.6191731285061413,0.5944668008048289,0.01
7,1,aggregation,0.6422535211267605,0.6083405318033192,0.630281690140845,0.1
7,1,permuted,0.4395648670427075,0.5033099613622539,0.44298952457695406,0.01
7,2,covariate,0.5148893360160967,0.5073946810772432,0.5332997987927566,0.1
7,2,aggregation,0.524748490945674,0.5013849779518276,0.5471830985915492,0.1
7,2,permuted,0.5,0.4885667777973758,0.5101609657947686,0.01
7,3,covariate,0.5917505030181086,0.5692925515485826,0.5961770623742455,0.01
7,3,aggregation,0.607645875251509,0.588527542719162,0.617102615694165,0.1
7,3,permuted,0.46202531645569617,0.5367014068328168,0.504287464271131,10.0
7,4,covariate,0.6916326530612245,0.6984044586084017,0.6142857142857143,0.01
7,4,aggregation,0.6922448979591838,0.6656951874504555,0.6571428571428571,0.1
7,4,permuted,0.48499177631578944,0.5592718094351353,0.4786184210526316,0.1
8,0,covariate,0.6100603621730382,0.5967952546889275,0.6023138832997987,10.0
8,0,aggregation,0.6112676056338028,0.5929849787483223,0.5813883299798792,0.1
8,0,permuted,0.5547283702213279,0.5781582069932208,0.5533199195171026,1.0
8,1,covariate,0.5724346076458752,0.5438992116798111,0.5450704225352112,0.01
8,1,aggregation,0.5808853118712274,0.552554324906945,0.5593561368209256,0.01
8,1,permuted,0.5291005291005291,0.5714936956971735,0.5409035409035409,0.01
8,2,covariate,0.7219315895372234,0.7160251773852442,0.6680080482897384,0.01
8,2,aggregation,0.7096579476861167,0.6875089280240784,0.6603621730382294,0.01
8,2,permuted,0.4897342995169083,0.4684928925087669,0.481280193236715,0.01
8,3,covariate,0.5985915492957746,0.5947735738245703,0.6029175050301812,0.1
8,3,aggregation,0.6096579476861167,0.5962531350238293,0.6174044265593561,0.01
8,3,permuted,0.42813765182186236,0.4720813821388624,0.425,0.01
8,4,covariate,0.6014285714285714,0.5727972218421302,0.5857142857142856,0.01
8,4,aggregation,0.6095918367346939,0.5781193617018068,0.6000000000000001,0.01
8,4,permuted,0.4751020408163265,0.4595866023239814,0.42857142857142855,0.01
9,0,covariate,0.5736418511066398,0.5707676102439561,0.5520120724346077,0.01
9,0,aggregation,0.5830985915492958,0.573752593870955,0.5595573440643863,0.1
9,0,permuted,0.5547415547415547,0.5081005025864682,0.5222832722832722,10.0
9,1,covariate,0.6412474849094567,0.608737761222214,0.6172032193158954,0.01
9,1,aggregation,0.6225352112676056,0.5968846061818789,0.6381287726358149,10.0
9,1,permuted,0.5992335619201291,0.5863353865828056,0.5580879386849537,0.01
9,2,covariate,0.6279678068410462,0.597137377733403,0.63158953722334,0.01
9,2,aggregation,0.6392354124748492,0.5900545876440384,0.6386317907444667,0.1
9,2,permuted,0.41194331983805665,0.4048710299223316,0.4247975708502024,10.0
9,3,covariate,0.5909456740442656,0.5740333873409487,0.5957746478873239,0.1
9,3,aggregation,0.5963782696177062,0.5822722281738342,0.5821931589537224,10.0
9,3,permuted,0.482897384305835,0.4949464069617774,0.5186116700201208,0.01
9,4,covariate,0.6673469387755102,0.6506288164870506,0.6214285714285714,0.1
9,4,aggregation,0.6965306122448979,0.673193783644852,0.6642857142857143,0.1
9,4,permuted,0.5418709150326797,0.5329298915649325,0.5612745098039216,1.0
