accession,class,decision,reason,pair_id
P00450,1,exclude,phrase_absent,
P19634,1,exclude,phrase_absent,
P62341,1,exclude,nonstandard_residue,
Q13608,1,exclude,phrase_absent,
Q6P4I2,1,exclude,phrase_absent,
Q7Z6J9,1,exclude,phrase_absent,
Q8NI60,1,exclude,phrase_absent,
Q9C0D9,1,exclude,nonstandard_residue,
Q9HAB3,1,exclude,phrase_absent,
A0A1B0GV22,0,exclude,duplicate_sequence,
B3EWG5,0,exclude,duplicate_sequence,
B3EWG6,0,exclude,duplicate_sequence,
E5RIL1,0,exclude,duplicate_sequence,
H0Y7S4,0,exclude,duplicate_sequence,
H3BUK9,0,exclude,duplicate_sequence,
O60613,0,exclude,nonstandard_residue,
P01594,0,exclude,duplicate_sequence,
P01614,0,exclude,duplicate_sequence,
P01615,0,exclude,duplicate_sequence,
P04432,0,exclude,duplicate_sequence,
P07203,0,exclude,nonstandard_residue,
P0CG08,0,exclude,duplicate_sequence,
P0CJ86,0,exclude,duplicate_sequence,
P0CJ88,0,exclude,duplicate_sequence,
P0CJ89,0,exclude,duplicate_sequence,
P0CJ90,0,exclude,duplicate_sequence,
P0CL80,0,exclude,duplicate_sequence,
P0CL81,0,exclude,duplicate_sequence,
P0CL82,0,exclude,duplicate_sequence,
P0CW01,0,exclude,duplicate_sequence,
P0CW20,0,exclude,duplicate_sequence,
P0DM63,0,exclude,duplicate_sequence,
P0DMB1,0,exclude,duplicate_sequence,
P0DMN0,0,exclude,duplicate_sequence,
P0DMR1,0,exclude,duplicate_sequence,
P0DMU8,0,exclude,duplicate_sequence,
P0DMV0,0,exclude,duplicate_sequence,
P0DMV2,0,exclude,duplicate_sequence,
P0DMW5,0,exclude,duplicate_sequence,
P0DN26,0,exclude,duplicate_sequence,
P0DN78,0,exclude,duplicate_sequence,
P0DP03,0,exclude,duplicate_sequence,
P0DP09,0,exclude,duplicate_sequence,
P0DP71,0,exclude,duplicate_sequence,
P0DP74,0,exclude,duplicate_sequence,
P0DPF7,0,exclude,duplicate_sequence,
P0DPH9,0,exclude,duplicate_sequence,
P0DPI3,0,exclude,duplicate_sequence,
P0DSN7,0,exclude,duplicate_sequence,
P0DTA3,0,exclude,duplicate_sequence,
P0DTE8,0,exclude,duplicate_sequence,
P0DUB6,0,exclude,duplicate_sequence,
P0DUD1,0,exclude,duplicate_sequence,
P0DUD2,0,exclude,duplicate_sequence,
P0DUD3,0,exclude,duplicate_sequence,
P0DUD4,0,exclude,duplicate_sequence,
P0DUQ2,0,exclude,duplicate_sequence,
P0DUX0,0,exclude,duplicate_sequence,
P0DV74,0,exclude,duplicate_sequence,
P0DV76,0,exclude,duplicate_sequence,
P0DW11,0,exclude,duplicate_sequence,
P0DW12,0,exclude,duplicate_sequence,
P0DW13,0,exclude,duplicate_sequence,
P0DW14,0,exclude,duplicate_sequence,
P0DXC3,0,exclude,duplicate_sequence,
P18283,0,exclude,nonstandard_residue,
P22352,0,exclude,nonstandard_residue,
P49908,0,exclude,nonstandard_residue,
P55073,0,exclude,nonstandard_residue,
P59796,0,exclude,nonstandard_residue,
P59797,0,exclude,nonstandard_residue,
P61573,0,exclude,duplicate_sequence,
P61574,0,exclude,duplicate_sequence,
P61579,0,exclude,duplicate_sequence,
P63302,0,exclude,nonstandard_residue,
P86479,0,exclude,duplicate_sequence,
P86480,0,exclude,duplicate_sequence,
P86481,0,exclude,duplicate_sequence,
P86496,0,exclude,duplicate_sequence,
P86791,0,exclude,duplicate_sequence,
Q16881,0,exclude,nonstandard_residue,
Q30KR1,0,exclude,duplicate_sequence,
Q3ZM63,0,exclude,duplicate_sequence,
Q5DJT8,0,exclude,duplicate_sequence,
Q69383,0,exclude,duplicate_sequence,
Q86VQ6,0,exclude,nonstandard_residue,
Q8IZP1,0,exclude,duplicate_sequence,
Q8IZQ5,0,exclude,nonstandard_residue,
Q8WWX9,0,exclude,nonstandard_residue,
Q92813,0,exclude,nonstandard_residue,
Q99611,0,exclude,nonstandard_residue,
Q9BQE4,0,exclude,nonstandard_residue,
Q9BVL4,0,exclude,nonstandard_residue,
Q9BYR9,0,exclude,duplicate_sequence,
Q9NZV6,0,exclude,nonstandard_residue,
Q9Y6D0,0,exclude,nonstandard_residue,
Q9YNA8,0,exclude,duplicate_sequence,
A1L188,1,include,,1.0
A6NIU2,0,include,,1.0
O00189,1,include,,2.0
O43194,0,include,,2.0
O00217,1,include,,3.0
A6NJW9,0,include,,3.0
O00400,1,include,,4.0
A0A087WVF3,0,include,,4.0
O00429,1,include,,5.0
O14641,0,include,,5.0
O00505,1,include,,6.0
A2RU30,0,include,,6.0
O00567,1,include,,7.0
Q03989,0,include,,7.0
O14653,1,include,,8.0
A0A1B0GUA9,0,include,,8.0
O14672,1,include,,9.0
Q8N264,0,include,,9.0
O14773,1,include,,10.0
B3KU38,0,include,,10.0
O15239,1,include,,11.0
A0A096LNP1,0,include,,11.0
O15265,1,include,,12.0
P59044,0,include,,12.0
O15269,1,include,,13.0
P30307,0,include,,13.0
O15294,1,include,,14.0
O60284,0,include,,14.0
O15431,1,include,,15.0
A0A087WWS6,0,include,,15.0
O43181,1,include,,16.0
A8K5M9,0,include,,16.0
O43299,1,include,,17.0
P22059,0,include,,17.0
O43424,1,include,,18.0
Q13523,0,include,,18.0
O43464,1,include,,19.0
B1AL88,0,include,,19.0
O43676,1,include,,20.0
A0A1B0GU71,0,include,,20.0
O43678,1,include,,21.0
A1L168,0,include,,21.0
O60260,1,include,,22.0
A8K0Z3,0,include,,22.0
O60733,1,include,,23.0
Q5VT03,0,include,,23.0
O60930,1,include,,24.0
O75323,0,include,,24.0
O75027,1,include,,25.0
O95170,0,include,,25.0
O75061,1,include,,26.0
P26045,0,include,,26.0
O75251,1,include,,27.0
A0A3B3IT52,0,include,,27.0
O75298,1,include,,28.0
P22792,0,include,,28.0
O75306,1,include,,29.0
C4AMC7,0,include,,29.0
O75380,1,include,,30.0
A0A0A0MRZ9,0,include,,30.0
O75439,1,include,,31.0
O75019,0,include,,31.0
O75477,1,include,,32.0
O75764,0,include,,32.0
O75489,1,include,,33.0
A6NGC4,0,include,,33.0
O75503,1,include,,34.0
A6NJJ6,0,include,,34.0
O75553,1,include,,35.0
O00541,0,include,,35.0
O75881,1,include,,36.0
A6NEE1,0,include,,36.0
O94830,1,include,,37.0
A2AJT9,0,include,,37.0
O94905,1,include,,38.0
A0PK00,0,include,,38.0
O95169,1,include,,39.0
A0A0U1RR37,0,include,,39.0
O95185,1,include,,40.0
O60462,0,include,,40.0
O95202,1,include,,41.0
P19320,0,include,,41.0
O95263,1,include,,42.0
Q01780,0,include,,42.0
O95278,1,include,,43.0
A1A4V9,0,include,,43.0
O95292,1,include,,44.0
O95926,0,include,,44.0
O95298,1,include,,45.0
A0A075B6H9,0,include,,45.0
O95299,1,include,,46.0
A5D8V6,0,include,,46.0
O95352,1,include,,47.0
A6NHC0,0,include,,47.0
O95363,1,include,,48.0
A6NKC9,0,include,,48.0
O95551,1,include,,49.0
A0AVI4,0,include,,49.0
O95831,1,include,,50.0
O15354,0,include,,50.0
O95870,1,include,,51.0
O00592,0,include,,51.0
O95932,1,include,,52.0
O14523,0,include,,52.0
O96000,1,include,,53.0
A0A1B0GW35,0,include,,53.0
P00441,1,include,,54.0
A0A1B0GUS4,0,include,,54.0
P00846,1,include,,55.0
F2Z333,0,include,,55.0
P01213,1,include,,56.0
P01903,0,include,,56.0
P02649,1,include,,57.0
A0PJE2,0,include,,57.0
P02792,1,include,,58.0
O15304,0,include,,58.0
P02794,1,include,,59.0
A6NEN9,0,include,,59.0
P03886,1,include,,60.0
O15162,0,include,,60.0
P03891,1,include,,61.0
A8MVJ9,0,include,,61.0
P03897,1,include,,62.0
A0A075B6J6,0,include,,62.0
P03915,1,include,,63.0
A8MQT2,0,include,,63.0
P03923,1,include,,64.0
E5RG02,0,include,,64.0
P03950,1,include,,65.0
A4QMS7,0,include,,65.0
P04062,1,include,,66.0
A0A0J9YXV3,0,include,,66.0
P04080,1,include,,67.0
B3GLJ2,0,include,,67.0
P04156,1,include,,68.0
A1L157,0,include,,68.0
P05067,1,include,,69.0
O75074,0,include,,69.0
P05129,1,include,,70.0
A9YTQ3,0,include,,70.0
P06865,1,include,,71.0
O43278,0,include,,71.0
P07101,1,include,,72.0
A6NHY2,0,include,,72.0
P07333,1,include,,73.0
Q14CX7,0,include,,73.0
P07339,1,include,,74.0
A6NKF2,0,include,,74.0
P07384,1,include,,75.0
A0A0J9YY54,0,include,,75.0
P07602,1,include,,76.0
P0CG12,0,include,,76.0
P07737,1,include,,77.0
A6NFH5,0,include,,77.0
P08473,1,include,,78.0
Q04609,0,include,,78.0
P09651,1,include,,79.0
O15391,0,include,,79.0
P09936,1,include,,80.0
A6NFC5,0,include,,80.0
P0DPK4,1,include,,81.0
A8MUP6,0,include,,81.0
P10636,1,include,,82.0
Q14684,0,include,,82.0
P10809,1,include,,83.0
P21506,0,include,,83.0
P11182,1,include,,84.0
A8MWK0,0,include,,84.0
P12004,1,include,,85.0
O15400,0,include,,85.0
P12036,1,include,,86.0
Q6P1M3,0,include,,86.0
P12694,1,include,,87.0
O75570,0,include,,87.0
P13639,1,include,,88.0
P13591,0,include,,88.0
P14854,1,include,,89.0
O60575,0,include,,89.0
P14920,1,include,,90.0
O14828,0,include,,90.0
P15328,1,include,,91.0
P12319,0,include,,91.0
P17405,1,include,,92.0
A0MZ66,0,include,,92.0
P17480,1,include,,93.0
P01833,0,include,,93.0
P17568,1,include,,94.0
A0A494C103,0,include,,94.0
P18887,1,include,,95.0
O94927,0,include,,95.0
P19404,1,include,,96.0
B9EJG8,0,include,,96.0
P20226,1,include,,97.0
A6NMY6,0,include,,97.0
P20336,1,include,,98.0
A0A1B0GVH4,0,include,,98.0
P20916,1,include,,99.0
O00327,0,include,,99.0
P21554,1,include,,100.0
A6NDV4,0,include,,100.0
P21912,1,include,,101.0
O14893,0,include,,101.0
P21953,1,include,,102.0
O75526,0,include,,102.0
P22626,1,include,,103.0
A6NFR6,0,include,,103.0
P23610,1,include,,104.0
O43889,0,include,,104.0
P23763,1,include,,105.0
A0A075B6I6,0,include,,105.0
P23919,1,include,,106.0
P05408,0,include,,106.0
P27544,1,include,,107.0
E9PKD4,0,include,,107.0
P28331,1,include,,108.0
P43304,0,include,,108.0
P28799,1,include,,109.0
A0AV96,0,include,,109.0
P30048,1,include,,110.0
A0A1B0GVB3,0,include,,110.0
P30084,1,include,,111.0
A0A2Z4LIS9,0,include,,111.0
P31040,1,include,,112.0
Q14515,0,include,,112.0
P31483,1,include,,113.0
O00445,0,include,,113.0
P35052,1,include,,114.0
P31512,0,include,,114.0
P35219,1,include,,115.0
A6NJR5,0,include,,115.0
P35637,1,include,,116.0
A0A1B0GV85,0,include,,116.0
P37840,1,include,,117.0
O75817,0,include,,117.0
P41002,1,include,,118.0
A1A4S6,0,include,,118.0
P41219,1,include,,119.0
O15204,0,include,,119.0
P42898,1,include,,120.0
P26374,0,include,,120.0
P43155,1,include,,121.0
O75820,0,include,,121.0
P43243,1,include,,122.0
P20273,0,include,,122.0
P45381,1,include,,123.0
A0A0X1KG70,0,include,,123.0
P47897,1,include,,124.0
O15041,0,include,,124.0
P48200,1,include,,125.0
O94829,0,include,,125.0
P48547,1,include,,126.0
P04746,0,include,,126.0
P49588,1,include,,127.0
Q9Y5W8,0,include,,127.0
P49754,1,include,,128.0
A4D1B5,0,include,,128.0
P49768,1,include,,129.0
A8MPY1,0,include,,129.0
P49810,1,include,,130.0
O14977,0,include,,130.0
P49821,1,include,,131.0
A0A8V8TNH8,0,include,,131.0
P49902,1,include,,132.0
O43281,0,include,,132.0
P49961,1,include,,133.0
O15446,0,include,,133.0
P50897,1,include,,134.0
A6NMZ5,0,include,,134.0
P50995,1,include,,135.0
A8MUU9,0,include,,135.0
P51797,1,include,,136.0
Q15572,0,include,,136.0
P51811,1,include,,137.0
A6NNZ2,0,include,,137.0
P51970,1,include,,138.0
A6NLE4,0,include,,138.0
P54136,1,include,,139.0
O43155,0,include,,139.0
P54252,1,include,,140.0
A0A1W2PQ72,0,include,,140.0
P54253,1,include,,141.0
A6NNM8,0,include,,141.0
P54259,1,include,,142.0
Q5VZ46,0,include,,142.0
P54886,1,include,,143.0
O43143,0,include,,143.0
P55072,1,include,,144.0
Q52LR7,0,include,,144.0
P56192,1,include,,145.0
Q5T5J6,0,include,,145.0
P56556,1,include,,146.0
A4QN01,0,include,,146.0
P60201,1,include,,147.0
O15503,0,include,,147.0
P68366,1,include,,148.0
P34910,0,include,,148.0
P78380,1,include,,149.0
A0A7P0TBJ1,0,include,,149.0
Q00005,1,include,,150.0
A0PJZ3,0,include,,150.0
Q00973,1,include,,151.0
A6NCF5,0,include,,151.0
Q01433,1,include,,152.0
O75815,0,include,,152.0
Q01959,1,include,,153.0
O14975,0,include,,153.0
Q03135,1,include,,154.0
A0A5B9,0,include,,154.0
Q03252,1,include,,155.0
O43663,0,include,,155.0
Q06787,1,include,,156.0
A1L0T0,0,include,,156.0
Q10713,1,include,,157.0
O75886,0,include,,157.0
Q12768,1,include,,158.0
O14917,0,include,,158.0
Q12840,1,include,,159.0
O95197,0,include,,159.0
Q13057,1,include,,160.0
O95361,0,include,,160.0
Q13148,1,include,,161.0
O75200,0,include,,161.0
Q13217,1,include,,162.0
A6NFX1,0,include,,162.0
Q13232,1,include,,163.0
A6NEY8,0,include,,163.0
Q13255,1,include,,164.0
Q5VT97,0,include,,164.0
Q13286,1,include,,165.0
A4D263,0,include,,165.0
Q13501,1,include,,166.0
A4D2B8,0,include,,166.0
Q13507,1,include,,167.0
A0FGR8,0,include,,167.0
Q13637,1,include,,168.0
A2RU48,0,include,,168.0
Q14003,1,include,,169.0
Q4G0A6,0,include,,169.0
Q14108,1,include,,170.0
A3QJZ7,0,include,,170.0
Q14444,1,include,,171.0
A4FU01,0,include,,171.0
Q14CZ8,1,include,,172.0
A6NM28,0,include,,172.0
Q15041,1,include,,173.0
A0A1B0GVZ9,0,include,,173.0
Q15043,1,include,,174.0
A8MYZ6,0,include,,174.0
Q15046,1,include,,175.0
A2A2Y4,0,include,,175.0
Q15257,1,include,,176.0
A8K0S8,0,include,,176.0
Q15526,1,include,,177.0
A5LHX3,0,include,,177.0
Q156A1,1,include,,178.0
A0A183,0,include,,178.0
Q15813,1,include,,179.0
O95747,0,include,,179.0
Q15818,1,include,,180.0
A6NEM1,0,include,,180.0
Q16595,1,include,,181.0
O00212,0,include,,181.0
Q16643,1,include,,182.0
O95834,0,include,,182.0
Q16795,1,include,,183.0
O60704,0,include,,183.0
Q330K2,1,include,,184.0
A0A1B0GTS1,0,include,,184.0
Q3B7T3,1,include,,185.0
O14798,0,include,,185.0
Q53FT3,1,include,,186.0
A0A1W2PPL8,0,include,,186.0
Q5JRX3,1,include,,187.0
P54756,0,include,,187.0
Q5JTZ9,1,include,,188.0
Q6PKC3,0,include,,188.0
Q5SV17,1,include,,189.0
A6NGE7,0,include,,189.0
Q5T3F8,1,include,,190.0
O75077,0,include,,190.0
Q5T440,1,include,,191.0
A6NJB7,0,include,,191.0
Q5T442,1,include,,192.0
O00624,0,include,,192.0
Q5TEU4,1,include,,193.0
A0A1W2PPF3,0,include,,193.0
Q5VIR6,1,include,,194.0
P0DX00,0,include,,194.0
Q5VTB9,1,include,,195.0
A8MYJ7,0,include,,195.0
Q5XKP0,1,include,,196.0
A0A075B6J2,0,include,,196.0
Q69YN2,1,include,,197.0
A6NL88,0,include,,197.0
Q6ICL3,1,include,,198.0
H3BQB6,0,include,,198.0
Q6NVY1,1,include,,199.0
O60711,0,include,,199.0
Q6VVB1,1,include,,200.0
P01859,0,include,,200.0
Q6XUX3,1,include,,201.0
Q5VWG9,0,include,,201.0
Q7L5A8,1,include,,202.0
O60547,0,include,,202.0
Q7L8L6,1,include,,203.0
Q9BXB5,0,include,,203.0
Q7RTP0,1,include,,204.0
A6NHX0,0,include,,204.0
Q7Z449,1,include,,205.0
A0A0A6YYL3,0,include,,205.0
Q86X27,1,include,,206.0
A8MT19,0,include,,206.0
Q86Y39,1,include,,207.0
O75379,0,include,,207.0
Q86YC3,1,include,,208.0
O43823,0,include,,208.0
Q8IUX1,1,include,,209.0
A8MVS5,0,include,,209.0
Q8IV08,1,include,,210.0
O00409,0,include,,210.0
Q8IYU2,1,include,,211.0
O43184,0,include,,211.0
Q8N0X7,1,include,,212.0
P58401,0,include,,212.0
Q8N183,1,include,,213.0
A8MTY7,0,include,,213.0
Q8N3J5,1,include,,214.0
O60909,0,include,,214.0
Q8N766,1,include,,215.0
A0A0J9YWL9,0,include,,215.0
Q8NB59,1,include,,216.0
A6NK97,0,include,,216.0
Q8NBF2,1,include,,217.0
O43506,0,include,,217.0
Q8NEL9,1,include,,218.0
Q7Z5Q5,0,include,,218.0
Q8NEZ2,1,include,,219.0
A6NHR8,0,include,,219.0
Q8NHS3,1,include,,220.0
A0A1B0GWI6,0,include,,220.0
Q8TB37,1,include,,221.0
A6NGY5,0,include,,221.0
Q8TCG5,1,include,,222.0
C9J798,0,include,,222.0
Q8TCS8,1,include,,223.0
Q13671,0,include,,223.0
Q8WWI5,1,include,,224.0
C9JQI7,0,include,,224.0
Q8WXF7,1,include,,225.0
P49448,0,include,,225.0
Q8WXH2,1,include,,226.0
Q8NCD3,0,include,,226.0
Q8WYQ3,1,include,,227.0
A8MUM7,0,include,,227.0
Q92562,1,include,,228.0
A8MPP1,0,include,,228.0
Q92581,1,include,,229.0
Q16820,0,include,,229.0
Q92622,1,include,,230.0
Q8N612,0,include,,230.0
Q92734,1,include,,231.0
A0A1W2PPK0,0,include,,231.0
Q92915,1,include,,232.0
F5H4A9,0,include,,232.0
Q92989,1,include,,233.0
A1Z1Q3,0,include,,233.0
Q969W0,1,include,,234.0
A0A0U1RRL7,0,include,,234.0
Q96A57,1,include,,235.0
A0A075B6I1,0,include,,235.0
Q96B26,1,include,,236.0
O15194,0,include,,236.0
Q96BR5,1,include,,237.0
O95372,0,include,,237.0
Q96C11,1,include,,238.0
O15389,0,include,,238.0
Q96CU9,1,include,,239.0
O15229,0,include,,239.0
Q96CV9,1,include,,240.0
O95793,0,include,,240.0
Q96CW6,1,include,,241.0
A6NHA9,0,include,,241.0
Q96D71,1,include,,242.0
Q68CJ6,0,include,,242.0
Q96DA2,1,include,,243.0
A6NH52,0,include,,243.0
Q96DP5,1,include,,244.0
P30559,0,include,,244.0
Q96EK4,1,include,,245.0
A0A286YEU6,0,include,,245.0
Q96F25,1,include,,246.0
O95750,0,include,,246.0
Q96FH0,1,include,,247.0
A0A075B6L2,0,include,,247.0
Q96G97,1,include,,248.0
O00241,0,include,,248.0
Q96H96,1,include,,249.0
P0C7U3,0,include,,249.0
Q96I59,1,include,,250.0
A6NHN0,0,include,,250.0
Q96IR7,1,include,,251.0
P57721,0,include,,251.0
Q96K19,1,include,,252.0
A7E2S9,0,include,,252.0
Q96KG9,1,include,,253.0
P25205,0,include,,253.0
Q96LT7,1,include,,254.0
A3QJZ6,0,include,,254.0
Q96MP8,1,include,,255.0
A0A5F9ZHS7,0,include,,255.0
Q96MT3,1,include,,256.0
Q9ULD5,0,include,,256.0
Q96P31,1,include,,257.0
A0A1B0GTH6,0,include,,257.0
Q96Q11,1,include,,258.0
O60664,0,include,,258.0
Q96QK1,1,include,,259.0
Q6NSJ5,0,include,,259.0
Q96RR1,1,include,,260.0
A8MX76,0,include,,260.0
Q96S66,1,include,,261.0
O95199,0,include,,261.0
Q99447,1,include,,262.0
P31350,0,include,,262.0
Q99497,1,include,,263.0
A0A1B0GTL2,0,include,,263.0
Q99574,1,include,,264.0
O15482,0,include,,264.0
Q99714,1,include,,265.0
O94778,0,include,,265.0
Q99720,1,include,,266.0
A8MWL6,0,include,,266.0
Q99757,1,include,,267.0
A0A1B0GUA7,0,include,,267.0
Q99798,1,include,,268.0
O43815,0,include,,268.0
Q9BRK0,1,include,,269.0
A4QPB2,0,include,,269.0
Q9BSA9,1,include,,270.0
O95907,0,include,,270.0
Q9BTW9,1,include,,271.0
Q6AWC2,0,include,,271.0
Q9BU61,1,include,,272.0
A0A2R8YFL7,0,include,,272.0
Q9BVA6,1,include,,273.0
O60269,0,include,,273.0
Q9BXM7,1,include,,274.0
A0JP26,0,include,,274.0
Q9BZ23,1,include,,275.0
A2RTY3,0,include,,275.0
Q9C056,1,include,,276.0
O75828,0,include,,276.0
Q9GZR5,1,include,,277.0
A0A494C1R9,0,include,,277.0
Q9GZZ9,1,include,,278.0
A6NKF1,0,include,,278.0
Q9H0B6,1,include,,279.0
A0A1B0GV03,0,include,,279.0
Q9H1Y0,1,include,,280.0
A0PK05,0,include,,280.0
Q9H2C0,1,include,,281.0
A6NN73,0,include,,281.0
Q9H3J6,1,include,,282.0
E9PB15,0,include,,282.0
Q9H3T3,1,include,,283.0
Q7Z6J0,0,include,,283.0
Q9H3Z4,1,include,,284.0
A0A1W2PP81,0,include,,284.0
Q9H902,1,include,,285.0
A0A0K2S4Q6,0,include,,285.0
Q9H9T3,1,include,,286.0
O95072,0,include,,286.0
Q9HCG7,1,include,,287.0
P57103,0,include,,287.0
Q9NPL8,1,include,,288.0
A0A1B0GUY1,0,include,,288.0
Q9NQ11,1,include,,289.0
Q0VF49,0,include,,289.0
Q9NQ40,1,include,,290.0
O94921,0,include,,290.0
Q9NQC7,1,include,,291.0
O00339,0,include,,291.0
Q9NQV8,1,include,,292.0
O15231,0,include,,292.0
Q9NRA0,1,include,,293.0
P52736,0,include,,293.0
Q9NRA2,1,include,,294.0
A6NJL1,0,include,,294.0
Q9NRR5,1,include,,295.0
P30154,0,include,,295.0
Q9NSK0,1,include,,296.0
A1YPR0,0,include,,296.0
Q9NSK7,1,include,,297.0
P01036,0,include,,297.0
Q9NUM4,1,include,,298.0
A0A096LNW5,0,include,,298.0
Q9NUW8,1,include,,299.0
O94826,0,include,,299.0
Q9NVV4,1,include,,300.0
A2A3L6,0,include,,300.0
Q9NW08,1,include,,301.0
A8MRT5,0,include,,301.0
Q9NW15,1,include,,302.0
Q01167,0,include,,302.0
Q9NWW5,1,include,,303.0
A0A2R8YED5,0,include,,303.0
Q9NWX6,1,include,,304.0
A4D161,0,include,,304.0
Q9NX14,1,include,,305.0
A0A6I8PU40,0,include,,305.0
Q9NX46,1,include,,306.0
O75818,0,include,,306.0
Q9NXN4,1,include,,307.0
O43174,0,include,,307.0
Q9NYP7,1,include,,308.0
A6NI73,0,include,,308.0
Q9NZ09,1,include,,309.0
A6NFN9,0,include,,309.0
Q9NZC2,1,include,,310.0
H3BNL8,0,include,,310.0
Q9NZC7,1,include,,311.0
P0DPA2,0,include,,311.0
Q9NZD8,1,include,,312.0
A6NFT4,0,include,,312.0
Q9P032,1,include,,313.0
O60895,0,include,,313.0
Q9P086,1,include,,314.0
A0A075B6H8,0,include,,314.0
Q9P0J0,1,include,,315.0
A4D1Z8,0,include,,315.0
Q9P1W3,1,include,,316.0
Q96JF6,0,include,,316.0
Q9UBB4,1,include,,317.0
O43818,0,include,,317.0
Q9UBP0,1,include,,318.0
A6NJ88,0,include,,318.0
Q9UBX1,1,include,,319.0
A5YM69,0,include,,319.0
Q9UBY8,1,include,,320.0
P0C2W1,0,include,,320.0
Q9UGJ0,1,include,,321.0
P36268,0,include,,321.0
Q9UGM6,1,include,,322.0
O95273,0,include,,322.0
Q9UHD2,1,include,,323.0
Q16348,0,include,,323.0
Q9UHD9,1,include,,324.0
A6PVS8,0,include,,324.0
Q9UHK6,1,include,,325.0
P0DKB5,0,include,,325.0
Q9UI09,1,include,,326.0
A0A0D9SF12,0,include,,326.0
Q9UK17,1,include,,327.0
O75509,0,include,,327.0
Q9UKV5,1,include,,328.0
P17027,0,include,,328.0
Q9UMS0,1,include,,329.0
P01909,0,include,,329.0
Q9UNE7,1,include,,330.0
P05026,0,include,,330.0
Q9UPM8,1,include,,331.0
O15068,0,include,,331.0
Q9UQ90,1,include,,332.0
P21127,0,include,,332.0
Q9UQN3,1,include,,333.0
O00559,0,include,,333.0
Q9Y287,1,include,,334.0
A4D2B0,0,include,,334.0
Q9Y289,1,include,,335.0
O43246,0,include,,335.0
Q9Y2Y1,1,include,,336.0
A0A087WTH1,0,include,,336.0
Q9Y320,1,include,,337.0
A6NI79,0,include,,337.0
Q9Y375,1,include,,338.0
O75436,0,include,,338.0
Q9Y3A0,1,include,,339.0
A0A1B0GVN3,0,include,,339.0
Q9Y3I1,1,include,,340.0
A0A087WUV0,0,include,,340.0
Q9Y484,1,include,,341.0
P09544,0,include,,341.0
Q9Y4D2,1,include,,342.0
P28370,0,include,,342.0
Q9Y4W6,1,include,,343.0
Q13033,0,include,,343.0
Q9Y530,1,include,,344.0
A0A1B0GU29,0,include,,344.0
Q9Y561,1,include,,345.0
Q12852,0,include,,345.0
Q9Y587,1,include,,346.0
A8MQ03,0,include,,346.0
Q9Y5W7,1,include,,347.0
O75185,0,include,,347.0
Q9Y5Y0,1,include,,348.0
A8MQ27,0,include,,348.0
Q9Y6B7,1,include,,349.0
Q9NS39,0,include,,349.0
Q9Y6H1,1,include,,350.0
C0HMD7,0,include,,350.0
Q9Y6H5,1,include,,351.0
A6NFQ2,0,include,,351.0
Q9Y6M9,1,include,,352.0
A4D250,0,include,,352.0
