aas:Aasi_1507	md:aas_M00002
aas:Aasi_1069	md:aas_M00002
aas:Aasi_0736	md:aas_M00002
aas:Aasi_0287	md:aas_M00002
aas:Aasi_0151	md:aas_M00002
aas:Aasi_1209	md:aas_M00002
aas:Aasi_1420	md:aas_M00002
aas:Aasi_1049	md:aas_M00003
aas:Aasi_0151	md:aas_M00003
aas:Aasi_0287	md:aas_M00003
aas:Aasi_0736	md:aas_M00003
aas:Aasi_1069	md:aas_M00003
aas:Aasi_1507	md:aas_M00003
aas:Aasi_1430	md:aas_M00003
aas:Aasi_0370	md:aas_M00003
aas:Aasi_1558	md:aas_M00005
aas:Aasi_0536	md:aas_M00053
aas:Aasi_0535	md:aas_M00053
aas:Aasi_0474	md:aas_M00053
aas:Aasi_0715	md:aas_M00082
aas:Aasi_0716	md:aas_M00082
aas:Aasi_0321	md:aas_M00082
aas:Aasi_1431	md:aas_M00082
aas:Aasi_0199	md:aas_M00082
aas:Aasi_0115	md:aas_M00082
aas:Aasi_0713	md:aas_M00082
aas:Aasi_1207	md:aas_M00083
aas:Aasi_0105	md:aas_M00083
aas:Aasi_0289	md:aas_M00083
aas:Aasi_0058	md:aas_M00083
aas:Aasi_0799	md:aas_M00086
aas:Aasi_0065	md:aas_M00157
aas:Aasi_0925	md:aas_M00157
aas:Aasi_0064	md:aas_M00157
aas:Aasi_1028	md:aas_M00157
aas:Aasi_0066	md:aas_M00157
aas:Aasi_0061	md:aas_M00157
aas:Aasi_0063	md:aas_M00157
aas:Aasi_0062	md:aas_M00157
aas:Aasi_1605	md:aas_M00307
aas:Aasi_0651	md:aas_M00307
aas:Aasi_0029	md:aas_M00307
aas:Aasi_0435	md:aas_M00307
aas:Aasi_0077	md:aas_M00793
aas:Aasi_1064	md:aas_M00793
aas:Aasi_1062	md:aas_M00793
aas:Aasi_1063	md:aas_M00793
aas:Aasi_1065	md:aas_M01000
aas:Aasi_0016	md:aas_M01000
aas:Aasi_0119	md:aas_M01000
