asy:AUT07_00401	md:asy_M00002
asy:AUT07_00064	md:asy_M00002
asy:AUT07_00208	md:asy_M00002
asy:AUT07_00028	md:asy_M00002
asy:AUT07_00215	md:asy_M00002
asy:AUT07_00090	md:asy_M00002
asy:AUT07_00529	md:asy_M00005
asy:AUT07_00669	md:asy_M00006
asy:AUT07_00271	md:asy_M00006
asy:AUT07_00301	md:asy_M00006
asy:AUT07_00572	md:asy_M00022
asy:AUT07_00296	md:asy_M00022
asy:AUT07_00424	md:asy_M00022
asy:AUT07_00478	md:asy_M00022
asy:AUT07_00295	md:asy_M00022
asy:AUT07_00570	md:asy_M00022
asy:AUT07_00338	md:asy_M00022
asy:AUT07_00502	md:asy_M00051
asy:AUT07_00260	md:asy_M00051
asy:AUT07_00261	md:asy_M00051
asy:AUT07_00634	md:asy_M00051
asy:AUT07_00633	md:asy_M00051
asy:AUT07_00502	md:asy_M00051
asy:AUT07_00557	md:asy_M00051
asy:AUT07_00121	md:asy_M00051
asy:AUT07_00052	md:asy_M00051
asy:AUT07_00435	md:asy_M00063
asy:AUT07_00523	md:asy_M00063
asy:AUT07_00434	md:asy_M00063
asy:AUT07_00563	md:asy_M00063
asy:AUT07_00538	md:asy_M00064
asy:AUT07_00449	md:asy_M00064
asy:AUT07_00387	md:asy_M00064
asy:AUT07_00449	md:asy_M00064
asy:AUT07_00135	md:asy_M00064
asy:AUT07_00423	md:asy_M00082
asy:AUT07_00422	md:asy_M00082
asy:AUT07_00011	md:asy_M00082
asy:AUT07_00334	md:asy_M00082
asy:AUT07_00073	md:asy_M00082
asy:AUT07_00072	md:asy_M00082
asy:AUT07_00337	md:asy_M00083
asy:AUT07_00074	md:asy_M00083
asy:AUT07_00015	md:asy_M00083
asy:AUT07_00496	md:asy_M00083
asy:AUT07_00533	md:asy_M00083
asy:AUT07_00020	md:asy_M00093
asy:AUT07_00592	md:asy_M00093
asy:AUT07_00598	md:asy_M00093
asy:AUT07_00379	md:asy_M00118
asy:AUT07_00161	md:asy_M00118
asy:AUT07_00359	md:asy_M00120
asy:AUT07_00123	md:asy_M00120
asy:AUT07_00131	md:asy_M00120
asy:AUT07_00154	md:asy_M00120
asy:AUT07_00274	md:asy_M00123
asy:AUT07_00272	md:asy_M00123
asy:AUT07_00276	md:asy_M00123
asy:AUT07_00273	md:asy_M00123
asy:AUT07_00209	md:asy_M00124
asy:AUT07_00336	md:asy_M00124
asy:AUT07_00571	md:asy_M00124
asy:AUT07_00397	md:asy_M00124
asy:AUT07_00674	md:asy_M00124
asy:AUT07_00037	md:asy_M00124
asy:AUT07_00304	md:asy_M00126
asy:AUT07_00654	md:asy_M00126
asy:AUT07_00451	md:asy_M00126
asy:AUT07_00222	md:asy_M00126
asy:AUT07_00621	md:asy_M00126
asy:AUT07_00451	md:asy_M00126
asy:AUT07_00333	md:asy_M00126
asy:AUT07_00400	md:asy_M00126
asy:AUT07_00006	md:asy_M00153
asy:AUT07_00005	md:asy_M00153
asy:AUT07_00004	md:asy_M00153
asy:AUT07_00153	md:asy_M00307
asy:AUT07_00152	md:asy_M00307
asy:AUT07_00151	md:asy_M00307
asy:AUT07_00275	md:asy_M00572
asy:AUT07_00337	md:asy_M00572
asy:AUT07_00074	md:asy_M00572
asy:AUT07_00015	md:asy_M00572
asy:AUT07_00533	md:asy_M00572
asy:AUT07_00343	md:asy_M00572
asy:AUT07_00108	md:asy_M00579
asy:AUT07_00109	md:asy_M00579
asy:AUT07_00472	md:asy_M00881
asy:AUT07_00471	md:asy_M00881
asy:AUT07_00354	md:asy_M00909
asy:AUT07_00622	md:asy_M00909
asy:AUT07_00355	md:asy_M00909
asy:AUT07_00148	md:asy_M00923
asy:AUT07_00149	md:asy_M00923
asy:AUT07_00150	md:asy_M00923
asy:AUT07_00354	md:asy_M00995
asy:AUT07_00622	md:asy_M00995
asy:AUT07_00355	md:asy_M00995
asy:AUT07_00437	md:asy_M00995
asy:AUT07_00357	md:asy_M00995
