bbat:Bdt_1212	md:bbat_M00001
bbat:Bdt_0707	md:bbat_M00001
bbat:Bdt_3301	md:bbat_M00001
bbat:Bdt_2292	md:bbat_M00001
bbat:Bdt_0993	md:bbat_M00001
bbat:Bdt_0991	md:bbat_M00001
bbat:Bdt_0992	md:bbat_M00001
bbat:Bdt_2646	md:bbat_M00001
bbat:Bdt_0754	md:bbat_M00001
bbat:Bdt_2060	md:bbat_M00001
bbat:Bdt_0993	md:bbat_M00002
bbat:Bdt_0991	md:bbat_M00002
bbat:Bdt_0992	md:bbat_M00002
bbat:Bdt_2646	md:bbat_M00002
bbat:Bdt_0754	md:bbat_M00002
bbat:Bdt_2060	md:bbat_M00002
bbat:Bdt_2623	md:bbat_M00005
bbat:Bdt_3384	md:bbat_M00007
bbat:Bdt_0046	md:bbat_M00007
bbat:Bdt_2670	md:bbat_M00007
bbat:Bdt_1978	md:bbat_M00007
bbat:Bdt_0540	md:bbat_M00009
bbat:Bdt_2449	md:bbat_M00009
bbat:Bdt_2706	md:bbat_M00009
bbat:Bdt_3105	md:bbat_M00009
bbat:Bdt_3608	md:bbat_M00009
bbat:Bdt_1246	md:bbat_M00009
bbat:Bdt_2647	md:bbat_M00009
bbat:Bdt_2648	md:bbat_M00009
bbat:Bdt_0740	md:bbat_M00009
bbat:Bdt_2649	md:bbat_M00009
bbat:Bdt_3689	md:bbat_M00009
bbat:Bdt_3688	md:bbat_M00009
bbat:Bdt_1329	md:bbat_M00009
bbat:Bdt_0023	md:bbat_M00009
bbat:Bdt_0024	md:bbat_M00009
bbat:Bdt_0022	md:bbat_M00009
bbat:Bdt_2116	md:bbat_M00009
bbat:Bdt_1294	md:bbat_M00009
bbat:Bdt_0879	md:bbat_M00009
bbat:Bdt_0540	md:bbat_M00010
bbat:Bdt_2449	md:bbat_M00010
bbat:Bdt_2706	md:bbat_M00010
bbat:Bdt_3105	md:bbat_M00010
bbat:Bdt_3608	md:bbat_M00010
bbat:Bdt_1246	md:bbat_M00010
bbat:Bdt_2647	md:bbat_M00011
bbat:Bdt_2648	md:bbat_M00011
bbat:Bdt_0740	md:bbat_M00011
bbat:Bdt_2649	md:bbat_M00011
bbat:Bdt_3689	md:bbat_M00011
bbat:Bdt_3688	md:bbat_M00011
bbat:Bdt_1329	md:bbat_M00011
bbat:Bdt_0023	md:bbat_M00011
bbat:Bdt_0024	md:bbat_M00011
bbat:Bdt_0022	md:bbat_M00011
bbat:Bdt_2116	md:bbat_M00011
bbat:Bdt_1294	md:bbat_M00011
bbat:Bdt_0879	md:bbat_M00011
bbat:Bdt_3043	md:bbat_M00021
bbat:Bdt_1695	md:bbat_M00021
bbat:Bdt_1720	md:bbat_M00021
bbat:Bdt_2668	md:bbat_M00045
bbat:Bdt_2667	md:bbat_M00045
bbat:Bdt_2640	md:bbat_M00045
bbat:Bdt_1789	md:bbat_M00045
bbat:Bdt_1455	md:bbat_M00049
bbat:Bdt_1921	md:bbat_M00049
bbat:Bdt_2890	md:bbat_M00049
bbat:Bdt_3697	md:bbat_M00049
bbat:Bdt_1755	md:bbat_M00050
bbat:Bdt_2044	md:bbat_M00050
bbat:Bdt_2043	md:bbat_M00050
bbat:Bdt_1561	md:bbat_M00050
bbat:Bdt_3697	md:bbat_M00050
bbat:Bdt_3661	md:bbat_M00052
bbat:Bdt_3697	md:bbat_M00052
bbat:Bdt_0766	md:bbat_M00052
bbat:Bdt_1173	md:bbat_M00053
bbat:Bdt_1955	md:bbat_M00053
bbat:Bdt_1954	md:bbat_M00053
bbat:Bdt_3697	md:bbat_M00053
bbat:Bdt_0767	md:bbat_M00063
bbat:Bdt_2210	md:bbat_M00063
bbat:Bdt_0788	md:bbat_M00063
bbat:Bdt_0765	md:bbat_M00063
bbat:Bdt_1780	md:bbat_M00086
bbat:Bdt_3079	md:bbat_M00086
bbat:Bdt_2138	md:bbat_M00087
bbat:Bdt_1811	md:bbat_M00087
bbat:Bdt_1810	md:bbat_M00087
bbat:Bdt_2830	md:bbat_M00093
bbat:Bdt_3664	md:bbat_M00093
bbat:Bdt_0472	md:bbat_M00093
bbat:Bdt_1829	md:bbat_M00093
bbat:Bdt_3053	md:bbat_M00115
bbat:Bdt_3620	md:bbat_M00115
bbat:Bdt_2675	md:bbat_M00115
bbat:Bdt_3714	md:bbat_M00115
bbat:Bdt_3706	md:bbat_M00115
bbat:Bdt_3468	md:bbat_M00120
bbat:Bdt_3467	md:bbat_M00120
bbat:Bdt_0593	md:bbat_M00120
bbat:Bdt_3077	md:bbat_M00120
bbat:Bdt_3758	md:bbat_M00144
bbat:Bdt_3016	md:bbat_M00144
bbat:Bdt_3016	md:bbat_M00144
bbat:Bdt_3015	md:bbat_M00144
bbat:Bdt_3014	md:bbat_M00144
bbat:Bdt_3013	md:bbat_M00144
bbat:Bdt_3012	md:bbat_M00144
bbat:Bdt_3757	md:bbat_M00144
bbat:Bdt_3011	md:bbat_M00144
bbat:Bdt_3756	md:bbat_M00144
bbat:Bdt_3755	md:bbat_M00144
bbat:Bdt_3754	md:bbat_M00144
bbat:Bdt_3753	md:bbat_M00144
bbat:Bdt_3752	md:bbat_M00144
bbat:Bdt_0281	md:bbat_M00155
bbat:Bdt_0282	md:bbat_M00155
bbat:Bdt_0283	md:bbat_M00155
bbat:Bdt_0284	md:bbat_M00155
bbat:Bdt_2525	md:bbat_M00156
bbat:Bdt_2526	md:bbat_M00156
bbat:Bdt_2527	md:bbat_M00156
bbat:Bdt_3766	md:bbat_M00157
bbat:Bdt_3764	md:bbat_M00157
bbat:Bdt_3767	md:bbat_M00157
bbat:Bdt_3763	md:bbat_M00157
bbat:Bdt_3765	md:bbat_M00157
bbat:Bdt_0009	md:bbat_M00157
bbat:Bdt_3768	md:bbat_M00157
bbat:Bdt_3769	md:bbat_M00157
bbat:Bdt_0010	md:bbat_M00157
bbat:Bdt_0579	md:bbat_M00168
bbat:Bdt_0879	md:bbat_M00168
bbat:Bdt_1809	md:bbat_M00169
bbat:Bdt_1136	md:bbat_M00169
bbat:Bdt_0386	md:bbat_M00307
bbat:Bdt_0741	md:bbat_M00307
bbat:Bdt_0740	md:bbat_M00307
bbat:Bdt_2649	md:bbat_M00307
bbat:Bdt_3675	md:bbat_M00338
bbat:Bdt_3674	md:bbat_M00338
bbat:Bdt_1615	md:bbat_M00364
bbat:Bdt_0183	md:bbat_M00364
bbat:Bdt_1212	md:bbat_M00549
bbat:Bdt_0014	md:bbat_M00549
bbat:Bdt_3653	md:bbat_M00549
bbat:Bdt_0661	md:bbat_M00621
bbat:Bdt_0654	md:bbat_M00621
bbat:Bdt_0740	md:bbat_M00621
bbat:Bdt_2649	md:bbat_M00621
bbat:Bdt_3340	md:bbat_M00909
bbat:Bdt_1904	md:bbat_M00909
bbat:Bdt_3341	md:bbat_M00909
bbat:Bdt_1566	md:bbat_M00918
bbat:Bdt_1568	md:bbat_M00918
bbat:Bdt_1569	md:bbat_M00918
bbat:Bdt_1567	md:bbat_M00918
bbat:Bdt_1173	md:bbat_M00938
bbat:Bdt_1955	md:bbat_M00938
bbat:Bdt_1954	md:bbat_M00938
bbat:Bdt_3697	md:bbat_M00938
bbat:Bdt_1548	md:bbat_M00938
bbat:Bdt_3155	md:bbat_M00938
bbat:Bdt_0983	md:bbat_M00938
bbat:Bdt_1235	md:bbat_M00970
bbat:Bdt_2449	md:bbat_M00982
bbat:Bdt_2440	md:bbat_M00982
bbat:Bdt_2706	md:bbat_M00982
bbat:Bdt_3105	md:bbat_M00982
bbat:Bdt_2441	md:bbat_M00982
bbat:Bdt_0023	md:bbat_M00982
bbat:Bdt_0024	md:bbat_M00982
bbat:Bdt_0022	md:bbat_M00982
bbat:Bdt_2116	md:bbat_M00982
bbat:Bdt_1294	md:bbat_M00982
bbat:Bdt_0879	md:bbat_M00982
bbat:Bdt_2460	md:bbat_M00988
bbat:Bdt_2390	md:bbat_M00988
bbat:Bdt_1832	md:bbat_M00988
bbat:Bdt_1833	md:bbat_M00988
bbat:Bdt_1939	md:bbat_M00988
bbat:Bdt_0037	md:bbat_M00988
bbat:Bdt_2184	md:bbat_M00988
bbat:Bdt_0086	md:bbat_M00988
bbat:Bdt_3340	md:bbat_M00995
bbat:Bdt_1904	md:bbat_M00995
bbat:Bdt_3341	md:bbat_M00995
bbat:Bdt_0066	md:bbat_M00995
bbat:Bdt_3158	md:bbat_M00995
bbat:Bdt_2697	md:bbat_M00999
bbat:Bdt_2698	md:bbat_M00999
bbat:Bdt_2879	md:bbat_M01000
bbat:Bdt_0014	md:bbat_M01000
bbat:Bdt_0142	md:bbat_M01000
bbat:Bdt_2879	md:bbat_M01000
