bmc:BAbS19_I10780	md:bmc_M00002
bmc:BAbS19_I16260	md:bmc_M00002
bmc:BAbS19_I16270	md:bmc_M00002
bmc:BAbS19_II09390	md:bmc_M00002
bmc:BAbS19_I10730	md:bmc_M00002
bmc:BAbS19_I16460	md:bmc_M00002
bmc:BAbS19_I19580	md:bmc_M00003
bmc:BAbS19_I10730	md:bmc_M00003
bmc:BAbS19_II09390	md:bmc_M00003
bmc:BAbS19_I16270	md:bmc_M00003
bmc:BAbS19_I16260	md:bmc_M00003
bmc:BAbS19_I10780	md:bmc_M00003
bmc:BAbS19_II03430	md:bmc_M00003
bmc:BAbS19_II03420	md:bmc_M00003
bmc:BAbS19_I12060	md:bmc_M00003
bmc:BAbS19_II04350	md:bmc_M00004
bmc:BAbS19_II04340	md:bmc_M00004
bmc:BAbS19_II01000	md:bmc_M00004
bmc:BAbS19_I08100	md:bmc_M00004
bmc:BAbS19_I09540	md:bmc_M00004
bmc:BAbS19_I16250	md:bmc_M00004
bmc:BAbS19_I16940	md:bmc_M00004
bmc:BAbS19_I02860	md:bmc_M00004
bmc:BAbS19_I14480	md:bmc_M00005
bmc:BAbS19_II04350	md:bmc_M00006
bmc:BAbS19_II04340	md:bmc_M00006
bmc:BAbS19_II01000	md:bmc_M00006
bmc:BAbS19_I16250	md:bmc_M00007
bmc:BAbS19_I16940	md:bmc_M00007
bmc:BAbS19_I08100	md:bmc_M00007
bmc:BAbS19_I09540	md:bmc_M00007
bmc:BAbS19_II04350	md:bmc_M00008
bmc:BAbS19_II04340	md:bmc_M00008
bmc:BAbS19_II04330	md:bmc_M00008
bmc:BAbS19_II00780	md:bmc_M00008
bmc:BAbS19_I10880	md:bmc_M00009
bmc:BAbS19_I00850	md:bmc_M00009
bmc:BAbS19_I11370	md:bmc_M00009
bmc:BAbS19_I18040	md:bmc_M00009
bmc:BAbS19_I18030	md:bmc_M00009
bmc:BAbS19_I10670	md:bmc_M00009
bmc:BAbS19_I17990	md:bmc_M00009
bmc:BAbS19_II06640	md:bmc_M00009
bmc:BAbS19_I18060	md:bmc_M00009
bmc:BAbS19_I18070	md:bmc_M00009
bmc:BAbS19_I09990	md:bmc_M00009
bmc:BAbS19_I17830	md:bmc_M00009
bmc:BAbS19_I17820	md:bmc_M00009
bmc:BAbS19_I17850	md:bmc_M00009
bmc:BAbS19_I17840	md:bmc_M00009
bmc:BAbS19_I09120	md:bmc_M00009
bmc:BAbS19_II01770	md:bmc_M00009
bmc:BAbS19_I18080	md:bmc_M00009
bmc:BAbS19_I10880	md:bmc_M00010
bmc:BAbS19_I00850	md:bmc_M00010
bmc:BAbS19_I11370	md:bmc_M00010
bmc:BAbS19_I18040	md:bmc_M00011
bmc:BAbS19_I18030	md:bmc_M00011
bmc:BAbS19_I10670	md:bmc_M00011
bmc:BAbS19_I17990	md:bmc_M00011
bmc:BAbS19_II06640	md:bmc_M00011
bmc:BAbS19_I18060	md:bmc_M00011
bmc:BAbS19_I18070	md:bmc_M00011
bmc:BAbS19_I09990	md:bmc_M00011
bmc:BAbS19_I17830	md:bmc_M00011
bmc:BAbS19_I17820	md:bmc_M00011
bmc:BAbS19_I17850	md:bmc_M00011
bmc:BAbS19_I17840	md:bmc_M00011
bmc:BAbS19_I09120	md:bmc_M00011
bmc:BAbS19_II01770	md:bmc_M00011
bmc:BAbS19_I18080	md:bmc_M00011
bmc:BAbS19_I10880	md:bmc_M00012
bmc:BAbS19_I00850	md:bmc_M00012
bmc:BAbS19_I15240	md:bmc_M00012
bmc:BAbS19_I15560	md:bmc_M00012
bmc:BAbS19_I18080	md:bmc_M00012
bmc:BAbS19_I17320	md:bmc_M00015
bmc:BAbS19_I17310	md:bmc_M00015
bmc:BAbS19_II04310	md:bmc_M00015
bmc:BAbS19_I17540	md:bmc_M00016
bmc:BAbS19_II03300	md:bmc_M00016
bmc:BAbS19_I06230	md:bmc_M00016
bmc:BAbS19_II07550	md:bmc_M00016
bmc:BAbS19_II09380	md:bmc_M00016
bmc:BAbS19_II09170	md:bmc_M00016
bmc:BAbS19_I03010	md:bmc_M00016
bmc:BAbS19_II09190	md:bmc_M00016
bmc:BAbS19_I18120	md:bmc_M00016
bmc:BAbS19_I18620	md:bmc_M00016
bmc:BAbS19_I17540	md:bmc_M00018
bmc:BAbS19_II03300	md:bmc_M00018
bmc:BAbS19_I12070	md:bmc_M00018
bmc:BAbS19_I04650	md:bmc_M00018
bmc:BAbS19_I04730	md:bmc_M00018
bmc:BAbS19_I13160	md:bmc_M00019
bmc:BAbS19_II02750	md:bmc_M00019
bmc:BAbS19_I13150	md:bmc_M00019
bmc:BAbS19_I13070	md:bmc_M00019
bmc:BAbS19_I00910	md:bmc_M00019
bmc:BAbS19_II05380	md:bmc_M00019
bmc:BAbS19_I15880	md:bmc_M00020
bmc:BAbS19_II07270	md:bmc_M00020
bmc:BAbS19_I15890	md:bmc_M00020
bmc:BAbS19_I13180	md:bmc_M00020
bmc:BAbS19_I11940	md:bmc_M00021
bmc:BAbS19_I09950	md:bmc_M00021
bmc:BAbS19_I18470	md:bmc_M00021
bmc:BAbS19_I09570	md:bmc_M00022
bmc:BAbS19_I19000	md:bmc_M00022
bmc:BAbS19_I08660	md:bmc_M00022
bmc:BAbS19_I19380	md:bmc_M00022
bmc:BAbS19_I19010	md:bmc_M00022
bmc:BAbS19_I00220	md:bmc_M00022
bmc:BAbS19_I04190	md:bmc_M00022
bmc:BAbS19_I14830	md:bmc_M00023
bmc:BAbS19_I10800	md:bmc_M00023
bmc:BAbS19_I19760	md:bmc_M00023
bmc:BAbS19_I10810	md:bmc_M00023
bmc:BAbS19_I19730	md:bmc_M00023
bmc:BAbS19_I19750	md:bmc_M00023
bmc:BAbS19_II01740	md:bmc_M00026
bmc:BAbS19_II01730	md:bmc_M00026
bmc:BAbS19_I19550	md:bmc_M00026
bmc:BAbS19_I10190	md:bmc_M00026
bmc:BAbS19_I19530	md:bmc_M00026
bmc:BAbS19_I19520	md:bmc_M00026
bmc:BAbS19_I19540	md:bmc_M00026
bmc:BAbS19_I19500	md:bmc_M00026
bmc:BAbS19_I06160	md:bmc_M00026
bmc:BAbS19_I18660	md:bmc_M00026
bmc:BAbS19_II00410	md:bmc_M00026
bmc:BAbS19_I06160	md:bmc_M00026
bmc:BAbS19_I18660	md:bmc_M00026
bmc:BAbS19_I02600	md:bmc_M00026
bmc:BAbS19_II07990	md:bmc_M00027
bmc:BAbS19_II08000	md:bmc_M00027
bmc:BAbS19_I01810	md:bmc_M00027
bmc:BAbS19_I15500	md:bmc_M00027
bmc:BAbS19_II07620	md:bmc_M00027
bmc:BAbS19_II09620	md:bmc_M00027
bmc:BAbS19_I18210	md:bmc_M00028
bmc:BAbS19_II09140	md:bmc_M00028
bmc:BAbS19_I07560	md:bmc_M00028
bmc:BAbS19_I03010	md:bmc_M00028
bmc:BAbS19_I18210	md:bmc_M00028
bmc:BAbS19_II05380	md:bmc_M00036
bmc:BAbS19_II06670	md:bmc_M00036
bmc:BAbS19_II06660	md:bmc_M00036
bmc:BAbS19_II00300	md:bmc_M00036
bmc:BAbS19_II09710	md:bmc_M00036
bmc:BAbS19_II06650	md:bmc_M00036
bmc:BAbS19_I10670	md:bmc_M00036
bmc:BAbS19_I17990	md:bmc_M00036
bmc:BAbS19_II06640	md:bmc_M00036
bmc:BAbS19_I00170	md:bmc_M00036
bmc:BAbS19_II04140	md:bmc_M00036
bmc:BAbS19_I00150	md:bmc_M00036
bmc:BAbS19_I00160	md:bmc_M00036
bmc:BAbS19_I00130	md:bmc_M00036
bmc:BAbS19_I00140	md:bmc_M00036
bmc:BAbS19_II02890	md:bmc_M00045
bmc:BAbS19_II02870	md:bmc_M00045
bmc:BAbS19_II02900	md:bmc_M00045
bmc:BAbS19_II02910	md:bmc_M00045
bmc:BAbS19_II02880	md:bmc_M00045
bmc:BAbS19_I04370	md:bmc_M00048
bmc:BAbS19_I04070	md:bmc_M00048
bmc:BAbS19_I06830	md:bmc_M00048
bmc:BAbS19_I07990	md:bmc_M00048
bmc:BAbS19_I08030	md:bmc_M00048
bmc:BAbS19_I08020	md:bmc_M00048
bmc:BAbS19_I08020	md:bmc_M00048
bmc:BAbS19_I06840	md:bmc_M00048
bmc:BAbS19_I16430	md:bmc_M00048
bmc:BAbS19_I16420	md:bmc_M00048
bmc:BAbS19_I08040	md:bmc_M00048
bmc:BAbS19_I08090	md:bmc_M00048
bmc:BAbS19_I17050	md:bmc_M00048
bmc:BAbS19_I15860	md:bmc_M00049
bmc:BAbS19_I08090	md:bmc_M00049
bmc:BAbS19_I06960	md:bmc_M00049
bmc:BAbS19_I11500	md:bmc_M00049
bmc:BAbS19_I06680	md:bmc_M00049
bmc:BAbS19_II07880	md:bmc_M00050
bmc:BAbS19_II07790	md:bmc_M00050
bmc:BAbS19_I04520	md:bmc_M00050
bmc:BAbS19_I06680	md:bmc_M00050
bmc:BAbS19_I10990	md:bmc_M00052
bmc:BAbS19_I06680	md:bmc_M00052
bmc:BAbS19_I10750	md:bmc_M00052
bmc:BAbS19_I09860	md:bmc_M00053
bmc:BAbS19_II08180	md:bmc_M00053
bmc:BAbS19_II08170	md:bmc_M00053
bmc:BAbS19_I06680	md:bmc_M00053
bmc:BAbS19_II03990	md:bmc_M00061
bmc:BAbS19_II04000	md:bmc_M00061
bmc:BAbS19_II04010	md:bmc_M00061
bmc:BAbS19_II03970	md:bmc_M00061
bmc:BAbS19_I08180	md:bmc_M00061
bmc:BAbS19_II00780	md:bmc_M00061
bmc:BAbS19_I08650	md:bmc_M00082
bmc:BAbS19_I08640	md:bmc_M00082
bmc:BAbS19_I19040	md:bmc_M00082
bmc:BAbS19_I19720	md:bmc_M00082
bmc:BAbS19_I04460	md:bmc_M00082
bmc:BAbS19_I07470	md:bmc_M00082
bmc:BAbS19_II06960	md:bmc_M00082
bmc:BAbS19_I20340	md:bmc_M00083
bmc:BAbS19_I04490	md:bmc_M00083
bmc:BAbS19_I08130	md:bmc_M00083
bmc:BAbS19_I08140	md:bmc_M00083
bmc:BAbS19_I04470	md:bmc_M00083
bmc:BAbS19_II00280	md:bmc_M00083
bmc:BAbS19_II04360	md:bmc_M00083
bmc:BAbS19_II07650	md:bmc_M00083
bmc:BAbS19_II09040	md:bmc_M00083
bmc:BAbS19_I10920	md:bmc_M00083
bmc:BAbS19_I20350	md:bmc_M00083
bmc:BAbS19_I04130	md:bmc_M00083
bmc:BAbS19_I20330	md:bmc_M00083
bmc:BAbS19_I02900	md:bmc_M00086
bmc:BAbS19_I19930	md:bmc_M00091
bmc:BAbS19_I10960	md:bmc_M00093
bmc:BAbS19_I04350	md:bmc_M00093
bmc:BAbS19_I04340	md:bmc_M00093
bmc:BAbS19_II04500	md:bmc_M00118
bmc:BAbS19_I19970	md:bmc_M00118
bmc:BAbS19_I19560	md:bmc_M00120
bmc:BAbS19_II09520	md:bmc_M00120
bmc:BAbS19_I10380	md:bmc_M00120
bmc:BAbS19_I19390	md:bmc_M00120
bmc:BAbS19_II06930	md:bmc_M00123
bmc:BAbS19_II06950	md:bmc_M00123
bmc:BAbS19_II06940	md:bmc_M00123
bmc:BAbS19_II06920	md:bmc_M00123
bmc:BAbS19_I10180	md:bmc_M00126
bmc:BAbS19_I11380	md:bmc_M00126
bmc:BAbS19_I09740	md:bmc_M00126
bmc:BAbS19_I09750	md:bmc_M00126
bmc:BAbS19_I09730	md:bmc_M00126
bmc:BAbS19_I09740	md:bmc_M00126
bmc:BAbS19_I19710	md:bmc_M00126
bmc:BAbS19_I13240	md:bmc_M00126
bmc:BAbS19_II03190	md:bmc_M00134
bmc:BAbS19_II00910	md:bmc_M00134
bmc:BAbS19_I07660	md:bmc_M00144
bmc:BAbS19_I07670	md:bmc_M00144
bmc:BAbS19_I07680	md:bmc_M00144
bmc:BAbS19_I07690	md:bmc_M00144
bmc:BAbS19_I07670	md:bmc_M00144
bmc:BAbS19_I07700	md:bmc_M00144
bmc:BAbS19_I07710	md:bmc_M00144
bmc:BAbS19_I07720	md:bmc_M00144
bmc:BAbS19_I07730	md:bmc_M00144
bmc:BAbS19_I07740	md:bmc_M00144
bmc:BAbS19_I07750	md:bmc_M00144
bmc:BAbS19_I07760	md:bmc_M00144
bmc:BAbS19_I07770	md:bmc_M00144
bmc:BAbS19_I07780	md:bmc_M00144
bmc:BAbS19_I07790	md:bmc_M00144
bmc:BAbS19_I17850	md:bmc_M00149
bmc:BAbS19_I17840	md:bmc_M00149
bmc:BAbS19_I17830	md:bmc_M00149
bmc:BAbS19_I17820	md:bmc_M00149
bmc:BAbS19_I14570	md:bmc_M00151
bmc:BAbS19_I14560	md:bmc_M00151
bmc:BAbS19_I14580	md:bmc_M00151
bmc:BAbS19_II06780	md:bmc_M00153
bmc:BAbS19_II06770	md:bmc_M00153
bmc:BAbS19_II06760	md:bmc_M00153
bmc:BAbS19_I04550	md:bmc_M00155
bmc:BAbS19_I04560	md:bmc_M00155
bmc:BAbS19_I04600	md:bmc_M00155
bmc:BAbS19_I03630	md:bmc_M00156
bmc:BAbS19_I03620	md:bmc_M00156
bmc:BAbS19_I03610	md:bmc_M00156
bmc:BAbS19_I03600	md:bmc_M00156
bmc:BAbS19_I16900	md:bmc_M00157
bmc:BAbS19_I16880	md:bmc_M00157
bmc:BAbS19_I16910	md:bmc_M00157
bmc:BAbS19_I16870	md:bmc_M00157
bmc:BAbS19_I16890	md:bmc_M00157
bmc:BAbS19_I03800	md:bmc_M00157
bmc:BAbS19_I03820	md:bmc_M00157
bmc:BAbS19_I03830	md:bmc_M00157
bmc:BAbS19_I03810	md:bmc_M00157
bmc:BAbS19_I01360	md:bmc_M00169
bmc:BAbS19_I01370	md:bmc_M00169
bmc:BAbS19_I09620	md:bmc_M00169
bmc:BAbS19_I04890	md:bmc_M00169
bmc:BAbS19_I10700	md:bmc_M00307
bmc:BAbS19_I10690	md:bmc_M00307
bmc:BAbS19_I10680	md:bmc_M00307
bmc:BAbS19_II00310	md:bmc_M00307
bmc:BAbS19_I10670	md:bmc_M00307
bmc:BAbS19_I17990	md:bmc_M00307
bmc:BAbS19_II06640	md:bmc_M00307
bmc:BAbS19_I06540	md:bmc_M00432
bmc:BAbS19_I14800	md:bmc_M00432
bmc:BAbS19_I17870	md:bmc_M00432
bmc:BAbS19_II03340	md:bmc_M00432
bmc:BAbS19_II03270	md:bmc_M00432
bmc:BAbS19_II08330	md:bmc_M00529
bmc:BAbS19_II08340	md:bmc_M00529
bmc:BAbS19_II08360	md:bmc_M00529
bmc:BAbS19_II08720	md:bmc_M00529
bmc:BAbS19_II08830	md:bmc_M00529
bmc:BAbS19_II08840	md:bmc_M00529
bmc:BAbS19_II08570	md:bmc_M00529
bmc:BAbS19_II09360	md:bmc_M00549
bmc:BAbS19_I00530	md:bmc_M00549
bmc:BAbS19_II00650	md:bmc_M00549
bmc:BAbS19_I05380	md:bmc_M00555
bmc:BAbS19_I05370	md:bmc_M00555
bmc:BAbS19_I09930	md:bmc_M00570
bmc:BAbS19_I13160	md:bmc_M00570
bmc:BAbS19_II02750	md:bmc_M00570
bmc:BAbS19_I13150	md:bmc_M00570
bmc:BAbS19_I13070	md:bmc_M00570
bmc:BAbS19_I00910	md:bmc_M00570
bmc:BAbS19_II05380	md:bmc_M00570
bmc:BAbS19_II04850	md:bmc_M00621
bmc:BAbS19_II04830	md:bmc_M00621
bmc:BAbS19_I10670	md:bmc_M00621
bmc:BAbS19_I17990	md:bmc_M00621
bmc:BAbS19_II06640	md:bmc_M00621
bmc:BAbS19_I11270	md:bmc_M00741
bmc:BAbS19_I11260	md:bmc_M00741
bmc:BAbS19_I07820	md:bmc_M00741
bmc:BAbS19_I11280	md:bmc_M00741
bmc:BAbS19_I03020	md:bmc_M00844
bmc:BAbS19_I00670	md:bmc_M00844
bmc:BAbS19_I18600	md:bmc_M00844
bmc:BAbS19_I09090	md:bmc_M00880
bmc:BAbS19_I10820	md:bmc_M00880
bmc:BAbS19_I06700	md:bmc_M00880
bmc:BAbS19_II06900	md:bmc_M00880
bmc:BAbS19_I10830	md:bmc_M00880
bmc:BAbS19_II06080	md:bmc_M00881
bmc:BAbS19_I10650	md:bmc_M00881
bmc:BAbS19_II03060	md:bmc_M00909
bmc:BAbS19_II06150	md:bmc_M00909
bmc:BAbS19_I15920	md:bmc_M00909
bmc:BAbS19_II06140	md:bmc_M00909
bmc:BAbS19_I09860	md:bmc_M00938
bmc:BAbS19_II08180	md:bmc_M00938
bmc:BAbS19_II08170	md:bmc_M00938
bmc:BAbS19_I06680	md:bmc_M00938
bmc:BAbS19_I15780	md:bmc_M00938
bmc:BAbS19_I13250	md:bmc_M00938
bmc:BAbS19_I09380	md:bmc_M00938
bmc:BAbS19_I08450	md:bmc_M00958
bmc:BAbS19_I08450	md:bmc_M00958
bmc:BAbS19_I14450	md:bmc_M00958
bmc:BAbS19_I14450	md:bmc_M00958
bmc:BAbS19_I03480	md:bmc_M00958
bmc:BAbS19_I03490	md:bmc_M00958
bmc:BAbS19_I08450	md:bmc_M00959
bmc:BAbS19_I14450	md:bmc_M00959
bmc:BAbS19_I03540	md:bmc_M00959
bmc:BAbS19_I03480	md:bmc_M00959
bmc:BAbS19_I03490	md:bmc_M00959
bmc:BAbS19_II04880	md:bmc_M00970
bmc:BAbS19_I10180	md:bmc_M00988
bmc:BAbS19_I18520	md:bmc_M00988
bmc:BAbS19_I18530	md:bmc_M00988
bmc:BAbS19_I18510	md:bmc_M00988
bmc:BAbS19_I11220	md:bmc_M00988
bmc:BAbS19_II03060	md:bmc_M00995
bmc:BAbS19_II06150	md:bmc_M00995
bmc:BAbS19_I15920	md:bmc_M00995
bmc:BAbS19_II06140	md:bmc_M00995
bmc:BAbS19_I02620	md:bmc_M00995
bmc:BAbS19_I13540	md:bmc_M00995
bmc:BAbS19_II06470	md:bmc_M00997
bmc:BAbS19_II06500	md:bmc_M00997
bmc:BAbS19_II06490	md:bmc_M00997
bmc:BAbS19_I05250	md:bmc_M01000
bmc:BAbS19_II07920	md:bmc_M01000
bmc:BAbS19_I05230	md:bmc_M01000
bmc:BAbS19_II07910	md:bmc_M01000
bmc:BAbS19_I05240	md:bmc_M01000
bmc:BAbS19_II07920	md:bmc_M01000
bmc:BAbS19_I05250	md:bmc_M01006
bmc:BAbS19_II07920	md:bmc_M01006
bmc:BAbS19_I05230	md:bmc_M01006
bmc:BAbS19_II07910	md:bmc_M01006
bmc:BAbS19_I05240	md:bmc_M01006
bmc:BAbS19_II07920	md:bmc_M01006
bmc:BAbS19_I05110	md:bmc_M01006
bmc:BAbS19_I05100	md:bmc_M01006
bmc:BAbS19_I05110	md:bmc_M01034
bmc:BAbS19_I05100	md:bmc_M01034
bmc:BAbS19_I05060	md:bmc_M01034
