dep:AOP6_1242	md:dep_M00001
dep:AOP6_1838	md:dep_M00001
dep:AOP6_1218	md:dep_M00001
dep:AOP6_1243	md:dep_M00001
dep:AOP6_2353	md:dep_M00001
dep:AOP6_1318	md:dep_M00001
dep:AOP6_1320	md:dep_M00001
dep:AOP6_2354	md:dep_M00001
dep:AOP6_1319	md:dep_M00001
dep:AOP6_1474	md:dep_M00001
dep:AOP6_2776	md:dep_M00001
dep:AOP6_1251	md:dep_M00001
dep:AOP6_1923	md:dep_M00001
dep:AOP6_0013	md:dep_M00001
dep:AOP6_1318	md:dep_M00002
dep:AOP6_1320	md:dep_M00002
dep:AOP6_2354	md:dep_M00002
dep:AOP6_1319	md:dep_M00002
dep:AOP6_1474	md:dep_M00002
dep:AOP6_2776	md:dep_M00002
dep:AOP6_1251	md:dep_M00002
dep:AOP6_1923	md:dep_M00002
dep:AOP6_0013	md:dep_M00002
dep:AOP6_2834	md:dep_M00003
dep:AOP6_1923	md:dep_M00003
dep:AOP6_2776	md:dep_M00003
dep:AOP6_1251	md:dep_M00003
dep:AOP6_1319	md:dep_M00003
dep:AOP6_1320	md:dep_M00003
dep:AOP6_2354	md:dep_M00003
dep:AOP6_1318	md:dep_M00003
dep:AOP6_2353	md:dep_M00003
dep:AOP6_2053	md:dep_M00003
dep:AOP6_2126	md:dep_M00005
dep:AOP6_2113	md:dep_M00009
dep:AOP6_2587	md:dep_M00009
dep:AOP6_2040	md:dep_M00009
dep:AOP6_2047	md:dep_M00009
dep:AOP6_0407	md:dep_M00009
dep:AOP6_0406	md:dep_M00009
dep:AOP6_0405	md:dep_M00009
dep:AOP6_0041	md:dep_M00009
dep:AOP6_1253	md:dep_M00009
dep:AOP6_2044	md:dep_M00009
dep:AOP6_0042	md:dep_M00009
dep:AOP6_1254	md:dep_M00009
dep:AOP6_2043	md:dep_M00009
dep:AOP6_1255	md:dep_M00009
dep:AOP6_2042	md:dep_M00009
dep:AOP6_1252	md:dep_M00009
dep:AOP6_2045	md:dep_M00009
dep:AOP6_2722	md:dep_M00009
dep:AOP6_2723	md:dep_M00009
dep:AOP6_1111	md:dep_M00009
dep:AOP6_1112	md:dep_M00009
dep:AOP6_1110	md:dep_M00009
dep:AOP6_1446	md:dep_M00009
dep:AOP6_0167	md:dep_M00009
dep:AOP6_2046	md:dep_M00009
dep:AOP6_2113	md:dep_M00010
dep:AOP6_2587	md:dep_M00010
dep:AOP6_2040	md:dep_M00010
dep:AOP6_2047	md:dep_M00010
dep:AOP6_0407	md:dep_M00011
dep:AOP6_0406	md:dep_M00011
dep:AOP6_0405	md:dep_M00011
dep:AOP6_0041	md:dep_M00011
dep:AOP6_1253	md:dep_M00011
dep:AOP6_2044	md:dep_M00011
dep:AOP6_0042	md:dep_M00011
dep:AOP6_1254	md:dep_M00011
dep:AOP6_2043	md:dep_M00011
dep:AOP6_1255	md:dep_M00011
dep:AOP6_2042	md:dep_M00011
dep:AOP6_1252	md:dep_M00011
dep:AOP6_2045	md:dep_M00011
dep:AOP6_2722	md:dep_M00011
dep:AOP6_2723	md:dep_M00011
dep:AOP6_1111	md:dep_M00011
dep:AOP6_1112	md:dep_M00011
dep:AOP6_1110	md:dep_M00011
dep:AOP6_1446	md:dep_M00011
dep:AOP6_0167	md:dep_M00011
dep:AOP6_2046	md:dep_M00011
dep:AOP6_2769	md:dep_M00015
dep:AOP6_2770	md:dep_M00015
dep:AOP6_0461	md:dep_M00015
dep:AOP6_2193	md:dep_M00017
dep:AOP6_1626	md:dep_M00017
dep:AOP6_1627	md:dep_M00017
dep:AOP6_1589	md:dep_M00017
dep:AOP6_0374	md:dep_M00017
dep:AOP6_1687	md:dep_M00017
dep:AOP6_1686	md:dep_M00017
dep:AOP6_2442	md:dep_M00017
dep:AOP6_2715	md:dep_M00017
dep:AOP6_1635	md:dep_M00019
dep:AOP6_1634	md:dep_M00019
dep:AOP6_1633	md:dep_M00019
dep:AOP6_1636	md:dep_M00019
dep:AOP6_2781	md:dep_M00019
dep:AOP6_1449	md:dep_M00021
dep:AOP6_0504	md:dep_M00021
dep:AOP6_1688	md:dep_M00021
dep:AOP6_0741	md:dep_M00022
dep:AOP6_0615	md:dep_M00022
dep:AOP6_2916	md:dep_M00022
dep:AOP6_1982	md:dep_M00022
dep:AOP6_1979	md:dep_M00022
dep:AOP6_2008	md:dep_M00022
dep:AOP6_1983	md:dep_M00022
dep:AOP6_1420	md:dep_M00022
dep:AOP6_2372	md:dep_M00022
dep:AOP6_2070	md:dep_M00028
dep:AOP6_2067	md:dep_M00028
dep:AOP6_0572	md:dep_M00028
dep:AOP6_1621	md:dep_M00028
dep:AOP6_0571	md:dep_M00028
dep:AOP6_2067	md:dep_M00028
dep:AOP6_2695	md:dep_M00049
dep:AOP6_2398	md:dep_M00049
dep:AOP6_2231	md:dep_M00049
dep:AOP6_1650	md:dep_M00049
dep:AOP6_1940	md:dep_M00050
dep:AOP6_1939	md:dep_M00050
dep:AOP6_1856	md:dep_M00050
dep:AOP6_1650	md:dep_M00050
dep:AOP6_1356	md:dep_M00052
dep:AOP6_1650	md:dep_M00052
dep:AOP6_1329	md:dep_M00052
dep:AOP6_1331	md:dep_M00063
dep:AOP6_1330	md:dep_M00063
dep:AOP6_1332	md:dep_M00063
dep:AOP6_1328	md:dep_M00063
dep:AOP6_1977	md:dep_M00082
dep:AOP6_1976	md:dep_M00082
dep:AOP6_1931	md:dep_M00082
dep:AOP6_2212	md:dep_M00082
dep:AOP6_1603	md:dep_M00082
dep:AOP6_0109	md:dep_M00082
dep:AOP6_1604	md:dep_M00082
dep:AOP6_1600	md:dep_M00083
dep:AOP6_1602	md:dep_M00083
dep:AOP6_1909	md:dep_M00083
dep:AOP6_1013	md:dep_M00083
dep:AOP6_0498	md:dep_M00087
dep:AOP6_0867	md:dep_M00087
dep:AOP6_2140	md:dep_M00087
dep:AOP6_0868	md:dep_M00087
dep:AOP6_1483	md:dep_M00115
dep:AOP6_2977	md:dep_M00115
dep:AOP6_1024	md:dep_M00115
dep:AOP6_2771	md:dep_M00115
dep:AOP6_2327	md:dep_M00115
dep:AOP6_1026	md:dep_M00120
dep:AOP6_1363	md:dep_M00120
dep:AOP6_1528	md:dep_M00120
dep:AOP6_0605	md:dep_M00120
dep:AOP6_0802	md:dep_M00122
dep:AOP6_1740	md:dep_M00122
dep:AOP6_1764	md:dep_M00122
dep:AOP6_0800	md:dep_M00122
dep:AOP6_0801	md:dep_M00122
dep:AOP6_0796	md:dep_M00122
dep:AOP6_0797	md:dep_M00122
dep:AOP6_2486	md:dep_M00122
dep:AOP6_0799	md:dep_M00122
dep:AOP6_0143	md:dep_M00144
dep:AOP6_2697	md:dep_M00144
dep:AOP6_0144	md:dep_M00144
dep:AOP6_0145	md:dep_M00144
dep:AOP6_0146	md:dep_M00144
dep:AOP6_0144	md:dep_M00144
dep:AOP6_2698	md:dep_M00144
dep:AOP6_0147	md:dep_M00144
dep:AOP6_2699	md:dep_M00144
dep:AOP6_0148	md:dep_M00144
dep:AOP6_2700	md:dep_M00144
dep:AOP6_0149	md:dep_M00144
dep:AOP6_2701	md:dep_M00144
dep:AOP6_0151	md:dep_M00144
dep:AOP6_2702	md:dep_M00144
dep:AOP6_0152	md:dep_M00144
dep:AOP6_2703	md:dep_M00144
dep:AOP6_0153	md:dep_M00144
dep:AOP6_2704	md:dep_M00144
dep:AOP6_0154	md:dep_M00144
dep:AOP6_2705	md:dep_M00144
dep:AOP6_0155	md:dep_M00144
dep:AOP6_2706	md:dep_M00144
dep:AOP6_0156	md:dep_M00144
dep:AOP6_2707	md:dep_M00144
dep:AOP6_0157	md:dep_M00144
dep:AOP6_2708	md:dep_M00144
dep:AOP6_1716	md:dep_M00157
dep:AOP6_2989	md:dep_M00157
dep:AOP6_1709	md:dep_M00157
dep:AOP6_2987	md:dep_M00157
dep:AOP6_2990	md:dep_M00157
dep:AOP6_1710	md:dep_M00157
dep:AOP6_2986	md:dep_M00157
dep:AOP6_1717	md:dep_M00157
dep:AOP6_2988	md:dep_M00157
dep:AOP6_0132	md:dep_M00157
dep:AOP6_1713	md:dep_M00157
dep:AOP6_2991	md:dep_M00157
dep:AOP6_0131	md:dep_M00157
dep:AOP6_1714	md:dep_M00157
dep:AOP6_1236	md:dep_M00169
dep:AOP6_0682	md:dep_M00169
dep:AOP6_2667	md:dep_M00175
dep:AOP6_2666	md:dep_M00175
dep:AOP6_2665	md:dep_M00175
dep:AOP6_0405	md:dep_M00307
dep:AOP6_0599	md:dep_M00307
dep:AOP6_2685	md:dep_M00307
dep:AOP6_1631	md:dep_M00432
dep:AOP6_2192	md:dep_M00432
dep:AOP6_1630	md:dep_M00432
dep:AOP6_1629	md:dep_M00432
dep:AOP6_1628	md:dep_M00432
dep:AOP6_2193	md:dep_M00527
dep:AOP6_1626	md:dep_M00527
dep:AOP6_1627	md:dep_M00527
dep:AOP6_0563	md:dep_M00527
dep:AOP6_0562	md:dep_M00527
dep:AOP6_0561	md:dep_M00527
dep:AOP6_0287	md:dep_M00527
dep:AOP6_0513	md:dep_M00527
dep:AOP6_1448	md:dep_M00570
dep:AOP6_1635	md:dep_M00570
dep:AOP6_1634	md:dep_M00570
dep:AOP6_1633	md:dep_M00570
dep:AOP6_1636	md:dep_M00570
dep:AOP6_2781	md:dep_M00570
dep:AOP6_1200	md:dep_M00572
dep:AOP6_1600	md:dep_M00572
dep:AOP6_1602	md:dep_M00572
dep:AOP6_1909	md:dep_M00572
dep:AOP6_1013	md:dep_M00572
dep:AOP6_1199	md:dep_M00572
dep:AOP6_0755	md:dep_M00579
dep:AOP6_0756	md:dep_M00579
dep:AOP6_2423	md:dep_M00579
dep:AOP6_0752	md:dep_M00621
dep:AOP6_0753	md:dep_M00621
dep:AOP6_0750	md:dep_M00621
dep:AOP6_0405	md:dep_M00621
dep:AOP6_1878	md:dep_M00793
dep:AOP6_2820	md:dep_M00793
dep:AOP6_1881	md:dep_M00793
dep:AOP6_1876	md:dep_M00793
dep:AOP6_1866	md:dep_M00793
dep:AOP6_1879	md:dep_M00793
dep:AOP6_0570	md:dep_M00844
dep:AOP6_0568	md:dep_M00844
dep:AOP6_0565	md:dep_M00844
dep:AOP6_0413	md:dep_M00881
dep:AOP6_0412	md:dep_M00881
dep:AOP6_0318	md:dep_M00899
dep:AOP6_0732	md:dep_M00899
dep:AOP6_2349	md:dep_M00899
dep:AOP6_1874	md:dep_M00909
dep:AOP6_2528	md:dep_M00909
dep:AOP6_2199	md:dep_M00909
dep:AOP6_2529	md:dep_M00909
dep:AOP6_1972	md:dep_M00930
dep:AOP6_0162	md:dep_M00930
dep:AOP6_1470	md:dep_M00930
dep:AOP6_2912	md:dep_M00930
dep:AOP6_0163	md:dep_M00930
dep:AOP6_2913	md:dep_M00930
dep:AOP6_0015	md:dep_M00988
dep:AOP6_1524	md:dep_M00988
dep:AOP6_1525	md:dep_M00988
dep:AOP6_0014	md:dep_M00988
dep:AOP6_0526	md:dep_M00988
dep:AOP6_1874	md:dep_M00995
dep:AOP6_2528	md:dep_M00995
dep:AOP6_2199	md:dep_M00995
dep:AOP6_2529	md:dep_M00995
dep:AOP6_0383	md:dep_M00995
dep:AOP6_2310	md:dep_M00995
dep:AOP6_1859	md:dep_M00999
dep:AOP6_1858	md:dep_M00999
dep:AOP6_1873	md:dep_M01036
dep:AOP6_1872	md:dep_M01036
