dri:QOV41_10925	md:dri_M00002
dri:QOV41_04575	md:dri_M00002
dri:QOV41_04565	md:dri_M00002
dri:QOV41_00970	md:dri_M00002
dri:QOV41_03830	md:dri_M00002
dri:QOV41_10960	md:dri_M00002
dri:QOV41_04360	md:dri_M00002
dri:QOV41_18690	md:dri_M00003
dri:QOV41_10960	md:dri_M00003
dri:QOV41_00970	md:dri_M00003
dri:QOV41_03830	md:dri_M00003
dri:QOV41_04565	md:dri_M00003
dri:QOV41_04575	md:dri_M00003
dri:QOV41_10925	md:dri_M00003
dri:QOV41_04555	md:dri_M00003
dri:QOV41_14950	md:dri_M00003
dri:QOV41_12410	md:dri_M00003
dri:QOV41_16645	md:dri_M00004
dri:QOV41_16640	md:dri_M00004
dri:QOV41_19300	md:dri_M00004
dri:QOV41_08250	md:dri_M00004
dri:QOV41_08160	md:dri_M00004
dri:QOV41_15075	md:dri_M00004
dri:QOV41_04580	md:dri_M00004
dri:QOV41_06345	md:dri_M00004
dri:QOV41_06350	md:dri_M00004
dri:QOV41_16925	md:dri_M00004
dri:QOV41_11645	md:dri_M00004
dri:QOV41_05745	md:dri_M00005
dri:QOV41_16645	md:dri_M00006
dri:QOV41_16640	md:dri_M00006
dri:QOV41_19300	md:dri_M00006
dri:QOV41_08250	md:dri_M00006
dri:QOV41_04580	md:dri_M00007
dri:QOV41_06345	md:dri_M00007
dri:QOV41_06350	md:dri_M00007
dri:QOV41_16925	md:dri_M00007
dri:QOV41_08160	md:dri_M00007
dri:QOV41_15075	md:dri_M00007
dri:QOV41_16645	md:dri_M00008
dri:QOV41_16640	md:dri_M00008
dri:QOV41_19300	md:dri_M00008
dri:QOV41_16635	md:dri_M00008
dri:QOV41_02860	md:dri_M00008
dri:QOV41_10845	md:dri_M00009
dri:QOV41_19415	md:dri_M00009
dri:QOV41_01245	md:dri_M00009
dri:QOV41_08020	md:dri_M00009
dri:QOV41_05225	md:dri_M00009
dri:QOV41_05230	md:dri_M00009
dri:QOV41_05240	md:dri_M00009
dri:QOV41_11130	md:dri_M00009
dri:QOV41_05220	md:dri_M00009
dri:QOV41_05210	md:dri_M00009
dri:QOV41_01545	md:dri_M00009
dri:QOV41_01535	md:dri_M00009
dri:QOV41_09495	md:dri_M00009
dri:QOV41_01555	md:dri_M00009
dri:QOV41_09490	md:dri_M00009
dri:QOV41_01550	md:dri_M00009
dri:QOV41_09485	md:dri_M00009
dri:QOV41_02165	md:dri_M00009
dri:QOV41_05205	md:dri_M00009
dri:QOV41_10845	md:dri_M00010
dri:QOV41_19415	md:dri_M00010
dri:QOV41_01245	md:dri_M00010
dri:QOV41_08020	md:dri_M00010
dri:QOV41_05225	md:dri_M00011
dri:QOV41_05230	md:dri_M00011
dri:QOV41_05240	md:dri_M00011
dri:QOV41_11130	md:dri_M00011
dri:QOV41_05220	md:dri_M00011
dri:QOV41_05210	md:dri_M00011
dri:QOV41_01545	md:dri_M00011
dri:QOV41_01535	md:dri_M00011
dri:QOV41_09495	md:dri_M00011
dri:QOV41_01555	md:dri_M00011
dri:QOV41_09490	md:dri_M00011
dri:QOV41_01550	md:dri_M00011
dri:QOV41_09485	md:dri_M00011
dri:QOV41_02165	md:dri_M00011
dri:QOV41_05205	md:dri_M00011
dri:QOV41_01440	md:dri_M00015
dri:QOV41_01445	md:dri_M00015
dri:QOV41_05775	md:dri_M00015
dri:QOV41_02590	md:dri_M00016
dri:QOV41_14855	md:dri_M00016
dri:QOV41_01605	md:dri_M00016
dri:QOV41_03660	md:dri_M00016
dri:QOV41_06430	md:dri_M00016
dri:QOV41_06660	md:dri_M00016
dri:QOV41_09770	md:dri_M00016
dri:QOV41_13965	md:dri_M00016
dri:QOV41_00975	md:dri_M00016
dri:QOV41_17950	md:dri_M00016
dri:QOV41_17635	md:dri_M00016
dri:QOV41_17945	md:dri_M00016
dri:QOV41_01685	md:dri_M00016
dri:QOV41_02235	md:dri_M00016
dri:QOV41_07290	md:dri_M00019
dri:QOV41_07295	md:dri_M00019
dri:QOV41_07335	md:dri_M00019
dri:QOV41_02565	md:dri_M00019
dri:QOV41_09500	md:dri_M00019
dri:QOV41_05790	md:dri_M00019
dri:QOV41_04720	md:dri_M00020
dri:QOV41_04715	md:dri_M00020
dri:QOV41_07250	md:dri_M00020
dri:QOV41_08280	md:dri_M00021
dri:QOV41_10215	md:dri_M00021
dri:QOV41_05810	md:dri_M00022
dri:QOV41_15060	md:dri_M00022
dri:QOV41_02450	md:dri_M00022
dri:QOV41_10455	md:dri_M00022
dri:QOV41_18955	md:dri_M00022
dri:QOV41_01075	md:dri_M00022
dri:QOV41_02445	md:dri_M00022
dri:QOV41_10650	md:dri_M00022
dri:QOV41_16185	md:dri_M00022
dri:QOV41_10915	md:dri_M00023
dri:QOV41_10910	md:dri_M00023
dri:QOV41_10905	md:dri_M00023
dri:QOV41_00555	md:dri_M00023
dri:QOV41_10900	md:dri_M00023
dri:QOV41_00545	md:dri_M00023
dri:QOV41_00550	md:dri_M00023
dri:QOV41_16840	md:dri_M00026
dri:QOV41_16845	md:dri_M00026
dri:QOV41_00990	md:dri_M00026
dri:QOV41_08320	md:dri_M00026
dri:QOV41_01005	md:dri_M00026
dri:QOV41_01010	md:dri_M00026
dri:QOV41_00995	md:dri_M00026
dri:QOV41_01020	md:dri_M00026
dri:QOV41_02185	md:dri_M00026
dri:QOV41_07365	md:dri_M00026
dri:QOV41_02910	md:dri_M00026
dri:QOV41_02185	md:dri_M00026
dri:QOV41_07365	md:dri_M00026
dri:QOV41_17095	md:dri_M00026
dri:QOV41_02405	md:dri_M00028
dri:QOV41_03000	md:dri_M00028
dri:QOV41_01630	md:dri_M00028
dri:QOV41_17635	md:dri_M00028
dri:QOV41_02405	md:dri_M00028
dri:QOV41_02590	md:dri_M00033
dri:QOV41_14855	md:dri_M00033
dri:QOV41_01605	md:dri_M00033
dri:QOV41_14840	md:dri_M00033
dri:QOV41_14835	md:dri_M00033
dri:QOV41_14845	md:dri_M00033
dri:QOV41_14405	md:dri_M00048
dri:QOV41_16605	md:dri_M00048
dri:QOV41_11210	md:dri_M00048
dri:QOV41_08115	md:dri_M00048
dri:QOV41_08135	md:dri_M00048
dri:QOV41_08125	md:dri_M00048
dri:QOV41_08125	md:dri_M00048
dri:QOV41_11205	md:dri_M00048
dri:QOV41_04460	md:dri_M00048
dri:QOV41_04465	md:dri_M00048
dri:QOV41_08140	md:dri_M00048
dri:QOV41_08155	md:dri_M00048
dri:QOV41_01195	md:dri_M00048
dri:QOV41_04730	md:dri_M00049
dri:QOV41_08155	md:dri_M00049
dri:QOV41_08710	md:dri_M00049
dri:QOV41_14260	md:dri_M00049
dri:QOV41_14480	md:dri_M00050
dri:QOV41_14430	md:dri_M00050
dri:QOV41_14335	md:dri_M00050
dri:QOV41_14260	md:dri_M00050
dri:QOV41_10795	md:dri_M00052
dri:QOV41_14260	md:dri_M00052
dri:QOV41_10935	md:dri_M00052
dri:QOV41_17005	md:dri_M00061
dri:QOV41_17740	md:dri_M00061
dri:QOV41_05290	md:dri_M00061
dri:QOV41_06565	md:dri_M00061
dri:QOV41_17735	md:dri_M00061
dri:QOV41_02860	md:dri_M00061
dri:QOV41_10450	md:dri_M00082
dri:QOV41_10445	md:dri_M00082
dri:QOV41_02430	md:dri_M00082
dri:QOV41_00540	md:dri_M00082
dri:QOV41_14360	md:dri_M00082
dri:QOV41_13825	md:dri_M00082
dri:QOV41_00175	md:dri_M00083
dri:QOV41_14345	md:dri_M00083
dri:QOV41_10555	md:dri_M00083
dri:QOV41_14355	md:dri_M00083
dri:QOV41_10830	md:dri_M00083
dri:QOV41_00180	md:dri_M00083
dri:QOV41_16195	md:dri_M00083
dri:QOV41_04290	md:dri_M00086
dri:QOV41_16600	md:dri_M00118
dri:QOV41_00850	md:dri_M00118
dri:QOV41_10770	md:dri_M00134
dri:QOV41_08745	md:dri_M00134
dri:QOV41_11465	md:dri_M00144
dri:QOV41_11460	md:dri_M00144
dri:QOV41_11455	md:dri_M00144
dri:QOV41_11450	md:dri_M00144
dri:QOV41_11460	md:dri_M00144
dri:QOV41_11445	md:dri_M00144
dri:QOV41_11440	md:dri_M00144
dri:QOV41_11435	md:dri_M00144
dri:QOV41_11430	md:dri_M00144
dri:QOV41_11425	md:dri_M00144
dri:QOV41_11420	md:dri_M00144
dri:QOV41_11415	md:dri_M00144
dri:QOV41_11410	md:dri_M00144
dri:QOV41_11405	md:dri_M00144
dri:QOV41_11400	md:dri_M00144
dri:QOV41_01555	md:dri_M00149
dri:QOV41_09490	md:dri_M00149
dri:QOV41_01550	md:dri_M00149
dri:QOV41_09485	md:dri_M00149
dri:QOV41_01545	md:dri_M00149
dri:QOV41_01535	md:dri_M00149
dri:QOV41_09495	md:dri_M00149
dri:QOV41_05685	md:dri_M00151
dri:QOV41_05690	md:dri_M00151
dri:QOV41_05680	md:dri_M00151
dri:QOV41_09240	md:dri_M00155
dri:QOV41_16535	md:dri_M00155
dri:QOV41_16530	md:dri_M00155
dri:QOV41_16510	md:dri_M00155
dri:QOV41_09245	md:dri_M00155
dri:QOV41_17600	md:dri_M00155
dri:QOV41_09145	md:dri_M00156
dri:QOV41_09140	md:dri_M00156
dri:QOV41_09135	md:dri_M00156
dri:QOV41_09130	md:dri_M00156
dri:QOV41_01505	md:dri_M00157
dri:QOV41_01495	md:dri_M00157
dri:QOV41_01510	md:dri_M00157
dri:QOV41_01490	md:dri_M00157
dri:QOV41_01500	md:dri_M00157
dri:QOV41_16425	md:dri_M00157
dri:QOV41_16435	md:dri_M00157
dri:QOV41_16440	md:dri_M00157
dri:QOV41_16430	md:dri_M00157
dri:QOV41_11165	md:dri_M00169
dri:QOV41_16260	md:dri_M00169
dri:QOV41_11155	md:dri_M00307
dri:QOV41_11145	md:dri_M00307
dri:QOV41_11140	md:dri_M00307
dri:QOV41_05240	md:dri_M00307
dri:QOV41_11130	md:dri_M00307
dri:QOV41_07355	md:dri_M00432
dri:QOV41_15005	md:dri_M00432
dri:QOV41_01180	md:dri_M00432
dri:QOV41_01635	md:dri_M00432
dri:QOV41_01645	md:dri_M00432
dri:QOV41_06615	md:dri_M00552
dri:QOV41_10875	md:dri_M00552
dri:QOV41_10870	md:dri_M00552
dri:QOV41_04575	md:dri_M00552
dri:QOV41_04565	md:dri_M00552
dri:QOV41_09050	md:dri_M00555
dri:QOV41_09055	md:dri_M00555
dri:QOV41_06835	md:dri_M00565
dri:QOV41_06840	md:dri_M00565
dri:QOV41_06830	md:dri_M00565
dri:QOV41_10525	md:dri_M00565
dri:QOV41_15885	md:dri_M00565
dri:QOV41_04105	md:dri_M00565
dri:QOV41_10520	md:dri_M00565
dri:QOV41_18175	md:dri_M00570
dri:QOV41_07290	md:dri_M00570
dri:QOV41_07295	md:dri_M00570
dri:QOV41_07335	md:dri_M00570
dri:QOV41_02565	md:dri_M00570
dri:QOV41_09500	md:dri_M00570
dri:QOV41_05790	md:dri_M00570
dri:QOV41_16455	md:dri_M00621
dri:QOV41_16460	md:dri_M00621
dri:QOV41_16445	md:dri_M00621
dri:QOV41_05240	md:dri_M00621
dri:QOV41_11130	md:dri_M00621
dri:QOV41_17640	md:dri_M00844
dri:QOV41_01320	md:dri_M00844
dri:QOV41_02245	md:dri_M00844
dri:QOV41_02830	md:dri_M00854
dri:QOV41_06835	md:dri_M00854
dri:QOV41_06840	md:dri_M00854
dri:QOV41_06830	md:dri_M00854
dri:QOV41_10525	md:dri_M00854
dri:QOV41_06825	md:dri_M00855
dri:QOV41_10515	md:dri_M00855
dri:QOV41_06850	md:dri_M00855
dri:QOV41_06845	md:dri_M00855
dri:QOV41_15085	md:dri_M00880
dri:QOV41_10895	md:dri_M00880
dri:QOV41_05795	md:dri_M00880
dri:QOV41_16355	md:dri_M00880
dri:QOV41_10890	md:dri_M00880
dri:QOV41_08835	md:dri_M00881
dri:QOV41_11120	md:dri_M00881
dri:QOV41_11615	md:dri_M00909
dri:QOV41_14000	md:dri_M00909
dri:QOV41_04690	md:dri_M00909
dri:QOV41_11620	md:dri_M00909
dri:QOV41_16680	md:dri_M00925
dri:QOV41_15670	md:dri_M00925
dri:QOV41_15660	md:dri_M00925
dri:QOV41_15675	md:dri_M00925
dri:QOV41_16690	md:dri_M00925
dri:QOV41_15685	md:dri_M00925
dri:QOV41_15655	md:dri_M00925
dri:QOV41_16685	md:dri_M00925
dri:QOV41_15680	md:dri_M00925
dri:QOV41_15665	md:dri_M00925
dri:QOV41_16675	md:dri_M00925
dri:QOV41_16710	md:dri_M00925
dri:QOV41_02465	md:dri_M00925
dri:QOV41_02470	md:dri_M00925
dri:QOV41_11790	md:dri_M00958
dri:QOV41_05480	md:dri_M00958
dri:QOV41_11790	md:dri_M00958
dri:QOV41_05750	md:dri_M00958
dri:QOV41_18070	md:dri_M00958
dri:QOV41_01565	md:dri_M00958
dri:QOV41_05750	md:dri_M00958
dri:QOV41_05540	md:dri_M00958
dri:QOV41_05545	md:dri_M00958
dri:QOV41_05480	md:dri_M00959
dri:QOV41_11790	md:dri_M00959
dri:QOV41_18070	md:dri_M00959
dri:QOV41_01565	md:dri_M00959
dri:QOV41_05750	md:dri_M00959
dri:QOV41_05580	md:dri_M00959
dri:QOV41_05540	md:dri_M00959
dri:QOV41_05545	md:dri_M00959
dri:QOV41_14905	md:dri_M00970
dri:QOV41_19415	md:dri_M00982
dri:QOV41_01835	md:dri_M00982
dri:QOV41_01245	md:dri_M00982
dri:QOV41_19410	md:dri_M00982
dri:QOV41_01545	md:dri_M00982
dri:QOV41_01535	md:dri_M00982
dri:QOV41_09495	md:dri_M00982
dri:QOV41_01555	md:dri_M00982
dri:QOV41_09490	md:dri_M00982
dri:QOV41_01550	md:dri_M00982
dri:QOV41_09485	md:dri_M00982
dri:QOV41_02165	md:dri_M00982
dri:QOV41_05205	md:dri_M00982
dri:QOV41_11615	md:dri_M00995
dri:QOV41_14000	md:dri_M00995
dri:QOV41_04690	md:dri_M00995
dri:QOV41_11620	md:dri_M00995
dri:QOV41_17110	md:dri_M00995
dri:QOV41_14765	md:dri_M00995
dri:QOV41_08420	md:dri_M00999
dri:QOV41_08425	md:dri_M00999
dri:QOV41_12840	md:dri_M01000
dri:QOV41_13390	md:dri_M01000
dri:QOV41_08360	md:dri_M01000
dri:QOV41_12840	md:dri_M01000
dri:QOV41_13390	md:dri_M01000
dri:QOV41_17430	md:dri_M01016
dri:QOV41_17435	md:dri_M01016
