dye:EO087_10700	md:dye_M00004
dye:EO087_11280	md:dye_M00004
dye:EO087_10695	md:dye_M00004
dye:EO087_11275	md:dye_M00004
dye:EO087_06375	md:dye_M00004
dye:EO087_10510	md:dye_M00004
dye:EO087_06405	md:dye_M00004
dye:EO087_11265	md:dye_M00004
dye:EO087_11270	md:dye_M00004
dye:EO087_15175	md:dye_M00005
dye:EO087_10700	md:dye_M00006
dye:EO087_11280	md:dye_M00006
dye:EO087_10695	md:dye_M00006
dye:EO087_11275	md:dye_M00006
dye:EO087_06405	md:dye_M00007
dye:EO087_11265	md:dye_M00007
dye:EO087_06375	md:dye_M00007
dye:EO087_10510	md:dye_M00007
dye:EO087_10700	md:dye_M00008
dye:EO087_11280	md:dye_M00008
dye:EO087_10695	md:dye_M00008
dye:EO087_10690	md:dye_M00008
dye:EO087_10685	md:dye_M00008
dye:EO087_10515	md:dye_M00009
dye:EO087_01385	md:dye_M00009
dye:EO087_06030	md:dye_M00009
dye:EO087_06025	md:dye_M00009
dye:EO087_11120	md:dye_M00009
dye:EO087_01645	md:dye_M00009
dye:EO087_07455	md:dye_M00009
dye:EO087_07460	md:dye_M00009
dye:EO087_07465	md:dye_M00009
dye:EO087_12720	md:dye_M00009
dye:EO087_10160	md:dye_M00009
dye:EO087_10165	md:dye_M00009
dye:EO087_07890	md:dye_M00009
dye:EO087_07885	md:dye_M00009
dye:EO087_07900	md:dye_M00009
dye:EO087_07895	md:dye_M00009
dye:EO087_15580	md:dye_M00009
dye:EO087_06785	md:dye_M00009
dye:EO087_04975	md:dye_M00009
dye:EO087_10515	md:dye_M00010
dye:EO087_01385	md:dye_M00010
dye:EO087_06030	md:dye_M00010
dye:EO087_06025	md:dye_M00010
dye:EO087_11120	md:dye_M00010
dye:EO087_01645	md:dye_M00010
dye:EO087_07455	md:dye_M00011
dye:EO087_07460	md:dye_M00011
dye:EO087_07465	md:dye_M00011
dye:EO087_12720	md:dye_M00011
dye:EO087_10160	md:dye_M00011
dye:EO087_10165	md:dye_M00011
dye:EO087_07890	md:dye_M00011
dye:EO087_07885	md:dye_M00011
dye:EO087_07900	md:dye_M00011
dye:EO087_07895	md:dye_M00011
dye:EO087_15580	md:dye_M00011
dye:EO087_06785	md:dye_M00011
dye:EO087_04975	md:dye_M00011
dye:EO087_15585	md:dye_M00016
dye:EO087_05265	md:dye_M00016
dye:EO087_02300	md:dye_M00016
dye:EO087_04465	md:dye_M00016
dye:EO087_05460	md:dye_M00016
dye:EO087_09025	md:dye_M00016
dye:EO087_05450	md:dye_M00016
dye:EO087_11825	md:dye_M00016
dye:EO087_15585	md:dye_M00016
dye:EO087_15585	md:dye_M00018
dye:EO087_05265	md:dye_M00018
dye:EO087_14180	md:dye_M00018
dye:EO087_10780	md:dye_M00018
dye:EO087_10785	md:dye_M00018
dye:EO087_02515	md:dye_M00022
dye:EO087_02570	md:dye_M00022
dye:EO087_15455	md:dye_M00022
dye:EO087_15720	md:dye_M00022
dye:EO087_09395	md:dye_M00022
dye:EO087_11850	md:dye_M00022
dye:EO087_14065	md:dye_M00022
dye:EO087_15725	md:dye_M00022
dye:EO087_05950	md:dye_M00022
dye:EO087_05270	md:dye_M00022
dye:EO087_05735	md:dye_M00023
dye:EO087_05710	md:dye_M00023
dye:EO087_05705	md:dye_M00023
dye:EO087_05245	md:dye_M00023
dye:EO087_05700	md:dye_M00023
dye:EO087_05235	md:dye_M00023
dye:EO087_05240	md:dye_M00023
dye:EO087_05955	md:dye_M00024
dye:EO087_11165	md:dye_M00024
dye:EO087_06560	md:dye_M00026
dye:EO087_06525	md:dye_M00026
dye:EO087_06535	md:dye_M00026
dye:EO087_06540	md:dye_M00026
dye:EO087_06530	md:dye_M00026
dye:EO087_06550	md:dye_M00026
dye:EO087_14830	md:dye_M00026
dye:EO087_06545	md:dye_M00026
dye:EO087_06550	md:dye_M00026
dye:EO087_06555	md:dye_M00026
dye:EO087_06245	md:dye_M00028
dye:EO087_06245	md:dye_M00028
dye:EO087_06240	md:dye_M00028
dye:EO087_09025	md:dye_M00028
dye:EO087_06250	md:dye_M00028
dye:EO087_13765	md:dye_M00034
dye:EO087_05690	md:dye_M00034
dye:EO087_12165	md:dye_M00034
dye:EO087_08070	md:dye_M00034
dye:EO087_07530	md:dye_M00034
dye:EO087_05115	md:dye_M00034
dye:EO087_05125	md:dye_M00034
dye:EO087_05120	md:dye_M00034
dye:EO087_11165	md:dye_M00034
dye:EO087_13765	md:dye_M00035
dye:EO087_01690	md:dye_M00035
dye:EO087_14200	md:dye_M00035
dye:EO087_08555	md:dye_M00035
dye:EO087_14195	md:dye_M00036
dye:EO087_02005	md:dye_M00036
dye:EO087_02000	md:dye_M00036
dye:EO087_03655	md:dye_M00036
dye:EO087_01995	md:dye_M00036
dye:EO087_07465	md:dye_M00036
dye:EO087_12720	md:dye_M00036
dye:EO087_15945	md:dye_M00036
dye:EO087_15855	md:dye_M00036
dye:EO087_15910	md:dye_M00036
dye:EO087_15870	md:dye_M00036
dye:EO087_15850	md:dye_M00036
dye:EO087_11165	md:dye_M00044
dye:EO087_06465	md:dye_M00044
dye:EO087_06455	md:dye_M00044
dye:EO087_08580	md:dye_M00044
dye:EO087_06450	md:dye_M00044
dye:EO087_03225	md:dye_M00045
dye:EO087_04215	md:dye_M00045
dye:EO087_05155	md:dye_M00045
dye:EO087_05135	md:dye_M00045
dye:EO087_08415	md:dye_M00045
dye:EO087_03800	md:dye_M00048
dye:EO087_12460	md:dye_M00048
dye:EO087_01510	md:dye_M00048
dye:EO087_04270	md:dye_M00048
dye:EO087_06860	md:dye_M00048
dye:EO087_01515	md:dye_M00048
dye:EO087_04720	md:dye_M00048
dye:EO087_04725	md:dye_M00048
dye:EO087_06390	md:dye_M00048
dye:EO087_06790	md:dye_M00048
dye:EO087_09430	md:dye_M00048
dye:EO087_04915	md:dye_M00049
dye:EO087_06790	md:dye_M00049
dye:EO087_09085	md:dye_M00049
dye:EO087_00915	md:dye_M00049
dye:EO087_00960	md:dye_M00050
dye:EO087_00965	md:dye_M00050
dye:EO087_09335	md:dye_M00050
dye:EO087_10410	md:dye_M00050
dye:EO087_00915	md:dye_M00050
dye:EO087_05505	md:dye_M00052
dye:EO087_00915	md:dye_M00052
dye:EO087_03530	md:dye_M00052
dye:EO087_13120	md:dye_M00053
dye:EO087_14490	md:dye_M00053
dye:EO087_13110	md:dye_M00053
dye:EO087_00915	md:dye_M00053
dye:EO087_01490	md:dye_M00063
dye:EO087_03535	md:dye_M00063
dye:EO087_01485	md:dye_M00063
dye:EO087_05945	md:dye_M00063
dye:EO087_09400	md:dye_M00082
dye:EO087_09410	md:dye_M00082
dye:EO087_05655	md:dye_M00082
dye:EO087_05230	md:dye_M00082
dye:EO087_07705	md:dye_M00082
dye:EO087_07720	md:dye_M00082
dye:EO087_15955	md:dye_M00083
dye:EO087_07690	md:dye_M00083
dye:EO087_07700	md:dye_M00083
dye:EO087_08390	md:dye_M00083
dye:EO087_14975	md:dye_M00083
dye:EO087_15655	md:dye_M00083
dye:EO087_05540	md:dye_M00083
dye:EO087_10945	md:dye_M00083
dye:EO087_02650	md:dye_M00083
dye:EO087_06035	md:dye_M00086
dye:EO087_01180	md:dye_M00087
dye:EO087_00905	md:dye_M00087
dye:EO087_14565	md:dye_M00087
dye:EO087_00900	md:dye_M00087
dye:EO087_12130	md:dye_M00088
dye:EO087_15920	md:dye_M00088
dye:EO087_11430	md:dye_M00088
dye:EO087_15850	md:dye_M00088
dye:EO087_12180	md:dye_M00088
dye:EO087_12185	md:dye_M00088
dye:EO087_08675	md:dye_M00091
dye:EO087_05520	md:dye_M00093
dye:EO087_07240	md:dye_M00093
dye:EO087_05285	md:dye_M00093
dye:EO087_10630	md:dye_M00118
dye:EO087_15795	md:dye_M00118
dye:EO087_01655	md:dye_M00120
dye:EO087_12305	md:dye_M00120
dye:EO087_02730	md:dye_M00120
dye:EO087_15005	md:dye_M00120
dye:EO087_05190	md:dye_M00121
dye:EO087_15150	md:dye_M00121
dye:EO087_09010	md:dye_M00121
dye:EO087_14000	md:dye_M00121
dye:EO087_11530	md:dye_M00121
dye:EO087_09515	md:dye_M00121
dye:EO087_15710	md:dye_M00121
dye:EO087_10920	md:dye_M00121
dye:EO087_08170	md:dye_M00121
dye:EO087_12590	md:dye_M00121
dye:EO087_11225	md:dye_M00123
dye:EO087_14820	md:dye_M00123
dye:EO087_12685	md:dye_M00123
dye:EO087_11220	md:dye_M00123
dye:EO087_07345	md:dye_M00125
dye:EO087_07355	md:dye_M00125
dye:EO087_14475	md:dye_M00125
dye:EO087_07345	md:dye_M00125
dye:EO087_07330	md:dye_M00125
dye:EO087_07350	md:dye_M00125
dye:EO087_02020	md:dye_M00125
dye:EO087_07650	md:dye_M00144
dye:EO087_07645	md:dye_M00144
dye:EO087_07640	md:dye_M00144
dye:EO087_07635	md:dye_M00144
dye:EO087_07645	md:dye_M00144
dye:EO087_07630	md:dye_M00144
dye:EO087_07625	md:dye_M00144
dye:EO087_07620	md:dye_M00144
dye:EO087_07615	md:dye_M00144
dye:EO087_07610	md:dye_M00144
dye:EO087_07605	md:dye_M00144
dye:EO087_07600	md:dye_M00144
dye:EO087_07595	md:dye_M00144
dye:EO087_07590	md:dye_M00144
dye:EO087_07585	md:dye_M00144
dye:EO087_07900	md:dye_M00149
dye:EO087_07895	md:dye_M00149
dye:EO087_07890	md:dye_M00149
dye:EO087_07885	md:dye_M00149
dye:EO087_04865	md:dye_M00151
dye:EO087_04860	md:dye_M00151
dye:EO087_04870	md:dye_M00151
dye:EO087_13630	md:dye_M00155
dye:EO087_13635	md:dye_M00155
dye:EO087_13645	md:dye_M00155
dye:EO087_11320	md:dye_M00157
dye:EO087_11330	md:dye_M00157
dye:EO087_11315	md:dye_M00157
dye:EO087_11335	md:dye_M00157
dye:EO087_11325	md:dye_M00157
dye:EO087_11300	md:dye_M00157
dye:EO087_11310	md:dye_M00157
dye:EO087_11305	md:dye_M00157
dye:EO087_13730	md:dye_M00168
dye:EO087_04975	md:dye_M00168
dye:EO087_12800	md:dye_M00307
dye:EO087_12725	md:dye_M00307
dye:EO087_07465	md:dye_M00307
dye:EO087_12720	md:dye_M00307
dye:EO087_08555	md:dye_M00338
dye:EO087_14105	md:dye_M00338
dye:EO087_12945	md:dye_M00364
dye:EO087_12850	md:dye_M00364
dye:EO087_03420	md:dye_M00417
dye:EO087_08500	md:dye_M00417
dye:EO087_03425	md:dye_M00417
dye:EO087_08495	md:dye_M00417
dye:EO087_03430	md:dye_M00417
dye:EO087_08490	md:dye_M00417
dye:EO087_03435	md:dye_M00417
dye:EO087_08485	md:dye_M00417
dye:EO087_11185	md:dye_M00432
dye:EO087_11190	md:dye_M00432
dye:EO087_11195	md:dye_M00432
dye:EO087_11200	md:dye_M00432
dye:EO087_10740	md:dye_M00549
dye:EO087_13990	md:dye_M00549
dye:EO087_12315	md:dye_M00549
dye:EO087_14120	md:dye_M00549
dye:EO087_03200	md:dye_M00549
dye:EO087_07080	md:dye_M00552
dye:EO087_11350	md:dye_M00552
dye:EO087_11360	md:dye_M00552
dye:EO087_11355	md:dye_M00552
dye:EO087_06430	md:dye_M00552
dye:EO087_08585	md:dye_M00552
dye:EO087_04050	md:dye_M00555
dye:EO087_04055	md:dye_M00555
dye:EO087_01555	md:dye_M00621
dye:EO087_08665	md:dye_M00621
dye:EO087_07465	md:dye_M00621
dye:EO087_12720	md:dye_M00621
dye:EO087_13815	md:dye_M00793
dye:EO087_13820	md:dye_M00793
dye:EO087_13810	md:dye_M00793
dye:EO087_13805	md:dye_M00793
dye:EO087_06245	md:dye_M00845
dye:EO087_06240	md:dye_M00845
dye:EO087_09025	md:dye_M00845
dye:EO087_06265	md:dye_M00845
dye:EO087_06250	md:dye_M00845
dye:EO087_06255	md:dye_M00845
dye:EO087_06235	md:dye_M00845
dye:EO087_14440	md:dye_M00881
dye:EO087_14445	md:dye_M00881
dye:EO087_08550	md:dye_M00909
dye:EO087_10755	md:dye_M00909
dye:EO087_16070	md:dye_M00909
dye:EO087_10960	md:dye_M00909
dye:EO087_13120	md:dye_M00938
dye:EO087_14490	md:dye_M00938
dye:EO087_13110	md:dye_M00938
dye:EO087_00915	md:dye_M00938
dye:EO087_12310	md:dye_M00938
dye:EO087_04655	md:dye_M00938
dye:EO087_07670	md:dye_M00938
dye:EO087_13620	md:dye_M00970
dye:EO087_01385	md:dye_M00982
dye:EO087_01415	md:dye_M00982
dye:EO087_06025	md:dye_M00982
dye:EO087_06030	md:dye_M00982
dye:EO087_01380	md:dye_M00982
dye:EO087_07890	md:dye_M00982
dye:EO087_07885	md:dye_M00982
dye:EO087_07900	md:dye_M00982
dye:EO087_07895	md:dye_M00982
dye:EO087_15580	md:dye_M00982
dye:EO087_06785	md:dye_M00982
dye:EO087_04975	md:dye_M00982
dye:EO087_14060	md:dye_M00988
dye:EO087_08260	md:dye_M00988
dye:EO087_11285	md:dye_M00988
dye:EO087_14430	md:dye_M00988
dye:EO087_14965	md:dye_M00988
dye:EO087_13050	md:dye_M00988
dye:EO087_08550	md:dye_M00995
dye:EO087_10755	md:dye_M00995
dye:EO087_16070	md:dye_M00995
dye:EO087_10960	md:dye_M00995
dye:EO087_01500	md:dye_M00995
dye:EO087_03555	md:dye_M00995
dye:EO087_12345	md:dye_M00996
dye:EO087_08270	md:dye_M00996
dye:EO087_01090	md:dye_M00996
dye:EO087_01085	md:dye_M00996
dye:EO087_14550	md:dye_M00999
dye:EO087_08165	md:dye_M00999
dye:EO087_12275	md:dye_M00999
dye:EO087_13800	md:dye_M01000
dye:EO087_12315	md:dye_M01000
dye:EO087_14120	md:dye_M01000
dye:EO087_13800	md:dye_M01000
dye:EO087_13800	md:dye_M01006
dye:EO087_12315	md:dye_M01006
dye:EO087_14120	md:dye_M01006
dye:EO087_13800	md:dye_M01006
dye:EO087_14110	md:dye_M01006
dye:EO087_14145	md:dye_M01006
dye:EO087_14110	md:dye_M01019
dye:EO087_14115	md:dye_M01019
