ftd:AS84_859	md:ftd_M00002
ftd:AS84_1181	md:ftd_M00002
ftd:AS84_1182	md:ftd_M00002
ftd:AS84_20	md:ftd_M00002
ftd:AS84_55	md:ftd_M00002
ftd:AS84_1183	md:ftd_M00002
ftd:AS84_140	md:ftd_M00003
ftd:AS84_55	md:ftd_M00003
ftd:AS84_20	md:ftd_M00003
ftd:AS84_1182	md:ftd_M00003
ftd:AS84_1181	md:ftd_M00003
ftd:AS84_859	md:ftd_M00003
ftd:AS84_1184	md:ftd_M00003
ftd:AS84_406	md:ftd_M00003
ftd:AS84_1516	md:ftd_M00005
ftd:AS84_1180	md:ftd_M00007
ftd:AS84_1757	md:ftd_M00007
ftd:AS84_1290	md:ftd_M00007
ftd:AS84_1331	md:ftd_M00007
ftd:AS84_850	md:ftd_M00009
ftd:AS84_867	md:ftd_M00009
ftd:AS84_1071	md:ftd_M00009
ftd:AS84_855	md:ftd_M00009
ftd:AS84_856	md:ftd_M00009
ftd:AS84_1013	md:ftd_M00009
ftd:AS84_84	md:ftd_M00009
ftd:AS84_83	md:ftd_M00009
ftd:AS84_853	md:ftd_M00009
ftd:AS84_854	md:ftd_M00009
ftd:AS84_851	md:ftd_M00009
ftd:AS84_852	md:ftd_M00009
ftd:AS84_354	md:ftd_M00009
ftd:AS84_490	md:ftd_M00009
ftd:AS84_1549	md:ftd_M00009
ftd:AS84_850	md:ftd_M00010
ftd:AS84_867	md:ftd_M00010
ftd:AS84_1071	md:ftd_M00010
ftd:AS84_855	md:ftd_M00011
ftd:AS84_856	md:ftd_M00011
ftd:AS84_1013	md:ftd_M00011
ftd:AS84_84	md:ftd_M00011
ftd:AS84_83	md:ftd_M00011
ftd:AS84_853	md:ftd_M00011
ftd:AS84_854	md:ftd_M00011
ftd:AS84_851	md:ftd_M00011
ftd:AS84_852	md:ftd_M00011
ftd:AS84_354	md:ftd_M00011
ftd:AS84_490	md:ftd_M00011
ftd:AS84_1549	md:ftd_M00011
ftd:AS84_757	md:ftd_M00018
ftd:AS84_162	md:ftd_M00018
ftd:AS84_163	md:ftd_M00018
ftd:AS84_162	md:ftd_M00018
ftd:AS84_161	md:ftd_M00018
ftd:AS84_1478	md:ftd_M00018
ftd:AS84_160	md:ftd_M00018
ftd:AS84_1480	md:ftd_M00019
ftd:AS84_1481	md:ftd_M00019
ftd:AS84_1482	md:ftd_M00019
ftd:AS84_1479	md:ftd_M00019
ftd:AS84_652	md:ftd_M00019
ftd:AS84_1265	md:ftd_M00020
ftd:AS84_1574	md:ftd_M00020
ftd:AS84_1799	md:ftd_M00020
ftd:AS84_1698	md:ftd_M00022
ftd:AS84_1378	md:ftd_M00022
ftd:AS84_116	md:ftd_M00022
ftd:AS84_637	md:ftd_M00022
ftd:AS84_1377	md:ftd_M00022
ftd:AS84_1430	md:ftd_M00022
ftd:AS84_298	md:ftd_M00022
ftd:AS84_705	md:ftd_M00023
ftd:AS84_1717	md:ftd_M00023
ftd:AS84_706	md:ftd_M00023
ftd:AS84_707	md:ftd_M00023
ftd:AS84_714	md:ftd_M00023
ftd:AS84_747	md:ftd_M00023
ftd:AS84_748	md:ftd_M00023
ftd:AS84_788	md:ftd_M00048
ftd:AS84_279	md:ftd_M00048
ftd:AS84_278	md:ftd_M00048
ftd:AS84_742	md:ftd_M00048
ftd:AS84_789	md:ftd_M00048
ftd:AS84_280	md:ftd_M00048
ftd:AS84_274	md:ftd_M00048
ftd:AS84_276	md:ftd_M00048
ftd:AS84_279	md:ftd_M00048
ftd:AS84_796	md:ftd_M00048
ftd:AS84_536	md:ftd_M00048
ftd:AS84_535	md:ftd_M00049
ftd:AS84_796	md:ftd_M00049
ftd:AS84_1371	md:ftd_M00049
ftd:AS84_436	md:ftd_M00049
ftd:AS84_7	md:ftd_M00050
ftd:AS84_1664	md:ftd_M00050
ftd:AS84_1851	md:ftd_M00050
ftd:AS84_436	md:ftd_M00050
ftd:AS84_480	md:ftd_M00052
ftd:AS84_436	md:ftd_M00052
ftd:AS84_437	md:ftd_M00052
ftd:AS84_1548	md:ftd_M00053
ftd:AS84_1545	md:ftd_M00053
ftd:AS84_436	md:ftd_M00053
ftd:AS84_1289	md:ftd_M00063
ftd:AS84_65	md:ftd_M00063
ftd:AS84_1673	md:ftd_M00063
ftd:AS84_1859	md:ftd_M00063
ftd:AS84_115	md:ftd_M00082
ftd:AS84_114	md:ftd_M00082
ftd:AS84_994	md:ftd_M00082
ftd:AS84_435	md:ftd_M00082
ftd:AS84_1175	md:ftd_M00082
ftd:AS84_1176	md:ftd_M00082
ftd:AS84_1172	md:ftd_M00083
ftd:AS84_1174	md:ftd_M00083
ftd:AS84_1703	md:ftd_M00083
ftd:AS84_1021	md:ftd_M00083
ftd:AS84_1288	md:ftd_M00083
ftd:AS84_1069	md:ftd_M00086
ftd:AS84_1239	md:ftd_M00086
ftd:AS84_477	md:ftd_M00093
ftd:AS84_340	md:ftd_M00093
ftd:AS84_206	md:ftd_M00093
ftd:AS84_430	md:ftd_M00118
ftd:AS84_1736	md:ftd_M00118
ftd:AS84_1158	md:ftd_M00120
ftd:AS84_890	md:ftd_M00120
ftd:AS84_1388	md:ftd_M00120
ftd:AS84_1788	md:ftd_M00120
ftd:AS84_1009	md:ftd_M00120
ftd:AS84_1726	md:ftd_M00123
ftd:AS84_1724	md:ftd_M00123
ftd:AS84_1729	md:ftd_M00123
ftd:AS84_1725	md:ftd_M00123
ftd:AS84_810	md:ftd_M00144
ftd:AS84_811	md:ftd_M00144
ftd:AS84_812	md:ftd_M00144
ftd:AS84_813	md:ftd_M00144
ftd:AS84_811	md:ftd_M00144
ftd:AS84_814	md:ftd_M00144
ftd:AS84_815	md:ftd_M00144
ftd:AS84_816	md:ftd_M00144
ftd:AS84_817	md:ftd_M00144
ftd:AS84_818	md:ftd_M00144
ftd:AS84_819	md:ftd_M00144
ftd:AS84_820	md:ftd_M00144
ftd:AS84_821	md:ftd_M00144
ftd:AS84_822	md:ftd_M00144
ftd:AS84_823	md:ftd_M00144
ftd:AS84_851	md:ftd_M00149
ftd:AS84_852	md:ftd_M00149
ftd:AS84_853	md:ftd_M00149
ftd:AS84_854	md:ftd_M00149
ftd:AS84_842	md:ftd_M00157
ftd:AS84_844	md:ftd_M00157
ftd:AS84_841	md:ftd_M00157
ftd:AS84_845	md:ftd_M00157
ftd:AS84_843	md:ftd_M00157
ftd:AS84_838	md:ftd_M00157
ftd:AS84_840	md:ftd_M00157
ftd:AS84_839	md:ftd_M00157
ftd:AS84_1011	md:ftd_M00307
ftd:AS84_1012	md:ftd_M00307
ftd:AS84_1013	md:ftd_M00307
ftd:AS84_515	md:ftd_M00417
ftd:AS84_514	md:ftd_M00417
ftd:AS84_513	md:ftd_M00417
ftd:AS84_512	md:ftd_M00417
ftd:AS84_653	md:ftd_M00432
ftd:AS84_654	md:ftd_M00432
ftd:AS84_655	md:ftd_M00432
ftd:AS84_656	md:ftd_M00432
ftd:AS84_1730	md:ftd_M00549
ftd:AS84_58	md:ftd_M00549
ftd:AS84_59	md:ftd_M00549
ftd:AS84_172	md:ftd_M00549
ftd:AS84_1814	md:ftd_M00549
ftd:AS84_1858	md:ftd_M00554
ftd:AS84_1856	md:ftd_M00554
ftd:AS84_1727	md:ftd_M00572
ftd:AS84_247	md:ftd_M00572
ftd:AS84_1172	md:ftd_M00572
ftd:AS84_1174	md:ftd_M00572
ftd:AS84_1703	md:ftd_M00572
ftd:AS84_1021	md:ftd_M00572
ftd:AS84_1288	md:ftd_M00572
ftd:AS84_1722	md:ftd_M00572
ftd:AS84_588	md:ftd_M00579
ftd:AS84_589	md:ftd_M00579
ftd:AS84_177	md:ftd_M00621
ftd:AS84_176	md:ftd_M00621
ftd:AS84_179	md:ftd_M00621
ftd:AS84_1013	md:ftd_M00621
ftd:AS84_1389	md:ftd_M00632
ftd:AS84_1858	md:ftd_M00632
ftd:AS84_1856	md:ftd_M00632
ftd:AS84_1292	md:ftd_M00632
ftd:AS84_1297	md:ftd_M00632
ftd:AS84_1814	md:ftd_M00854
ftd:AS84_171	md:ftd_M00854
ftd:AS84_170	md:ftd_M00854
ftd:AS84_1801	md:ftd_M00854
ftd:AS84_173	md:ftd_M00854
ftd:AS84_169	md:ftd_M00855
ftd:AS84_168	md:ftd_M00855
ftd:AS84_174	md:ftd_M00855
ftd:AS84_172	md:ftd_M00855
ftd:AS84_1677	md:ftd_M00881
ftd:AS84_1494	md:ftd_M00881
ftd:AS84_1442	md:ftd_M00909
ftd:AS84_201	md:ftd_M00909
ftd:AS84_858	md:ftd_M00909
ftd:AS84_202	md:ftd_M00909
ftd:AS84_75	md:ftd_M00916
ftd:AS84_74	md:ftd_M00916
ftd:AS84_1078	md:ftd_M00923
ftd:AS84_1079	md:ftd_M00923
ftd:AS84_1080	md:ftd_M00923
ftd:AS84_1548	md:ftd_M00938
ftd:AS84_1545	md:ftd_M00938
ftd:AS84_436	md:ftd_M00938
ftd:AS84_476	md:ftd_M00938
ftd:AS84_1266	md:ftd_M00938
ftd:AS84_895	md:ftd_M00938
ftd:AS84_1382	md:ftd_M00970
ftd:AS84_1442	md:ftd_M00995
ftd:AS84_201	md:ftd_M00995
ftd:AS84_858	md:ftd_M00995
ftd:AS84_202	md:ftd_M00995
ftd:AS84_250	md:ftd_M00995
ftd:AS84_249	md:ftd_M00995
ftd:AS84_292	md:ftd_M01000
ftd:AS84_1093	md:ftd_M01000
ftd:AS84_1092	md:ftd_M01000
ftd:AS84_1301	md:ftd_M01016
ftd:AS84_1302	md:ftd_M01016
ftd:AS84_808	md:ftd_M01057
ftd:AS84_806	md:ftd_M01057
