gew:MF406_08375	md:gew_M00002
gew:MF406_08365	md:gew_M00002
gew:MF406_04290	md:gew_M00002
gew:MF406_09760	md:gew_M00002
gew:MF406_08370	md:gew_M00002
gew:MF406_00075	md:gew_M00002
gew:MF406_03045	md:gew_M00002
gew:MF406_04890	md:gew_M00002
gew:MF406_08160	md:gew_M00002
gew:MF406_04725	md:gew_M00005
gew:MF406_08430	md:gew_M00007
gew:MF406_08425	md:gew_M00007
gew:MF406_09180	md:gew_M00007
gew:MF406_03710	md:gew_M00007
gew:MF406_06325	md:gew_M00007
gew:MF406_03870	md:gew_M00009
gew:MF406_05365	md:gew_M00009
gew:MF406_16670	md:gew_M00009
gew:MF406_10165	md:gew_M00009
gew:MF406_15225	md:gew_M00009
gew:MF406_13685	md:gew_M00009
gew:MF406_10535	md:gew_M00009
gew:MF406_18210	md:gew_M00009
gew:MF406_15270	md:gew_M00009
gew:MF406_15275	md:gew_M00009
gew:MF406_15510	md:gew_M00009
gew:MF406_15505	md:gew_M00009
gew:MF406_15515	md:gew_M00009
gew:MF406_15390	md:gew_M00009
gew:MF406_15180	md:gew_M00009
gew:MF406_03870	md:gew_M00010
gew:MF406_05365	md:gew_M00010
gew:MF406_16670	md:gew_M00010
gew:MF406_10165	md:gew_M00010
gew:MF406_15225	md:gew_M00010
gew:MF406_13685	md:gew_M00011
gew:MF406_10535	md:gew_M00011
gew:MF406_18210	md:gew_M00011
gew:MF406_15270	md:gew_M00011
gew:MF406_15275	md:gew_M00011
gew:MF406_15510	md:gew_M00011
gew:MF406_15505	md:gew_M00011
gew:MF406_15515	md:gew_M00011
gew:MF406_15390	md:gew_M00011
gew:MF406_15180	md:gew_M00011
gew:MF406_03870	md:gew_M00012
gew:MF406_05365	md:gew_M00012
gew:MF406_16670	md:gew_M00012
gew:MF406_10165	md:gew_M00012
gew:MF406_06020	md:gew_M00012
gew:MF406_06025	md:gew_M00012
gew:MF406_13160	md:gew_M00012
gew:MF406_15180	md:gew_M00012
gew:MF406_12620	md:gew_M00015
gew:MF406_12445	md:gew_M00015
gew:MF406_06500	md:gew_M00015
gew:MF406_02760	md:gew_M00016
gew:MF406_02765	md:gew_M00016
gew:MF406_04870	md:gew_M00016
gew:MF406_06805	md:gew_M00016
gew:MF406_15440	md:gew_M00016
gew:MF406_18160	md:gew_M00016
gew:MF406_06795	md:gew_M00016
gew:MF406_05375	md:gew_M00016
gew:MF406_07360	md:gew_M00016
gew:MF406_00155	md:gew_M00016
gew:MF406_14810	md:gew_M00016
gew:MF406_06940	md:gew_M00016
gew:MF406_13625	md:gew_M00016
gew:MF406_02760	md:gew_M00018
gew:MF406_02765	md:gew_M00018
gew:MF406_13620	md:gew_M00018
gew:MF406_13610	md:gew_M00018
gew:MF406_13615	md:gew_M00018
gew:MF406_13130	md:gew_M00019
gew:MF406_13125	md:gew_M00019
gew:MF406_13120	md:gew_M00019
gew:MF406_13140	md:gew_M00019
gew:MF406_10025	md:gew_M00019
gew:MF406_13110	md:gew_M00019
gew:MF406_06990	md:gew_M00020
gew:MF406_03860	md:gew_M00020
gew:MF406_07645	md:gew_M00020
gew:MF406_06350	md:gew_M00021
gew:MF406_06355	md:gew_M00021
gew:MF406_09155	md:gew_M00026
gew:MF406_09160	md:gew_M00026
gew:MF406_08110	md:gew_M00026
gew:MF406_07240	md:gew_M00026
gew:MF406_07235	md:gew_M00026
gew:MF406_08070	md:gew_M00026
gew:MF406_07225	md:gew_M00026
gew:MF406_07220	md:gew_M00026
gew:MF406_17840	md:gew_M00026
gew:MF406_13795	md:gew_M00026
gew:MF406_07220	md:gew_M00026
gew:MF406_17840	md:gew_M00026
gew:MF406_07195	md:gew_M00026
gew:MF406_16500	md:gew_M00028
gew:MF406_07350	md:gew_M00028
gew:MF406_07355	md:gew_M00028
gew:MF406_07345	md:gew_M00028
gew:MF406_07360	md:gew_M00028
gew:MF406_07350	md:gew_M00028
gew:MF406_16990	md:gew_M00048
gew:MF406_18535	md:gew_M00048
gew:MF406_17190	md:gew_M00048
gew:MF406_15255	md:gew_M00048
gew:MF406_17075	md:gew_M00048
gew:MF406_17160	md:gew_M00048
gew:MF406_17155	md:gew_M00048
gew:MF406_17155	md:gew_M00048
gew:MF406_16985	md:gew_M00048
gew:MF406_18530	md:gew_M00048
gew:MF406_05530	md:gew_M00048
gew:MF406_05550	md:gew_M00048
gew:MF406_16945	md:gew_M00048
gew:MF406_17180	md:gew_M00048
gew:MF406_17955	md:gew_M00048
gew:MF406_15250	md:gew_M00048
gew:MF406_17215	md:gew_M00049
gew:MF406_17955	md:gew_M00049
gew:MF406_15725	md:gew_M00049
gew:MF406_06540	md:gew_M00049
gew:MF406_15395	md:gew_M00050
gew:MF406_15475	md:gew_M00050
gew:MF406_02705	md:gew_M00050
gew:MF406_15335	md:gew_M00050
gew:MF406_16735	md:gew_M00050
gew:MF406_09260	md:gew_M00050
gew:MF406_06540	md:gew_M00050
gew:MF406_06660	md:gew_M00052
gew:MF406_06540	md:gew_M00052
gew:MF406_07470	md:gew_M00052
gew:MF406_00800	md:gew_M00053
gew:MF406_01665	md:gew_M00053
gew:MF406_18225	md:gew_M00053
gew:MF406_01670	md:gew_M00053
gew:MF406_18220	md:gew_M00053
gew:MF406_06540	md:gew_M00053
gew:MF406_06420	md:gew_M00086
gew:MF406_10390	md:gew_M00086
gew:MF406_10150	md:gew_M00096
gew:MF406_06685	md:gew_M00096
gew:MF406_03075	md:gew_M00096
gew:MF406_04610	md:gew_M00096
gew:MF406_03090	md:gew_M00096
gew:MF406_06700	md:gew_M00096
gew:MF406_05145	md:gew_M00096
gew:MF406_00615	md:gew_M00096
gew:MF406_15595	md:gew_M00120
gew:MF406_09250	md:gew_M00120
gew:MF406_12800	md:gew_M00120
gew:MF406_08240	md:gew_M00120
gew:MF406_16590	md:gew_M00126
gew:MF406_03755	md:gew_M00126
gew:MF406_16580	md:gew_M00126
gew:MF406_16585	md:gew_M00126
gew:MF406_06510	md:gew_M00126
gew:MF406_13290	md:gew_M00126
gew:MF406_18175	md:gew_M00126
gew:MF406_10425	md:gew_M00151
gew:MF406_10430	md:gew_M00151
gew:MF406_10420	md:gew_M00151
gew:MF406_10450	md:gew_M00155
gew:MF406_10445	md:gew_M00155
gew:MF406_10415	md:gew_M00155
gew:MF406_10440	md:gew_M00155
gew:MF406_13545	md:gew_M00157
gew:MF406_13535	md:gew_M00157
gew:MF406_13550	md:gew_M00157
gew:MF406_13530	md:gew_M00157
gew:MF406_13540	md:gew_M00157
gew:MF406_13565	md:gew_M00157
gew:MF406_13555	md:gew_M00157
gew:MF406_13560	md:gew_M00157
gew:MF406_14455	md:gew_M00168
gew:MF406_15180	md:gew_M00168
gew:MF406_10900	md:gew_M00307
gew:MF406_10540	md:gew_M00307
gew:MF406_18215	md:gew_M00307
gew:MF406_10535	md:gew_M00307
gew:MF406_18210	md:gew_M00307
gew:MF406_00615	md:gew_M00364
gew:MF406_00610	md:gew_M00364
gew:MF406_10325	md:gew_M00364
gew:MF406_11090	md:gew_M00432
gew:MF406_13105	md:gew_M00432
gew:MF406_12965	md:gew_M00432
gew:MF406_12960	md:gew_M00432
gew:MF406_13115	md:gew_M00432
gew:MF406_11915	md:gew_M00546
gew:MF406_11910	md:gew_M00546
gew:MF406_00925	md:gew_M00546
gew:MF406_00930	md:gew_M00546
gew:MF406_00935	md:gew_M00546
gew:MF406_00880	md:gew_M00546
gew:MF406_00875	md:gew_M00546
gew:MF406_02515	md:gew_M00549
gew:MF406_10385	md:gew_M00549
gew:MF406_15185	md:gew_M00549
gew:MF406_10650	md:gew_M00549
gew:MF406_15655	md:gew_M00549
gew:MF406_02280	md:gew_M00549
gew:MF406_04095	md:gew_M00549
gew:MF406_00665	md:gew_M00552
gew:MF406_00655	md:gew_M00552
gew:MF406_00660	md:gew_M00552
gew:MF406_04290	md:gew_M00552
gew:MF406_09760	md:gew_M00552
gew:MF406_08365	md:gew_M00552
gew:MF406_08370	md:gew_M00552
gew:MF406_11425	md:gew_M00554
gew:MF406_14935	md:gew_M00554
gew:MF406_11420	md:gew_M00554
gew:MF406_14930	md:gew_M00554
gew:MF406_04985	md:gew_M00570
gew:MF406_13130	md:gew_M00570
gew:MF406_13125	md:gew_M00570
gew:MF406_13120	md:gew_M00570
gew:MF406_13140	md:gew_M00570
gew:MF406_10025	md:gew_M00570
gew:MF406_13110	md:gew_M00570
gew:MF406_15380	md:gew_M00579
gew:MF406_15385	md:gew_M00579
gew:MF406_18545	md:gew_M00579
gew:MF406_10300	md:gew_M00621
gew:MF406_10310	md:gew_M00621
gew:MF406_18195	md:gew_M00621
gew:MF406_10535	md:gew_M00621
gew:MF406_18210	md:gew_M00621
gew:MF406_11405	md:gew_M00632
gew:MF406_11600	md:gew_M00632
gew:MF406_11425	md:gew_M00632
gew:MF406_14935	md:gew_M00632
gew:MF406_11420	md:gew_M00632
gew:MF406_14930	md:gew_M00632
gew:MF406_05585	md:gew_M00632
gew:MF406_11430	md:gew_M00632
gew:MF406_07375	md:gew_M00844
gew:MF406_08920	md:gew_M00844
gew:MF406_07370	md:gew_M00844
gew:MF406_07385	md:gew_M00844
gew:MF406_18240	md:gew_M00881
gew:MF406_10570	md:gew_M00881
gew:MF406_18255	md:gew_M00881
gew:MF406_17090	md:gew_M00899
gew:MF406_17085	md:gew_M00899
gew:MF406_17080	md:gew_M00899
gew:MF406_15590	md:gew_M00909
gew:MF406_15605	md:gew_M00909
gew:MF406_04720	md:gew_M00909
gew:MF406_09635	md:gew_M00916
gew:MF406_09605	md:gew_M00916
gew:MF406_16915	md:gew_M00958
gew:MF406_16915	md:gew_M00958
gew:MF406_17245	md:gew_M00958
gew:MF406_15975	md:gew_M00958
gew:MF406_07110	md:gew_M00958
gew:MF406_14820	md:gew_M00958
gew:MF406_11790	md:gew_M00958
gew:MF406_07110	md:gew_M00958
gew:MF406_11915	md:gew_M00958
gew:MF406_11910	md:gew_M00958
gew:MF406_16915	md:gew_M00959
gew:MF406_17245	md:gew_M00959
gew:MF406_14820	md:gew_M00959
gew:MF406_11790	md:gew_M00959
gew:MF406_07110	md:gew_M00959
gew:MF406_11900	md:gew_M00959
gew:MF406_11915	md:gew_M00959
gew:MF406_11910	md:gew_M00959
gew:MF406_00975	md:gew_M00970
gew:MF406_16670	md:gew_M00982
gew:MF406_16680	md:gew_M00982
gew:MF406_10165	md:gew_M00982
gew:MF406_16675	md:gew_M00982
gew:MF406_06020	md:gew_M00982
gew:MF406_15510	md:gew_M00982
gew:MF406_15505	md:gew_M00982
gew:MF406_15515	md:gew_M00982
gew:MF406_15390	md:gew_M00982
gew:MF406_15180	md:gew_M00982
gew:MF406_15590	md:gew_M00995
gew:MF406_15605	md:gew_M00995
gew:MF406_04720	md:gew_M00995
gew:MF406_12955	md:gew_M00995
gew:MF406_15990	md:gew_M00995
gew:MF406_03850	md:gew_M01000
gew:MF406_07850	md:gew_M01000
gew:MF406_14825	md:gew_M01000
gew:MF406_14915	md:gew_M01000
