kot:EH164_06435	md:kot_M00001
kot:EH164_20875	md:kot_M00001
kot:EH164_21910	md:kot_M00001
kot:EH164_12850	md:kot_M00001
kot:EH164_03565	md:kot_M00001
kot:EH164_20505	md:kot_M00001
kot:EH164_07860	md:kot_M00001
kot:EH164_21890	md:kot_M00001
kot:EH164_10085	md:kot_M00001
kot:EH164_13080	md:kot_M00001
kot:EH164_03560	md:kot_M00001
kot:EH164_15545	md:kot_M00001
kot:EH164_00590	md:kot_M00001
kot:EH164_18960	md:kot_M00001
kot:EH164_17855	md:kot_M00001
kot:EH164_09450	md:kot_M00001
kot:EH164_12650	md:kot_M00001
kot:EH164_21890	md:kot_M00002
kot:EH164_10085	md:kot_M00002
kot:EH164_13080	md:kot_M00002
kot:EH164_03560	md:kot_M00002
kot:EH164_15545	md:kot_M00002
kot:EH164_00590	md:kot_M00002
kot:EH164_18960	md:kot_M00002
kot:EH164_17855	md:kot_M00002
kot:EH164_09450	md:kot_M00002
kot:EH164_12650	md:kot_M00002
kot:EH164_01570	md:kot_M00003
kot:EH164_17855	md:kot_M00003
kot:EH164_15545	md:kot_M00003
kot:EH164_00590	md:kot_M00003
kot:EH164_18960	md:kot_M00003
kot:EH164_03560	md:kot_M00003
kot:EH164_10085	md:kot_M00003
kot:EH164_13080	md:kot_M00003
kot:EH164_21890	md:kot_M00003
kot:EH164_03565	md:kot_M00003
kot:EH164_20505	md:kot_M00003
kot:EH164_07860	md:kot_M00003
kot:EH164_19875	md:kot_M00003
kot:EH164_21870	md:kot_M00003
kot:EH164_09460	md:kot_M00004
kot:EH164_15475	md:kot_M00004
kot:EH164_08170	md:kot_M00004
kot:EH164_01655	md:kot_M00004
kot:EH164_03590	md:kot_M00004
kot:EH164_03545	md:kot_M00004
kot:EH164_06155	md:kot_M00004
kot:EH164_08765	md:kot_M00004
kot:EH164_08770	md:kot_M00004
kot:EH164_06160	md:kot_M00004
kot:EH164_18885	md:kot_M00004
kot:EH164_20875	md:kot_M00004
kot:EH164_01770	md:kot_M00005
kot:EH164_10440	md:kot_M00005
kot:EH164_09460	md:kot_M00006
kot:EH164_15475	md:kot_M00006
kot:EH164_08170	md:kot_M00006
kot:EH164_03545	md:kot_M00007
kot:EH164_06155	md:kot_M00007
kot:EH164_08765	md:kot_M00007
kot:EH164_08770	md:kot_M00007
kot:EH164_06160	md:kot_M00007
kot:EH164_18885	md:kot_M00007
kot:EH164_01655	md:kot_M00007
kot:EH164_03590	md:kot_M00007
kot:EH164_09460	md:kot_M00008
kot:EH164_15475	md:kot_M00008
kot:EH164_09465	md:kot_M00008
kot:EH164_09470	md:kot_M00008
kot:EH164_15700	md:kot_M00009
kot:EH164_10775	md:kot_M00009
kot:EH164_18425	md:kot_M00009
kot:EH164_13540	md:kot_M00009
kot:EH164_15675	md:kot_M00009
kot:EH164_15670	md:kot_M00009
kot:EH164_16865	md:kot_M00009
kot:EH164_18440	md:kot_M00009
kot:EH164_15660	md:kot_M00009
kot:EH164_15665	md:kot_M00009
kot:EH164_15685	md:kot_M00009
kot:EH164_15680	md:kot_M00009
kot:EH164_15695	md:kot_M00009
kot:EH164_15690	md:kot_M00009
kot:EH164_20235	md:kot_M00009
kot:EH164_20240	md:kot_M00009
kot:EH164_20245	md:kot_M00009
kot:EH164_20250	md:kot_M00009
kot:EH164_10010	md:kot_M00009
kot:EH164_12370	md:kot_M00009
kot:EH164_12365	md:kot_M00009
kot:EH164_02295	md:kot_M00009
kot:EH164_07370	md:kot_M00009
kot:EH164_10050	md:kot_M00009
kot:EH164_15700	md:kot_M00010
kot:EH164_10775	md:kot_M00010
kot:EH164_18425	md:kot_M00010
kot:EH164_13540	md:kot_M00010
kot:EH164_15675	md:kot_M00011
kot:EH164_15670	md:kot_M00011
kot:EH164_16865	md:kot_M00011
kot:EH164_18440	md:kot_M00011
kot:EH164_15660	md:kot_M00011
kot:EH164_15665	md:kot_M00011
kot:EH164_15685	md:kot_M00011
kot:EH164_15680	md:kot_M00011
kot:EH164_15695	md:kot_M00011
kot:EH164_15690	md:kot_M00011
kot:EH164_20235	md:kot_M00011
kot:EH164_20240	md:kot_M00011
kot:EH164_20245	md:kot_M00011
kot:EH164_20250	md:kot_M00011
kot:EH164_10010	md:kot_M00011
kot:EH164_12370	md:kot_M00011
kot:EH164_12365	md:kot_M00011
kot:EH164_02295	md:kot_M00011
kot:EH164_07370	md:kot_M00011
kot:EH164_10050	md:kot_M00011
kot:EH164_15700	md:kot_M00012
kot:EH164_10775	md:kot_M00012
kot:EH164_18425	md:kot_M00012
kot:EH164_20975	md:kot_M00012
kot:EH164_20980	md:kot_M00012
kot:EH164_02295	md:kot_M00012
kot:EH164_17670	md:kot_M00015
kot:EH164_17665	md:kot_M00015
kot:EH164_17355	md:kot_M00015
kot:EH164_20885	md:kot_M00016
kot:EH164_18910	md:kot_M00016
kot:EH164_21795	md:kot_M00016
kot:EH164_20545	md:kot_M00016
kot:EH164_00285	md:kot_M00016
kot:EH164_06080	md:kot_M00016
kot:EH164_18805	md:kot_M00016
kot:EH164_18230	md:kot_M00016
kot:EH164_01720	md:kot_M00016
kot:EH164_06115	md:kot_M00016
kot:EH164_21445	md:kot_M00016
kot:EH164_03955	md:kot_M00016
kot:EH164_20885	md:kot_M00017
kot:EH164_18910	md:kot_M00017
kot:EH164_21795	md:kot_M00017
kot:EH164_20545	md:kot_M00017
kot:EH164_18910	md:kot_M00017
kot:EH164_21795	md:kot_M00017
kot:EH164_20985	md:kot_M00017
kot:EH164_21800	md:kot_M00017
kot:EH164_18905	md:kot_M00017
kot:EH164_03135	md:kot_M00017
kot:EH164_12410	md:kot_M00017
kot:EH164_20950	md:kot_M00017
kot:EH164_06625	md:kot_M00017
kot:EH164_21355	md:kot_M00017
kot:EH164_20885	md:kot_M00018
kot:EH164_18910	md:kot_M00018
kot:EH164_21795	md:kot_M00018
kot:EH164_20545	md:kot_M00018
kot:EH164_18910	md:kot_M00018
kot:EH164_21795	md:kot_M00018
kot:EH164_18905	md:kot_M00018
kot:EH164_18900	md:kot_M00018
kot:EH164_00135	md:kot_M00019
kot:EH164_03240	md:kot_M00019
kot:EH164_18630	md:kot_M00019
kot:EH164_21655	md:kot_M00019
kot:EH164_00140	md:kot_M00019
kot:EH164_18625	md:kot_M00019
kot:EH164_21650	md:kot_M00019
kot:EH164_21625	md:kot_M00019
kot:EH164_21640	md:kot_M00019
kot:EH164_21645	md:kot_M00019
kot:EH164_03595	md:kot_M00020
kot:EH164_14645	md:kot_M00020
kot:EH164_19000	md:kot_M00020
kot:EH164_00615	md:kot_M00021
kot:EH164_02885	md:kot_M00021
kot:EH164_02890	md:kot_M00021
kot:EH164_06240	md:kot_M00021
kot:EH164_05420	md:kot_M00022
kot:EH164_12755	md:kot_M00022
kot:EH164_15550	md:kot_M00022
kot:EH164_01640	md:kot_M00022
kot:EH164_02190	md:kot_M00022
kot:EH164_02070	md:kot_M00022
kot:EH164_01635	md:kot_M00022
kot:EH164_17345	md:kot_M00022
kot:EH164_14640	md:kot_M00022
kot:EH164_06925	md:kot_M00022
kot:EH164_10720	md:kot_M00023
kot:EH164_10715	md:kot_M00023
kot:EH164_10710	md:kot_M00023
kot:EH164_10700	md:kot_M00023
kot:EH164_10705	md:kot_M00023
kot:EH164_05425	md:kot_M00024
kot:EH164_20695	md:kot_M00024
kot:EH164_05435	md:kot_M00024
kot:EH164_20725	md:kot_M00024
kot:EH164_05435	md:kot_M00025
kot:EH164_20695	md:kot_M00025
kot:EH164_05425	md:kot_M00025
kot:EH164_20725	md:kot_M00025
kot:EH164_08220	md:kot_M00026
kot:EH164_08185	md:kot_M00026
kot:EH164_08195	md:kot_M00026
kot:EH164_08200	md:kot_M00026
kot:EH164_08190	md:kot_M00026
kot:EH164_08210	md:kot_M00026
kot:EH164_08205	md:kot_M00026
kot:EH164_08210	md:kot_M00026
kot:EH164_08215	md:kot_M00026
kot:EH164_04080	md:kot_M00028
kot:EH164_21755	md:kot_M00028
kot:EH164_21760	md:kot_M00028
kot:EH164_01720	md:kot_M00028
kot:EH164_21765	md:kot_M00028
kot:EH164_03520	md:kot_M00034
kot:EH164_18415	md:kot_M00034
kot:EH164_18410	md:kot_M00034
kot:EH164_18255	md:kot_M00034
kot:EH164_16270	md:kot_M00034
kot:EH164_05455	md:kot_M00034
kot:EH164_16265	md:kot_M00034
kot:EH164_16135	md:kot_M00034
kot:EH164_16140	md:kot_M00034
kot:EH164_16145	md:kot_M00034
kot:EH164_20725	md:kot_M00034
kot:EH164_06485	md:kot_M00045
kot:EH164_06480	md:kot_M00045
kot:EH164_06465	md:kot_M00045
kot:EH164_06470	md:kot_M00045
kot:EH164_07015	md:kot_M00048
kot:EH164_21025	md:kot_M00048
kot:EH164_06030	md:kot_M00048
kot:EH164_09475	md:kot_M00048
kot:EH164_05630	md:kot_M00048
kot:EH164_06035	md:kot_M00048
kot:EH164_16535	md:kot_M00048
kot:EH164_16530	md:kot_M00048
kot:EH164_06090	md:kot_M00048
kot:EH164_13565	md:kot_M00048
kot:EH164_21020	md:kot_M00048
kot:EH164_20135	md:kot_M00049
kot:EH164_13565	md:kot_M00049
kot:EH164_16660	md:kot_M00049
kot:EH164_05780	md:kot_M00049
kot:EH164_05840	md:kot_M00050
kot:EH164_02745	md:kot_M00050
kot:EH164_05845	md:kot_M00050
kot:EH164_06760	md:kot_M00050
kot:EH164_00420	md:kot_M00050
kot:EH164_05780	md:kot_M00050
kot:EH164_13955	md:kot_M00051
kot:EH164_19820	md:kot_M00051
kot:EH164_18795	md:kot_M00051
kot:EH164_18800	md:kot_M00051
kot:EH164_19760	md:kot_M00051
kot:EH164_19765	md:kot_M00051
kot:EH164_13955	md:kot_M00051
kot:EH164_19820	md:kot_M00051
kot:EH164_14480	md:kot_M00051
kot:EH164_00445	md:kot_M00051
kot:EH164_10800	md:kot_M00051
kot:EH164_18205	md:kot_M00052
kot:EH164_05780	md:kot_M00052
kot:EH164_17860	md:kot_M00052
kot:EH164_04715	md:kot_M00053
kot:EH164_07300	md:kot_M00053
kot:EH164_04710	md:kot_M00053
kot:EH164_07295	md:kot_M00053
kot:EH164_05780	md:kot_M00053
kot:EH164_18155	md:kot_M00060
kot:EH164_18540	md:kot_M00060
kot:EH164_18165	md:kot_M00060
kot:EH164_16525	md:kot_M00060
kot:EH164_18150	md:kot_M00060
kot:EH164_14605	md:kot_M00060
kot:EH164_00495	md:kot_M00060
kot:EH164_13990	md:kot_M00060
kot:EH164_09445	md:kot_M00060
kot:EH164_02815	md:kot_M00061
kot:EH164_12140	md:kot_M00061
kot:EH164_03815	md:kot_M00061
kot:EH164_07470	md:kot_M00061
kot:EH164_16790	md:kot_M00061
kot:EH164_00805	md:kot_M00061
kot:EH164_00990	md:kot_M00061
kot:EH164_09470	md:kot_M00061
kot:EH164_02420	md:kot_M00063
kot:EH164_10480	md:kot_M00063
kot:EH164_02415	md:kot_M00063
kot:EH164_14590	md:kot_M00063
kot:EH164_17730	md:kot_M00064
kot:EH164_02960	md:kot_M00064
kot:EH164_18060	md:kot_M00064
kot:EH164_02960	md:kot_M00064
kot:EH164_00560	md:kot_M00064
kot:EH164_02185	md:kot_M00082
kot:EH164_02180	md:kot_M00082
kot:EH164_18135	md:kot_M00082
kot:EH164_06995	md:kot_M00082
kot:EH164_13790	md:kot_M00082
kot:EH164_14225	md:kot_M00082
kot:EH164_13795	md:kot_M00082
kot:EH164_06955	md:kot_M00083
kot:EH164_13775	md:kot_M00083
kot:EH164_18025	md:kot_M00083
kot:EH164_21605	md:kot_M00083
kot:EH164_08775	md:kot_M00083
kot:EH164_13785	md:kot_M00083
kot:EH164_14285	md:kot_M00083
kot:EH164_16310	md:kot_M00083
kot:EH164_21595	md:kot_M00083
kot:EH164_18160	md:kot_M00083
kot:EH164_14430	md:kot_M00083
kot:EH164_10845	md:kot_M00083
kot:EH164_08760	md:kot_M00086
kot:EH164_09705	md:kot_M00086
kot:EH164_17735	md:kot_M00087
kot:EH164_21250	md:kot_M00087
kot:EH164_06905	md:kot_M00087
kot:EH164_06900	md:kot_M00087
kot:EH164_21255	md:kot_M00087
kot:EH164_18185	md:kot_M00093
kot:EH164_05495	md:kot_M00093
kot:EH164_03285	md:kot_M00093
kot:EH164_20220	md:kot_M00093
kot:EH164_17070	md:kot_M00096
kot:EH164_18195	md:kot_M00096
kot:EH164_04175	md:kot_M00096
kot:EH164_10445	md:kot_M00096
kot:EH164_04180	md:kot_M00096
kot:EH164_05795	md:kot_M00096
kot:EH164_18815	md:kot_M00096
kot:EH164_13640	md:kot_M00096
kot:EH164_13620	md:kot_M00097
kot:EH164_13625	md:kot_M00097
kot:EH164_05540	md:kot_M00115
kot:EH164_15570	md:kot_M00115
kot:EH164_18485	md:kot_M00115
kot:EH164_15980	md:kot_M00115
kot:EH164_12905	md:kot_M00115
kot:EH164_07220	md:kot_M00116
kot:EH164_07225	md:kot_M00116
kot:EH164_07230	md:kot_M00116
kot:EH164_07240	md:kot_M00116
kot:EH164_07245	md:kot_M00116
kot:EH164_07235	md:kot_M00116
kot:EH164_12715	md:kot_M00116
kot:EH164_21845	md:kot_M00116
kot:EH164_21320	md:kot_M00116
kot:EH164_20800	md:kot_M00117
kot:EH164_20795	md:kot_M00117
kot:EH164_21280	md:kot_M00117
kot:EH164_07020	md:kot_M00117
kot:EH164_03630	md:kot_M00117
kot:EH164_07310	md:kot_M00117
kot:EH164_03625	md:kot_M00117
kot:EH164_21320	md:kot_M00117
kot:EH164_15905	md:kot_M00117
kot:EH164_04655	md:kot_M00118
kot:EH164_03495	md:kot_M00118
kot:EH164_21645	md:kot_M00119
kot:EH164_18350	md:kot_M00119
kot:EH164_05990	md:kot_M00119
kot:EH164_17045	md:kot_M00119
kot:EH164_18360	md:kot_M00119
kot:EH164_18355	md:kot_M00119
kot:EH164_21185	md:kot_M00120
kot:EH164_00465	md:kot_M00120
kot:EH164_00490	md:kot_M00120
kot:EH164_18510	md:kot_M00120
kot:EH164_06315	md:kot_M00121
kot:EH164_10455	md:kot_M00121
kot:EH164_18280	md:kot_M00121
kot:EH164_17420	md:kot_M00121
kot:EH164_21465	md:kot_M00121
kot:EH164_21470	md:kot_M00121
kot:EH164_21050	md:kot_M00121
kot:EH164_06170	md:kot_M00121
kot:EH164_06835	md:kot_M00121
kot:EH164_22110	md:kot_M00121
kot:EH164_21225	md:kot_M00121
kot:EH164_12480	md:kot_M00121
kot:EH164_16655	md:kot_M00121
kot:EH164_15445	md:kot_M00123
kot:EH164_15455	md:kot_M00123
kot:EH164_12235	md:kot_M00123
kot:EH164_15435	md:kot_M00123
kot:EH164_15450	md:kot_M00123
kot:EH164_03555	md:kot_M00124
kot:EH164_06975	md:kot_M00124
kot:EH164_14645	md:kot_M00124
kot:EH164_18750	md:kot_M00124
kot:EH164_05590	md:kot_M00124
kot:EH164_12500	md:kot_M00124
kot:EH164_10780	md:kot_M00125
kot:EH164_17105	md:kot_M00125
kot:EH164_21430	md:kot_M00125
kot:EH164_02970	md:kot_M00125
kot:EH164_17100	md:kot_M00125
kot:EH164_12620	md:kot_M00125
kot:EH164_18835	md:kot_M00125
kot:EH164_07555	md:kot_M00126
kot:EH164_17370	md:kot_M00126
kot:EH164_09400	md:kot_M00126
kot:EH164_02930	md:kot_M00126
kot:EH164_18345	md:kot_M00126
kot:EH164_02520	md:kot_M00126
kot:EH164_02930	md:kot_M00126
kot:EH164_07000	md:kot_M00126
kot:EH164_18770	md:kot_M00126
kot:EH164_21075	md:kot_M00127
kot:EH164_21080	md:kot_M00127
kot:EH164_17055	md:kot_M00127
kot:EH164_21090	md:kot_M00127
kot:EH164_21085	md:kot_M00127
kot:EH164_21065	md:kot_M00127
kot:EH164_07855	md:kot_M00127
kot:EH164_21070	md:kot_M00127
kot:EH164_17090	md:kot_M00127
kot:EH164_07135	md:kot_M00144
kot:EH164_07140	md:kot_M00144
kot:EH164_07140	md:kot_M00144
kot:EH164_07145	md:kot_M00144
kot:EH164_07150	md:kot_M00144
kot:EH164_07155	md:kot_M00144
kot:EH164_07160	md:kot_M00144
kot:EH164_07165	md:kot_M00144
kot:EH164_07170	md:kot_M00144
kot:EH164_07175	md:kot_M00144
kot:EH164_07180	md:kot_M00144
kot:EH164_07185	md:kot_M00144
kot:EH164_07190	md:kot_M00144
kot:EH164_07195	md:kot_M00144
kot:EH164_15695	md:kot_M00149
kot:EH164_15690	md:kot_M00149
kot:EH164_15685	md:kot_M00149
kot:EH164_15680	md:kot_M00149
kot:EH164_20235	md:kot_M00150
kot:EH164_20240	md:kot_M00150
kot:EH164_20245	md:kot_M00150
kot:EH164_20250	md:kot_M00150
kot:EH164_10120	md:kot_M00153
kot:EH164_11400	md:kot_M00153
kot:EH164_15655	md:kot_M00153
kot:EH164_10125	md:kot_M00153
kot:EH164_11395	md:kot_M00153
kot:EH164_15650	md:kot_M00153
kot:EH164_15645	md:kot_M00153
kot:EH164_22285	md:kot_M00157
kot:EH164_22295	md:kot_M00157
kot:EH164_22280	md:kot_M00157
kot:EH164_22300	md:kot_M00157
kot:EH164_22290	md:kot_M00157
kot:EH164_22265	md:kot_M00157
kot:EH164_22275	md:kot_M00157
kot:EH164_22270	md:kot_M00157
kot:EH164_21770	md:kot_M00168
kot:EH164_02295	md:kot_M00168
kot:EH164_04160	md:kot_M00176
kot:EH164_04150	md:kot_M00176
kot:EH164_04155	md:kot_M00176
kot:EH164_04150	md:kot_M00176
kot:EH164_04160	md:kot_M00176
kot:EH164_17815	md:kot_M00176
kot:EH164_17825	md:kot_M00176
kot:EH164_17820	md:kot_M00176
kot:EH164_18450	md:kot_M00307
kot:EH164_16870	md:kot_M00307
kot:EH164_18445	md:kot_M00307
kot:EH164_16865	md:kot_M00307
kot:EH164_18440	md:kot_M00307
kot:EH164_11135	md:kot_M00307
kot:EH164_03870	md:kot_M00338
kot:EH164_03865	md:kot_M00338
kot:EH164_13640	md:kot_M00364
kot:EH164_17065	md:kot_M00364
kot:EH164_13645	md:kot_M00364
kot:EH164_17010	md:kot_M00417
kot:EH164_17015	md:kot_M00417
kot:EH164_17020	md:kot_M00417
kot:EH164_17025	md:kot_M00417
kot:EH164_16185	md:kot_M00432
kot:EH164_18645	md:kot_M00432
kot:EH164_18655	md:kot_M00432
kot:EH164_18660	md:kot_M00432
kot:EH164_18650	md:kot_M00432
kot:EH164_10540	md:kot_M00530
kot:EH164_10545	md:kot_M00530
kot:EH164_10555	md:kot_M00530
kot:EH164_01680	md:kot_M00530
kot:EH164_01675	md:kot_M00530
kot:EH164_11605	md:kot_M00531
kot:EH164_11600	md:kot_M00531
kot:EH164_06435	md:kot_M00549
kot:EH164_15785	md:kot_M00549
kot:EH164_08085	md:kot_M00549
kot:EH164_10595	md:kot_M00549
kot:EH164_00045	md:kot_M00552
kot:EH164_00035	md:kot_M00552
kot:EH164_00040	md:kot_M00552
kot:EH164_10085	md:kot_M00552
kot:EH164_13080	md:kot_M00552
kot:EH164_03560	md:kot_M00552
kot:EH164_15535	md:kot_M00554
kot:EH164_15530	md:kot_M00554
kot:EH164_19485	md:kot_M00555
kot:EH164_19490	md:kot_M00555
kot:EH164_20530	md:kot_M00565
kot:EH164_20525	md:kot_M00565
kot:EH164_20540	md:kot_M00565
kot:EH164_11550	md:kot_M00565
kot:EH164_11545	md:kot_M00565
kot:EH164_11540	md:kot_M00565
kot:EH164_06535	md:kot_M00570
kot:EH164_21635	md:kot_M00570
kot:EH164_00135	md:kot_M00570
kot:EH164_03240	md:kot_M00570
kot:EH164_18630	md:kot_M00570
kot:EH164_21655	md:kot_M00570
kot:EH164_00140	md:kot_M00570
kot:EH164_18625	md:kot_M00570
kot:EH164_21650	md:kot_M00570
kot:EH164_21625	md:kot_M00570
kot:EH164_21640	md:kot_M00570
kot:EH164_21645	md:kot_M00570
kot:EH164_15440	md:kot_M00572
kot:EH164_06955	md:kot_M00572
kot:EH164_13775	md:kot_M00572
kot:EH164_18025	md:kot_M00572
kot:EH164_21605	md:kot_M00572
kot:EH164_08775	md:kot_M00572
kot:EH164_13785	md:kot_M00572
kot:EH164_14285	md:kot_M00572
kot:EH164_16310	md:kot_M00572
kot:EH164_21595	md:kot_M00572
kot:EH164_18160	md:kot_M00572
kot:EH164_10845	md:kot_M00572
kot:EH164_01530	md:kot_M00572
kot:EH164_07090	md:kot_M00579
kot:EH164_07095	md:kot_M00579
kot:EH164_10535	md:kot_M00615
kot:EH164_11585	md:kot_M00615
kot:EH164_11590	md:kot_M00615
kot:EH164_11595	md:kot_M00615
kot:EH164_06195	md:kot_M00616
kot:EH164_21905	md:kot_M00616
kot:EH164_06200	md:kot_M00616
kot:EH164_06205	md:kot_M00616
kot:EH164_06210	md:kot_M00616
kot:EH164_03645	md:kot_M00621
kot:EH164_03635	md:kot_M00621
kot:EH164_16865	md:kot_M00621
kot:EH164_18440	md:kot_M00621
kot:EH164_02815	md:kot_M00631
kot:EH164_11980	md:kot_M00631
kot:EH164_02820	md:kot_M00631
kot:EH164_00805	md:kot_M00631
kot:EH164_00990	md:kot_M00631
kot:EH164_09470	md:kot_M00631
kot:EH164_15540	md:kot_M00632
kot:EH164_15535	md:kot_M00632
kot:EH164_15530	md:kot_M00632
kot:EH164_08165	md:kot_M00632
kot:EH164_15525	md:kot_M00632
kot:EH164_08175	md:kot_M00761
kot:EH164_01280	md:kot_M00761
kot:EH164_01270	md:kot_M00761
kot:EH164_01275	md:kot_M00761
kot:EH164_01285	md:kot_M00761
kot:EH164_08100	md:kot_M00793
kot:EH164_08090	md:kot_M00793
kot:EH164_08130	md:kot_M00793
kot:EH164_08095	md:kot_M00793
kot:EH164_19745	md:kot_M00844
kot:EH164_02540	md:kot_M00844
kot:EH164_21750	md:kot_M00844
kot:EH164_10455	md:kot_M00846
kot:EH164_18280	md:kot_M00846
kot:EH164_17420	md:kot_M00846
kot:EH164_21465	md:kot_M00846
kot:EH164_21470	md:kot_M00846
kot:EH164_01670	md:kot_M00846
kot:EH164_04145	md:kot_M00846
kot:EH164_21475	md:kot_M00846
kot:EH164_08085	md:kot_M00854
kot:EH164_10595	md:kot_M00854
kot:EH164_20530	md:kot_M00854
kot:EH164_20525	md:kot_M00854
kot:EH164_20540	md:kot_M00854
kot:EH164_01505	md:kot_M00855
kot:EH164_20520	md:kot_M00855
kot:EH164_01510	md:kot_M00855
kot:EH164_20535	md:kot_M00855
kot:EH164_15785	md:kot_M00855
kot:EH164_12940	md:kot_M00879
kot:EH164_12930	md:kot_M00879
kot:EH164_12945	md:kot_M00879
kot:EH164_12935	md:kot_M00879
kot:EH164_12925	md:kot_M00879
kot:EH164_16030	md:kot_M00881
kot:EH164_16040	md:kot_M00881
kot:EH164_07850	md:kot_M00899
kot:EH164_07855	md:kot_M00899
kot:EH164_21070	md:kot_M00899
kot:EH164_22315	md:kot_M00909
kot:EH164_02525	md:kot_M00909
kot:EH164_22310	md:kot_M00909
kot:EH164_04715	md:kot_M00938
kot:EH164_07300	md:kot_M00938
kot:EH164_04710	md:kot_M00938
kot:EH164_07295	md:kot_M00938
kot:EH164_05780	md:kot_M00938
kot:EH164_00460	md:kot_M00938
kot:EH164_04035	md:kot_M00938
kot:EH164_13760	md:kot_M00938
kot:EH164_04190	md:kot_M00958
kot:EH164_07625	md:kot_M00958
kot:EH164_16640	md:kot_M00958
kot:EH164_20475	md:kot_M00958
kot:EH164_04190	md:kot_M00958
kot:EH164_07625	md:kot_M00958
kot:EH164_15855	md:kot_M00958
kot:EH164_12420	md:kot_M00958
kot:EH164_05455	md:kot_M00958
kot:EH164_19020	md:kot_M00958
kot:EH164_17330	md:kot_M00958
kot:EH164_05455	md:kot_M00958
kot:EH164_17515	md:kot_M00958
kot:EH164_17510	md:kot_M00958
kot:EH164_17505	md:kot_M00958
kot:EH164_14135	md:kot_M00970
kot:EH164_07555	md:kot_M00988
kot:EH164_17830	md:kot_M00988
kot:EH164_19590	md:kot_M00988
kot:EH164_17835	md:kot_M00988
kot:EH164_16950	md:kot_M00988
kot:EH164_17930	md:kot_M00988
kot:EH164_20800	md:kot_M00989
kot:EH164_20795	md:kot_M00989
kot:EH164_21280	md:kot_M00989
kot:EH164_07020	md:kot_M00989
kot:EH164_02615	md:kot_M00989
kot:EH164_02610	md:kot_M00989
kot:EH164_02620	md:kot_M00989
kot:EH164_07310	md:kot_M00989
kot:EH164_21320	md:kot_M00989
kot:EH164_22315	md:kot_M00995
kot:EH164_02525	md:kot_M00995
kot:EH164_22310	md:kot_M00995
kot:EH164_02460	md:kot_M00995
kot:EH164_21195	md:kot_M00995
kot:EH164_08345	md:kot_M01000
kot:EH164_12375	md:kot_M01000
kot:EH164_08055	md:kot_M01000
kot:EH164_08125	md:kot_M01000
kot:EH164_08050	md:kot_M01000
kot:EH164_08120	md:kot_M01000
kot:EH164_21545	md:kot_M01014
kot:EH164_21540	md:kot_M01014
kot:EH164_08030	md:kot_M01016
kot:EH164_08105	md:kot_M01016
kot:EH164_08035	md:kot_M01016
kot:EH164_08110	md:kot_M01016
kot:EH164_08100	md:kot_M01025
kot:EH164_08090	md:kot_M01025
kot:EH164_21530	md:kot_M01025
kot:EH164_21535	md:kot_M01025
kot:EH164_13630	md:kot_M01045
kot:EH164_13615	md:kot_M01045
