met:M446_5400	md:met_M00002
met:M446_6001	md:met_M00002
met:M446_6003	md:met_M00002
met:M446_2067	md:met_M00002
met:M446_0125	md:met_M00002
met:M446_5894	md:met_M00002
met:M446_5207	md:met_M00002
met:M446_6176	md:met_M00002
met:M446_6782	md:met_M00002
met:M446_0223	md:met_M00003
met:M446_0125	md:met_M00003
met:M446_5894	md:met_M00003
met:M446_2067	md:met_M00003
met:M446_6003	md:met_M00003
met:M446_6001	md:met_M00003
met:M446_5400	md:met_M00003
met:M446_6004	md:met_M00003
met:M446_2282	md:met_M00003
met:M446_2697	md:met_M00003
met:M446_4822	md:met_M00004
met:M446_6708	md:met_M00004
met:M446_6709	md:met_M00004
met:M446_6707	md:met_M00004
met:M446_5429	md:met_M00004
met:M446_4777	md:met_M00004
met:M446_3131	md:met_M00004
met:M446_2740	md:met_M00004
met:M446_2744	md:met_M00004
met:M446_2745	md:met_M00004
met:M446_3738	md:met_M00004
met:M446_6706	md:met_M00004
met:M446_6074	md:met_M00005
met:M446_4822	md:met_M00006
met:M446_6708	md:met_M00006
met:M446_6709	md:met_M00006
met:M446_6707	md:met_M00006
met:M446_2740	md:met_M00007
met:M446_2744	md:met_M00007
met:M446_2745	md:met_M00007
met:M446_3738	md:met_M00007
met:M446_6706	md:met_M00007
met:M446_5429	md:met_M00007
met:M446_4777	md:met_M00007
met:M446_3131	md:met_M00007
met:M446_4822	md:met_M00008
met:M446_6708	md:met_M00008
met:M446_6709	md:met_M00008
met:M446_3524	md:met_M00008
met:M446_3071	md:met_M00008
met:M446_0646	md:met_M00009
met:M446_3955	md:met_M00009
met:M446_3664	md:met_M00009
met:M446_5705	md:met_M00009
met:M446_2631	md:met_M00009
met:M446_0777	md:met_M00009
met:M446_2164	md:met_M00009
met:M446_2166	md:met_M00009
met:M446_1241	md:met_M00009
met:M446_2168	md:met_M00009
met:M446_5901	md:met_M00009
met:M446_6299	md:met_M00009
met:M446_2163	md:met_M00009
met:M446_2162	md:met_M00009
met:M446_6040	md:met_M00009
met:M446_6042	md:met_M00009
met:M446_6038	md:met_M00009
met:M446_6039	md:met_M00009
met:M446_1095	md:met_M00009
met:M446_2161	md:met_M00009
met:M446_0646	md:met_M00010
met:M446_3955	md:met_M00010
met:M446_3664	md:met_M00010
met:M446_5705	md:met_M00010
met:M446_2631	md:met_M00010
met:M446_0777	md:met_M00010
met:M446_2164	md:met_M00011
met:M446_2166	md:met_M00011
met:M446_1241	md:met_M00011
met:M446_2168	md:met_M00011
met:M446_5901	md:met_M00011
met:M446_6299	md:met_M00011
met:M446_2163	md:met_M00011
met:M446_2162	md:met_M00011
met:M446_6040	md:met_M00011
met:M446_6042	md:met_M00011
met:M446_6038	md:met_M00011
met:M446_6039	md:met_M00011
met:M446_1095	md:met_M00011
met:M446_2161	md:met_M00011
met:M446_4216	md:met_M00015
met:M446_4218	md:met_M00015
met:M446_0881	md:met_M00015
met:M446_4746	md:met_M00016
met:M446_3185	md:met_M00016
met:M446_0697	md:met_M00016
met:M446_3300	md:met_M00016
met:M446_3845	md:met_M00016
met:M446_6171	md:met_M00016
met:M446_2066	md:met_M00016
met:M446_1397	md:met_M00016
met:M446_6536	md:met_M00016
met:M446_4413	md:met_M00016
met:M446_4235	md:met_M00016
met:M446_3656	md:met_M00016
met:M446_4848	md:met_M00016
met:M446_4746	md:met_M00017
met:M446_3185	md:met_M00017
met:M446_2698	md:met_M00017
met:M446_4320	md:met_M00017
met:M446_1108	md:met_M00017
met:M446_1414	md:met_M00017
met:M446_3453	md:met_M00017
met:M446_5869	md:met_M00017
met:M446_4366	md:met_M00017
met:M446_4746	md:met_M00018
met:M446_3185	md:met_M00018
met:M446_2698	md:met_M00018
met:M446_6026	md:met_M00018
met:M446_2341	md:met_M00018
met:M446_0239	md:met_M00019
met:M446_0778	md:met_M00019
met:M446_1643	md:met_M00019
met:M446_2713	md:met_M00019
met:M446_6522	md:met_M00019
met:M446_7024	md:met_M00019
met:M446_0238	md:met_M00019
met:M446_3416	md:met_M00019
met:M446_5056	md:met_M00019
met:M446_5485	md:met_M00019
met:M446_6017	md:met_M00019
met:M446_3767	md:met_M00020
met:M446_6394	md:met_M00020
met:M446_6395	md:met_M00020
met:M446_6188	md:met_M00020
met:M446_2401	md:met_M00021
met:M446_3579	md:met_M00021
met:M446_2323	md:met_M00021
met:M446_4466	md:met_M00021
met:M446_5398	md:met_M00023
met:M446_5396	md:met_M00023
met:M446_5395	md:met_M00023
met:M446_2506	md:met_M00023
met:M446_5394	md:met_M00023
met:M446_0477	md:met_M00023
met:M446_2507	md:met_M00023
met:M446_2645	md:met_M00026
met:M446_2646	md:met_M00026
met:M446_6789	md:met_M00026
met:M446_6319	md:met_M00026
met:M446_5787	md:met_M00026
met:M446_6791	md:met_M00026
met:M446_6792	md:met_M00026
met:M446_6790	md:met_M00026
met:M446_6794	md:met_M00026
met:M446_5257	md:met_M00026
met:M446_0412	md:met_M00026
met:M446_5257	md:met_M00026
met:M446_2638	md:met_M00026
met:M446_4809	md:met_M00028
met:M446_0868	md:met_M00028
met:M446_4524	md:met_M00028
met:M446_5028	md:met_M00028
met:M446_6536	md:met_M00028
met:M446_3737	md:met_M00028
met:M446_6541	md:met_M00028
met:M446_4809	md:met_M00028
met:M446_1653	md:met_M00045
met:M446_1651	md:met_M00045
met:M446_1654	md:met_M00045
met:M446_1655	md:met_M00045
met:M446_1652	md:met_M00045
met:M446_2599	md:met_M00048
met:M446_6062	md:met_M00048
met:M446_5165	md:met_M00048
met:M446_0005	md:met_M00048
met:M446_0422	md:met_M00048
met:M446_0421	md:met_M00048
met:M446_0421	md:met_M00048
met:M446_5164	md:met_M00048
met:M446_2693	md:met_M00048
met:M446_2692	md:met_M00048
met:M446_3647	md:met_M00048
met:M446_4881	md:met_M00048
met:M446_6842	md:met_M00048
met:M446_2965	md:met_M00048
met:M446_6845	md:met_M00049
met:M446_6842	md:met_M00049
met:M446_0332	md:met_M00049
met:M446_0783	md:met_M00049
met:M446_4361	md:met_M00049
met:M446_0968	md:met_M00050
met:M446_0964	md:met_M00050
met:M446_1012	md:met_M00050
met:M446_1855	md:met_M00050
met:M446_4275	md:met_M00050
met:M446_6777	md:met_M00050
met:M446_3193	md:met_M00050
met:M446_4361	md:met_M00050
met:M446_0631	md:met_M00052
met:M446_4361	md:met_M00052
met:M446_5402	md:met_M00052
met:M446_5426	md:met_M00082
met:M446_5425	md:met_M00082
met:M446_4796	md:met_M00082
met:M446_0476	md:met_M00082
met:M446_3200	md:met_M00082
met:M446_6851	md:met_M00082
met:M446_0174	md:met_M00082
met:M446_6230	md:met_M00082
met:M446_2228	md:met_M00083
met:M446_3197	md:met_M00083
met:M446_4856	md:met_M00083
met:M446_4857	md:met_M00083
met:M446_1438	md:met_M00083
met:M446_3199	md:met_M00083
met:M446_4858	md:met_M00083
met:M446_5987	md:met_M00083
met:M446_6526	md:met_M00083
met:M446_0642	md:met_M00083
met:M446_4855	md:met_M00083
met:M446_2229	md:met_M00083
met:M446_1565	md:met_M00083
met:M446_1759	md:met_M00083
met:M446_2227	md:met_M00083
met:M446_6100	md:met_M00083
met:M446_0200	md:met_M00086
met:M446_2308	md:met_M00086
met:M446_2876	md:met_M00086
met:M446_3855	md:met_M00086
met:M446_3403	md:met_M00087
met:M446_3408	md:met_M00087
met:M446_4773	md:met_M00087
met:M446_5230	md:met_M00087
met:M446_4606	md:met_M00087
met:M446_0234	md:met_M00087
met:M446_3281	md:met_M00087
met:M446_0235	md:met_M00087
met:M446_2685	md:met_M00091
met:M446_5117	md:met_M00091
met:M446_6272	md:met_M00091
met:M446_0634	md:met_M00093
met:M446_0693	md:met_M00093
met:M446_0692	md:met_M00093
met:M446_4622	md:met_M00093
met:M446_2494	md:met_M00097
met:M446_3735	md:met_M00097
met:M446_3734	md:met_M00097
met:M446_5197	md:met_M00097
met:M446_4590	md:met_M00115
met:M446_4591	md:met_M00115
met:M446_4589	md:met_M00115
met:M446_4219	md:met_M00115
met:M446_4906	md:met_M00115
met:M446_5994	md:met_M00118
met:M446_1113	md:met_M00118
met:M446_6788	md:met_M00120
met:M446_6249	md:met_M00120
met:M446_4459	md:met_M00120
met:M446_1034	md:met_M00120
met:M446_2008	md:met_M00122
met:M446_2429	md:met_M00122
met:M446_2427	md:met_M00122
met:M446_4870	md:met_M00122
met:M446_4869	md:met_M00122
met:M446_2430	md:met_M00122
met:M446_4382	md:met_M00122
met:M446_3653	md:met_M00122
met:M446_4381	md:met_M00122
met:M446_5168	md:met_M00123
met:M446_5166	md:met_M00123
met:M446_5169	md:met_M00123
met:M446_5411	md:met_M00123
met:M446_6320	md:met_M00126
met:M446_6455	md:met_M00126
met:M446_5757	md:met_M00126
met:M446_5756	md:met_M00126
met:M446_5758	md:met_M00126
met:M446_5757	md:met_M00126
met:M446_0475	md:met_M00126
met:M446_1090	md:met_M00126
met:M446_1825	md:met_M00134
met:M446_0446	md:met_M00134
met:M446_3104	md:met_M00140
met:M446_5373	md:met_M00140
met:M446_6554	md:met_M00140
met:M446_6555	md:met_M00140
met:M446_3236	md:met_M00140
met:M446_4390	md:met_M00144
met:M446_4391	md:met_M00144
met:M446_4392	md:met_M00144
met:M446_4393	md:met_M00144
met:M446_4391	md:met_M00144
met:M446_4394	md:met_M00144
met:M446_4395	md:met_M00144
met:M446_4396	md:met_M00144
met:M446_4397	md:met_M00144
met:M446_4398	md:met_M00144
met:M446_4399	md:met_M00144
met:M446_4400	md:met_M00144
met:M446_4401	md:met_M00144
met:M446_4402	md:met_M00144
met:M446_4403	md:met_M00144
met:M446_6038	md:met_M00149
met:M446_6039	md:met_M00149
met:M446_6040	md:met_M00149
met:M446_6042	md:met_M00149
met:M446_6797	md:met_M00151
met:M446_6796	md:met_M00151
met:M446_6798	md:met_M00151
met:M446_2349	md:met_M00155
met:M446_2991	md:met_M00155
met:M446_3898	md:met_M00155
met:M446_5817	md:met_M00155
met:M446_2348	md:met_M00155
met:M446_2990	md:met_M00155
met:M446_3897	md:met_M00155
met:M446_5816	md:met_M00155
met:M446_2344	md:met_M00155
met:M446_2989	md:met_M00155
met:M446_3895	md:met_M00155
met:M446_3896	md:met_M00155
met:M446_5815	md:met_M00155
met:M446_3894	md:met_M00155
met:M446_3270	md:met_M00156
met:M446_3271	md:met_M00156
met:M446_3272	md:met_M00156
met:M446_2992	md:met_M00156
met:M446_3273	md:met_M00156
met:M446_6637	md:met_M00157
met:M446_6635	md:met_M00157
met:M446_6638	md:met_M00157
met:M446_6634	md:met_M00157
met:M446_6636	md:met_M00157
met:M446_6944	md:met_M00157
met:M446_6946	md:met_M00157
met:M446_6947	md:met_M00157
met:M446_6945	md:met_M00157
met:M446_4569	md:met_M00168
met:M446_6558	md:met_M00168
met:M446_2161	md:met_M00168
met:M446_1243	md:met_M00169
met:M446_2472	md:met_M00169
met:M446_6546	md:met_M00169
met:M446_2710	md:met_M00169
met:M446_3534	md:met_M00175
met:M446_3535	md:met_M00175
met:M446_3536	md:met_M00175
met:M446_0248	md:met_M00176
met:M446_5480	md:met_M00176
met:M446_5479	md:met_M00176
met:M446_5480	md:met_M00176
met:M446_0248	md:met_M00176
met:M446_5481	md:met_M00176
met:M446_1598	md:met_M00176
met:M446_3748	md:met_M00176
met:M446_5483	md:met_M00176
met:M446_5484	md:met_M00176
met:M446_1239	md:met_M00307
met:M446_5261	md:met_M00307
met:M446_6301	md:met_M00307
met:M446_5896	md:met_M00307
met:M446_5897	md:met_M00307
met:M446_1240	md:met_M00307
met:M446_5262	md:met_M00307
met:M446_5900	md:met_M00307
met:M446_6300	md:met_M00307
met:M446_1241	md:met_M00307
met:M446_2168	md:met_M00307
met:M446_5901	md:met_M00307
met:M446_6299	md:met_M00307
met:M446_3104	md:met_M00346
met:M446_5373	md:met_M00346
met:M446_3486	md:met_M00346
met:M446_4373	md:met_M00346
met:M446_6552	md:met_M00346
met:M446_6553	md:met_M00346
met:M446_5205	md:met_M00346
met:M446_0125	md:met_M00346
met:M446_5894	md:met_M00346
met:M446_4569	md:met_M00346
met:M446_6558	md:met_M00346
met:M446_2161	md:met_M00346
met:M446_6557	md:met_M00346
met:M446_6556	md:met_M00346
met:M446_6315	md:met_M00346
met:M446_6559	md:met_M00346
met:M446_5735	md:met_M00417
met:M446_5734	md:met_M00417
met:M446_5733	md:met_M00417
met:M446_5732	md:met_M00417
met:M446_1444	md:met_M00432
met:M446_0819	md:met_M00432
met:M446_1938	md:met_M00432
met:M446_0040	md:met_M00432
met:M446_1939	md:met_M00432
met:M446_6646	md:met_M00432
met:M446_3749	md:met_M00531
met:M446_3747	md:met_M00531
met:M446_3746	md:met_M00531
met:M446_3296	md:met_M00549
met:M446_4649	md:met_M00549
met:M446_5187	md:met_M00549
met:M446_1805	md:met_M00549
met:M446_1324	md:met_M00551
met:M446_1325	md:met_M00551
met:M446_1326	md:met_M00551
met:M446_1327	md:met_M00551
met:M446_1328	md:met_M00568
met:M446_1329	md:met_M00568
met:M446_3635	md:met_M00568
met:M446_1330	md:met_M00568
met:M446_4655	md:met_M00568
met:M446_3288	md:met_M00570
met:M446_6836	md:met_M00570
met:M446_0239	md:met_M00570
met:M446_0778	md:met_M00570
met:M446_1643	md:met_M00570
met:M446_2713	md:met_M00570
met:M446_6522	md:met_M00570
met:M446_7024	md:met_M00570
met:M446_0238	md:met_M00570
met:M446_3416	md:met_M00570
met:M446_5056	md:met_M00570
met:M446_5485	md:met_M00570
met:M446_6017	md:met_M00570
met:M446_1569	md:met_M00579
met:M446_6099	md:met_M00579
met:M446_1568	md:met_M00579
met:M446_6098	md:met_M00579
met:M446_0143	md:met_M00595
met:M446_6959	md:met_M00595
met:M446_0146	md:met_M00595
met:M446_6956	md:met_M00595
met:M446_0141	md:met_M00595
met:M446_0148	md:met_M00595
met:M446_0147	md:met_M00595
met:M446_0145	md:met_M00595
met:M446_5759	md:met_M00595
met:M446_6957	md:met_M00595
met:M446_0144	md:met_M00595
met:M446_6958	md:met_M00595
met:M446_3703	md:met_M00597
met:M446_3704	md:met_M00597
met:M446_4825	md:met_M00615
met:M446_5685	md:met_M00615
met:M446_5686	md:met_M00615
met:M446_3743	md:met_M00615
met:M446_4818	md:met_M00615
met:M446_3744	md:met_M00615
met:M446_4817	md:met_M00615
met:M446_3745	md:met_M00615
met:M446_4816	md:met_M00615
met:M446_3528	md:met_M00621
met:M446_3526	md:met_M00621
met:M446_1241	md:met_M00621
met:M446_2168	md:met_M00621
met:M446_5901	md:met_M00621
met:M446_6299	md:met_M00621
met:M446_6592	md:met_M00642
met:M446_2752	md:met_M00642
met:M446_2751	md:met_M00642
met:M446_4418	md:met_M00642
met:M446_3832	md:met_M00664
met:M446_3831	md:met_M00664
met:M446_3830	md:met_M00664
met:M446_3833	md:met_M00664
met:M446_0385	md:met_M00741
met:M446_3811	md:met_M00741
met:M446_5659	md:met_M00741
met:M446_4406	md:met_M00741
met:M446_0217	md:met_M00741
met:M446_3042	md:met_M00741
met:M446_1450	md:met_M00793
met:M446_5838	md:met_M00793
met:M446_5836	md:met_M00793
met:M446_4988	md:met_M00793
met:M446_5835	md:met_M00793
met:M446_5837	md:met_M00793
met:M446_6535	md:met_M00844
met:M446_6124	md:met_M00844
met:M446_6641	md:met_M00844
met:M446_5988	md:met_M00844
met:M446_1805	md:met_M00854
met:M446_2285	md:met_M00854
met:M446_3078	md:met_M00854
met:M446_1127	md:met_M00854
met:M446_6806	md:met_M00854
met:M446_5676	md:met_M00880
met:M446_6195	md:met_M00880
met:M446_5393	md:met_M00880
met:M446_1750	md:met_M00880
met:M446_5675	md:met_M00880
met:M446_5418	md:met_M00880
met:M446_3274	md:met_M00880
met:M446_3276	md:met_M00880
met:M446_3277	md:met_M00880
met:M446_3444	md:met_M00880
met:M446_5392	md:met_M00880
met:M446_5311	md:met_M00881
met:M446_1252	md:met_M00881
met:M446_5924	md:met_M00881
met:M446_0495	md:met_M00909
met:M446_3375	md:met_M00909
met:M446_5508	md:met_M00909
met:M446_3067	md:met_M00909
met:M446_5504	md:met_M00909
met:M446_5059	md:met_M00918
met:M446_5061	md:met_M00918
met:M446_5062	md:met_M00918
met:M446_5060	md:met_M00918
met:M446_6576	md:met_M00958
met:M446_2582	md:met_M00958
met:M446_6576	md:met_M00958
met:M446_3291	md:met_M00958
met:M446_1622	md:met_M00958
met:M446_3291	md:met_M00958
met:M446_1982	md:met_M00958
met:M446_0294	md:met_M00958
met:M446_2560	md:met_M00958
met:M446_2671	md:met_M00958
met:M446_0293	md:met_M00958
met:M446_2561	md:met_M00958
met:M446_2670	md:met_M00958
met:M446_0292	md:met_M00958
met:M446_2562	md:met_M00958
met:M446_2669	md:met_M00958
met:M446_2582	md:met_M00959
met:M446_6576	md:met_M00959
met:M446_1622	md:met_M00959
met:M446_3291	md:met_M00959
met:M446_2623	md:met_M00959
met:M446_1982	md:met_M00959
met:M446_0294	md:met_M00959
met:M446_2560	md:met_M00959
met:M446_2671	md:met_M00959
met:M446_0293	md:met_M00959
met:M446_2561	md:met_M00959
met:M446_2670	md:met_M00959
met:M446_0292	md:met_M00959
met:M446_2562	md:met_M00959
met:M446_2669	md:met_M00959
met:M446_2202	md:met_M00970
met:M446_3049	md:met_M00985
met:M446_3048	md:met_M00985
met:M446_6320	md:met_M00988
met:M446_6595	md:met_M00988
met:M446_6594	md:met_M00988
met:M446_6597	md:met_M00988
met:M446_5893	md:met_M00988
met:M446_0495	md:met_M00995
met:M446_3375	md:met_M00995
met:M446_5508	md:met_M00995
met:M446_3067	md:met_M00995
met:M446_5504	md:met_M00995
met:M446_2641	md:met_M00995
met:M446_6700	md:met_M00995
met:M446_5192	md:met_M00999
met:M446_3211	md:met_M00999
met:M446_5186	md:met_M01000
met:M446_5187	md:met_M01000
met:M446_5186	md:met_M01000
met:M446_1806	md:met_M01004
met:M446_0088	md:met_M01004
met:M446_5440	md:met_M01004
met:M446_5186	md:met_M01006
met:M446_5187	md:met_M01006
met:M446_5186	md:met_M01006
met:M446_4019	md:met_M01006
met:M446_5189	md:met_M01006
met:M446_4033	md:met_M01006
met:M446_4019	md:met_M01018
met:M446_5189	md:met_M01018
met:M446_5188	md:met_M01018
met:M446_3692	md:met_M01039
met:M446_3693	md:met_M01039
met:M446_3695	md:met_M01039
