pbu:L21SP3_00412	md:pbu_M00005
pbu:L21SP3_00602	md:pbu_M00010
pbu:L21SP3_00090	md:pbu_M00010
pbu:L21SP3_00404	md:pbu_M00010
pbu:L21SP3_02017	md:pbu_M00015
pbu:L21SP3_01912	md:pbu_M00015
pbu:L21SP3_01401	md:pbu_M00015
pbu:L21SP3_01114	md:pbu_M00019
pbu:L21SP3_01113	md:pbu_M00019
pbu:L21SP3_01112	md:pbu_M00019
pbu:L21SP3_01074	md:pbu_M00019
pbu:L21SP3_00306	md:pbu_M00019
pbu:L21SP3_00482	md:pbu_M00021
pbu:L21SP3_00481	md:pbu_M00021
pbu:L21SP3_00573	md:pbu_M00022
pbu:L21SP3_01802	md:pbu_M00022
pbu:L21SP3_01903	md:pbu_M00022
pbu:L21SP3_01427	md:pbu_M00022
pbu:L21SP3_01794	md:pbu_M00022
pbu:L21SP3_01172	md:pbu_M00022
pbu:L21SP3_00552	md:pbu_M00022
pbu:L21SP3_02288	md:pbu_M00022
pbu:L21SP3_00211	md:pbu_M00023
pbu:L21SP3_00210	md:pbu_M00023
pbu:L21SP3_00209	md:pbu_M00023
pbu:L21SP3_00207	md:pbu_M00023
pbu:L21SP3_00208	md:pbu_M00023
pbu:L21SP3_00205	md:pbu_M00023
pbu:L21SP3_00206	md:pbu_M00023
pbu:L21SP3_01001	md:pbu_M00023
pbu:L21SP3_01454	md:pbu_M00026
pbu:L21SP3_01453	md:pbu_M00026
pbu:L21SP3_00089	md:pbu_M00026
pbu:L21SP3_00574	md:pbu_M00026
pbu:L21SP3_00426	md:pbu_M00026
pbu:L21SP3_00425	md:pbu_M00026
pbu:L21SP3_00195	md:pbu_M00026
pbu:L21SP3_00196	md:pbu_M00026
pbu:L21SP3_01166	md:pbu_M00026
pbu:L21SP3_00196	md:pbu_M00026
pbu:L21SP3_01809	md:pbu_M00026
pbu:L21SP3_00542	md:pbu_M00028
pbu:L21SP3_00172	md:pbu_M00028
pbu:L21SP3_00840	md:pbu_M00028
pbu:L21SP3_01739	md:pbu_M00028
pbu:L21SP3_00839	md:pbu_M00028
pbu:L21SP3_00172	md:pbu_M00028
pbu:L21SP3_01609	md:pbu_M00049
pbu:L21SP3_00369	md:pbu_M00049
pbu:L21SP3_01216	md:pbu_M00049
pbu:L21SP3_01778	md:pbu_M00049
pbu:L21SP3_01394	md:pbu_M00050
pbu:L21SP3_01393	md:pbu_M00050
pbu:L21SP3_00689	md:pbu_M00050
pbu:L21SP3_01728	md:pbu_M00050
pbu:L21SP3_01778	md:pbu_M00050
pbu:L21SP3_00141	md:pbu_M00052
pbu:L21SP3_01778	md:pbu_M00052
pbu:L21SP3_00593	md:pbu_M00052
pbu:L21SP3_01305	md:pbu_M00063
pbu:L21SP3_00478	md:pbu_M00063
pbu:L21SP3_01304	md:pbu_M00063
pbu:L21SP3_00594	md:pbu_M00063
pbu:L21SP3_00978	md:pbu_M00064
pbu:L21SP3_00406	md:pbu_M00064
pbu:L21SP3_00550	md:pbu_M00064
pbu:L21SP3_00406	md:pbu_M00064
pbu:L21SP3_01264	md:pbu_M00064
pbu:L21SP3_01263	md:pbu_M00082
pbu:L21SP3_01262	md:pbu_M00082
pbu:L21SP3_00249	md:pbu_M00082
pbu:L21SP3_00197	md:pbu_M00082
pbu:L21SP3_00201	md:pbu_M00082
pbu:L21SP3_00200	md:pbu_M00082
pbu:L21SP3_02111	md:pbu_M00115
pbu:L21SP3_00483	md:pbu_M00115
pbu:L21SP3_00193	md:pbu_M00115
pbu:L21SP3_01953	md:pbu_M00115
pbu:L21SP3_01924	md:pbu_M00115
pbu:L21SP3_02312	md:pbu_M00120
pbu:L21SP3_01730	md:pbu_M00120
pbu:L21SP3_00378	md:pbu_M00120
pbu:L21SP3_01152	md:pbu_M00120
pbu:L21SP3_00024	md:pbu_M00120
pbu:L21SP3_00875	md:pbu_M00140
pbu:L21SP3_00800	md:pbu_M00140
pbu:L21SP3_00111	md:pbu_M00140
pbu:L21SP3_00887	md:pbu_M00157
pbu:L21SP3_00889	md:pbu_M00157
pbu:L21SP3_00886	md:pbu_M00157
pbu:L21SP3_00890	md:pbu_M00157
pbu:L21SP3_00888	md:pbu_M00157
pbu:L21SP3_00883	md:pbu_M00157
pbu:L21SP3_00885	md:pbu_M00157
pbu:L21SP3_00884	md:pbu_M00157
pbu:L21SP3_00474	md:pbu_M00159
pbu:L21SP3_00475	md:pbu_M00159
pbu:L21SP3_00472	md:pbu_M00159
pbu:L21SP3_00476	md:pbu_M00159
pbu:L21SP3_00471	md:pbu_M00159
pbu:L21SP3_00473	md:pbu_M00159
pbu:L21SP3_00468	md:pbu_M00159
pbu:L21SP3_00469	md:pbu_M00159
pbu:L21SP3_00470	md:pbu_M00159
pbu:L21SP3_00711	md:pbu_M00307
pbu:L21SP3_02150	md:pbu_M00307
pbu:L21SP3_01282	md:pbu_M00307
pbu:L21SP3_01964	md:pbu_M00307
pbu:L21SP3_00429	md:pbu_M00307
pbu:L21SP3_00486	md:pbu_M00432
pbu:L21SP3_01547	md:pbu_M00432
pbu:L21SP3_00485	md:pbu_M00432
pbu:L21SP3_01753	md:pbu_M00432
pbu:L21SP3_00051	md:pbu_M00432
pbu:L21SP3_01875	md:pbu_M00527
pbu:L21SP3_01165	md:pbu_M00527
pbu:L21SP3_00498	md:pbu_M00527
pbu:L21SP3_00910	md:pbu_M00527
pbu:L21SP3_01883	md:pbu_M00527
pbu:L21SP3_01196	md:pbu_M00527
pbu:L21SP3_00705	md:pbu_M00527
pbu:L21SP3_00598	md:pbu_M00527
pbu:L21SP3_00678	md:pbu_M00579
pbu:L21SP3_00679	md:pbu_M00579
pbu:L21SP3_00838	md:pbu_M00844
pbu:L21SP3_01505	md:pbu_M00844
pbu:L21SP3_01744	md:pbu_M00844
pbu:L21SP3_00613	md:pbu_M00881
pbu:L21SP3_00612	md:pbu_M00881
pbu:L21SP3_00954	md:pbu_M00923
pbu:L21SP3_00953	md:pbu_M00923
pbu:L21SP3_00952	md:pbu_M00923
pbu:L21SP3_00663	md:pbu_M00988
pbu:L21SP3_00664	md:pbu_M00988
pbu:L21SP3_01153	md:pbu_M00988
pbu:L21SP3_00583	md:pbu_M00988
pbu:L21SP3_01460	md:pbu_M00988
pbu:L21SP3_01459	md:pbu_M00988
pbu:L21SP3_02255	md:pbu_M00999
pbu:L21SP3_00975	md:pbu_M00999
pbu:L21SP3_00615	md:pbu_M01000
pbu:L21SP3_02103	md:pbu_M01000
pbu:L21SP3_00099	md:pbu_M01000
pbu:L21SP3_00961	md:pbu_M01016
pbu:L21SP3_00960	md:pbu_M01016
