prod:PCO85_00660	md:prod_M00001
prod:PCO85_19925	md:prod_M00001
prod:PCO85_21975	md:prod_M00001
prod:PCO85_07740	md:prod_M00001
prod:PCO85_02165	md:prod_M00001
prod:PCO85_02170	md:prod_M00001
prod:PCO85_19855	md:prod_M00001
prod:PCO85_21960	md:prod_M00001
prod:PCO85_10570	md:prod_M00001
prod:PCO85_11095	md:prod_M00001
prod:PCO85_19860	md:prod_M00001
prod:PCO85_07465	md:prod_M00001
prod:PCO85_19765	md:prod_M00001
prod:PCO85_14570	md:prod_M00001
prod:PCO85_18220	md:prod_M00001
prod:PCO85_09790	md:prod_M00001
prod:PCO85_12345	md:prod_M00001
prod:PCO85_21960	md:prod_M00002
prod:PCO85_10570	md:prod_M00002
prod:PCO85_11095	md:prod_M00002
prod:PCO85_19860	md:prod_M00002
prod:PCO85_07465	md:prod_M00002
prod:PCO85_19765	md:prod_M00002
prod:PCO85_14570	md:prod_M00002
prod:PCO85_18220	md:prod_M00002
prod:PCO85_09790	md:prod_M00002
prod:PCO85_12345	md:prod_M00002
prod:PCO85_01800	md:prod_M00003
prod:PCO85_14570	md:prod_M00003
prod:PCO85_18220	md:prod_M00003
prod:PCO85_07465	md:prod_M00003
prod:PCO85_19765	md:prod_M00003
prod:PCO85_19860	md:prod_M00003
prod:PCO85_10570	md:prod_M00003
prod:PCO85_11095	md:prod_M00003
prod:PCO85_21960	md:prod_M00003
prod:PCO85_02165	md:prod_M00003
prod:PCO85_02170	md:prod_M00003
prod:PCO85_19855	md:prod_M00003
prod:PCO85_19945	md:prod_M00003
prod:PCO85_21940	md:prod_M00003
prod:PCO85_09800	md:prod_M00004
prod:PCO85_07525	md:prod_M00004
prod:PCO85_07580	md:prod_M00004
prod:PCO85_01880	md:prod_M00004
prod:PCO85_19800	md:prod_M00004
prod:PCO85_14820	md:prod_M00004
prod:PCO85_19870	md:prod_M00004
prod:PCO85_04395	md:prod_M00004
prod:PCO85_19720	md:prod_M00004
prod:PCO85_19925	md:prod_M00004
prod:PCO85_11275	md:prod_M00005
prod:PCO85_09800	md:prod_M00006
prod:PCO85_07525	md:prod_M00006
prod:PCO85_07580	md:prod_M00006
prod:PCO85_19870	md:prod_M00007
prod:PCO85_04395	md:prod_M00007
prod:PCO85_19720	md:prod_M00007
prod:PCO85_01880	md:prod_M00007
prod:PCO85_19800	md:prod_M00007
prod:PCO85_14820	md:prod_M00007
prod:PCO85_09800	md:prod_M00008
prod:PCO85_07525	md:prod_M00008
prod:PCO85_21475	md:prod_M00008
prod:PCO85_09805	md:prod_M00008
prod:PCO85_07320	md:prod_M00009
prod:PCO85_15620	md:prod_M00009
prod:PCO85_12210	md:prod_M00009
prod:PCO85_13170	md:prod_M00009
prod:PCO85_19240	md:prod_M00009
prod:PCO85_10235	md:prod_M00009
prod:PCO85_07345	md:prod_M00009
prod:PCO85_07350	md:prod_M00009
prod:PCO85_19250	md:prod_M00009
prod:PCO85_07360	md:prod_M00009
prod:PCO85_07355	md:prod_M00009
prod:PCO85_07335	md:prod_M00009
prod:PCO85_07340	md:prod_M00009
prod:PCO85_07325	md:prod_M00009
prod:PCO85_07330	md:prod_M00009
prod:PCO85_20310	md:prod_M00009
prod:PCO85_20315	md:prod_M00009
prod:PCO85_20320	md:prod_M00009
prod:PCO85_20325	md:prod_M00009
prod:PCO85_04530	md:prod_M00009
prod:PCO85_10980	md:prod_M00009
prod:PCO85_03280	md:prod_M00009
prod:PCO85_07320	md:prod_M00010
prod:PCO85_15620	md:prod_M00010
prod:PCO85_12210	md:prod_M00010
prod:PCO85_13170	md:prod_M00010
prod:PCO85_19240	md:prod_M00010
prod:PCO85_10235	md:prod_M00010
prod:PCO85_07345	md:prod_M00011
prod:PCO85_07350	md:prod_M00011
prod:PCO85_19250	md:prod_M00011
prod:PCO85_07360	md:prod_M00011
prod:PCO85_07355	md:prod_M00011
prod:PCO85_07335	md:prod_M00011
prod:PCO85_07340	md:prod_M00011
prod:PCO85_07325	md:prod_M00011
prod:PCO85_07330	md:prod_M00011
prod:PCO85_20310	md:prod_M00011
prod:PCO85_20315	md:prod_M00011
prod:PCO85_20320	md:prod_M00011
prod:PCO85_20325	md:prod_M00011
prod:PCO85_04530	md:prod_M00011
prod:PCO85_10980	md:prod_M00011
prod:PCO85_03280	md:prod_M00011
prod:PCO85_07320	md:prod_M00012
prod:PCO85_15620	md:prod_M00012
prod:PCO85_12210	md:prod_M00012
prod:PCO85_13170	md:prod_M00012
prod:PCO85_19240	md:prod_M00012
prod:PCO85_20605	md:prod_M00012
prod:PCO85_20610	md:prod_M00012
prod:PCO85_03280	md:prod_M00012
prod:PCO85_17820	md:prod_M00015
prod:PCO85_17815	md:prod_M00015
prod:PCO85_02685	md:prod_M00015
prod:PCO85_18530	md:prod_M00015
prod:PCO85_19920	md:prod_M00016
prod:PCO85_19740	md:prod_M00016
prod:PCO85_21870	md:prod_M00016
prod:PCO85_21320	md:prod_M00016
prod:PCO85_01725	md:prod_M00016
prod:PCO85_06915	md:prod_M00016
prod:PCO85_07810	md:prod_M00016
prod:PCO85_19220	md:prod_M00016
prod:PCO85_22430	md:prod_M00016
prod:PCO85_19645	md:prod_M00016
prod:PCO85_05985	md:prod_M00016
prod:PCO85_21055	md:prod_M00016
prod:PCO85_06990	md:prod_M00016
prod:PCO85_21435	md:prod_M00016
prod:PCO85_08705	md:prod_M00016
prod:PCO85_18740	md:prod_M00016
prod:PCO85_19920	md:prod_M00017
prod:PCO85_19740	md:prod_M00017
prod:PCO85_21870	md:prod_M00017
prod:PCO85_21320	md:prod_M00017
prod:PCO85_19740	md:prod_M00017
prod:PCO85_21870	md:prod_M00017
prod:PCO85_20615	md:prod_M00017
prod:PCO85_21875	md:prod_M00017
prod:PCO85_19735	md:prod_M00017
prod:PCO85_20560	md:prod_M00017
prod:PCO85_20590	md:prod_M00017
prod:PCO85_00365	md:prod_M00017
prod:PCO85_19920	md:prod_M00018
prod:PCO85_19740	md:prod_M00018
prod:PCO85_21870	md:prod_M00018
prod:PCO85_21320	md:prod_M00018
prod:PCO85_19740	md:prod_M00018
prod:PCO85_21870	md:prod_M00018
prod:PCO85_19735	md:prod_M00018
prod:PCO85_19730	md:prod_M00018
prod:PCO85_03640	md:prod_M00019
prod:PCO85_19450	md:prod_M00019
prod:PCO85_19520	md:prod_M00019
prod:PCO85_21740	md:prod_M00019
prod:PCO85_19445	md:prod_M00019
prod:PCO85_19525	md:prod_M00019
prod:PCO85_21735	md:prod_M00019
prod:PCO85_21705	md:prod_M00019
prod:PCO85_21725	md:prod_M00019
prod:PCO85_19085	md:prod_M00019
prod:PCO85_21730	md:prod_M00019
prod:PCO85_05905	md:prod_M00020
prod:PCO85_19225	md:prod_M00020
prod:PCO85_19795	md:prod_M00020
prod:PCO85_00655	md:prod_M00020
prod:PCO85_09195	md:prod_M00020
prod:PCO85_02590	md:prod_M00020
prod:PCO85_00385	md:prod_M00021
prod:PCO85_04495	md:prod_M00021
prod:PCO85_04755	md:prod_M00021
prod:PCO85_07460	md:prod_M00022
prod:PCO85_12425	md:prod_M00022
prod:PCO85_17170	md:prod_M00022
prod:PCO85_01865	md:prod_M00022
prod:PCO85_14185	md:prod_M00022
prod:PCO85_01590	md:prod_M00022
prod:PCO85_20650	md:prod_M00022
prod:PCO85_01860	md:prod_M00022
prod:PCO85_06285	md:prod_M00022
prod:PCO85_14475	md:prod_M00022
prod:PCO85_09200	md:prod_M00022
prod:PCO85_15230	md:prod_M00022
prod:PCO85_17165	md:prod_M00024
prod:PCO85_02440	md:prod_M00024
prod:PCO85_18825	md:prod_M00024
prod:PCO85_17160	md:prod_M00024
prod:PCO85_18840	md:prod_M00024
prod:PCO85_17160	md:prod_M00025
prod:PCO85_02440	md:prod_M00025
prod:PCO85_17165	md:prod_M00025
prod:PCO85_18840	md:prod_M00025
prod:PCO85_09310	md:prod_M00026
prod:PCO85_09275	md:prod_M00026
prod:PCO85_09285	md:prod_M00026
prod:PCO85_09290	md:prod_M00026
prod:PCO85_09280	md:prod_M00026
prod:PCO85_09300	md:prod_M00026
prod:PCO85_17625	md:prod_M00026
prod:PCO85_09295	md:prod_M00026
prod:PCO85_09300	md:prod_M00026
prod:PCO85_17625	md:prod_M00026
prod:PCO85_09305	md:prod_M00026
prod:PCO85_17655	md:prod_M00026
prod:PCO85_04970	md:prod_M00027
prod:PCO85_13585	md:prod_M00027
prod:PCO85_11825	md:prod_M00027
prod:PCO85_11820	md:prod_M00027
prod:PCO85_15505	md:prod_M00027
prod:PCO85_15700	md:prod_M00027
prod:PCO85_05880	md:prod_M00028
prod:PCO85_00325	md:prod_M00028
prod:PCO85_00330	md:prod_M00028
prod:PCO85_21055	md:prod_M00028
prod:PCO85_00335	md:prod_M00028
prod:PCO85_17615	md:prod_M00045
prod:PCO85_17620	md:prod_M00045
prod:PCO85_15775	md:prod_M00045
prod:PCO85_15770	md:prod_M00045
prod:PCO85_15780	md:prod_M00045
prod:PCO85_00740	md:prod_M00046
prod:PCO85_00745	md:prod_M00046
prod:PCO85_00750	md:prod_M00046
prod:PCO85_00755	md:prod_M00046
prod:PCO85_15125	md:prod_M00048
prod:PCO85_01480	md:prod_M00048
prod:PCO85_06870	md:prod_M00048
prod:PCO85_09810	md:prod_M00048
prod:PCO85_16625	md:prod_M00048
prod:PCO85_06875	md:prod_M00048
prod:PCO85_15820	md:prod_M00048
prod:PCO85_15815	md:prod_M00048
prod:PCO85_06925	md:prod_M00048
prod:PCO85_10205	md:prod_M00048
prod:PCO85_01485	md:prod_M00048
prod:PCO85_19960	md:prod_M00049
prod:PCO85_10205	md:prod_M00049
prod:PCO85_06655	md:prod_M00049
prod:PCO85_16485	md:prod_M00049
prod:PCO85_16420	md:prod_M00050
prod:PCO85_16415	md:prod_M00050
prod:PCO85_00195	md:prod_M00050
prod:PCO85_16485	md:prod_M00050
prod:PCO85_11560	md:prod_M00051
prod:PCO85_12750	md:prod_M00051
prod:PCO85_19635	md:prod_M00051
prod:PCO85_19640	md:prod_M00051
prod:PCO85_20365	md:prod_M00051
prod:PCO85_20370	md:prod_M00051
prod:PCO85_11560	md:prod_M00051
prod:PCO85_12750	md:prod_M00051
prod:PCO85_12470	md:prod_M00051
prod:PCO85_00520	md:prod_M00051
prod:PCO85_12185	md:prod_M00051
prod:PCO85_06010	md:prod_M00052
prod:PCO85_16485	md:prod_M00052
prod:PCO85_18225	md:prod_M00052
prod:PCO85_06725	md:prod_M00053
prod:PCO85_06720	md:prod_M00053
prod:PCO85_16485	md:prod_M00053
prod:PCO85_06060	md:prod_M00060
prod:PCO85_19355	md:prod_M00060
prod:PCO85_06050	md:prod_M00060
prod:PCO85_15810	md:prod_M00060
prod:PCO85_06065	md:prod_M00060
prod:PCO85_09430	md:prod_M00060
prod:PCO85_00465	md:prod_M00060
prod:PCO85_12770	md:prod_M00060
prod:PCO85_09785	md:prod_M00060
prod:PCO85_02890	md:prod_M00061
prod:PCO85_04580	md:prod_M00061
prod:PCO85_04010	md:prod_M00061
prod:PCO85_04575	md:prod_M00061
prod:PCO85_22485	md:prod_M00061
prod:PCO85_04440	md:prod_M00061
prod:PCO85_04550	md:prod_M00061
prod:PCO85_13400	md:prod_M00061
prod:PCO85_22245	md:prod_M00061
prod:PCO85_09805	md:prod_M00061
prod:PCO85_01955	md:prod_M00063
prod:PCO85_11240	md:prod_M00063
prod:PCO85_01950	md:prod_M00063
prod:PCO85_09440	md:prod_M00063
prod:PCO85_17865	md:prod_M00064
prod:PCO85_18315	md:prod_M00064
prod:PCO85_18075	md:prod_M00064
prod:PCO85_18315	md:prod_M00064
prod:PCO85_00425	md:prod_M00064
prod:PCO85_01585	md:prod_M00082
prod:PCO85_08365	md:prod_M00082
prod:PCO85_01580	md:prod_M00082
prod:PCO85_08370	md:prod_M00082
prod:PCO85_06080	md:prod_M00082
prod:PCO85_15145	md:prod_M00082
prod:PCO85_12705	md:prod_M00082
prod:PCO85_08715	md:prod_M00082
prod:PCO85_08750	md:prod_M00082
prod:PCO85_08765	md:prod_M00082
prod:PCO85_08840	md:prod_M00082
prod:PCO85_12710	md:prod_M00082
prod:PCO85_15200	md:prod_M00083
prod:PCO85_12690	md:prod_M00083
prod:PCO85_07890	md:prod_M00083
prod:PCO85_12700	md:prod_M00083
prod:PCO85_06055	md:prod_M00083
prod:PCO85_12825	md:prod_M00083
prod:PCO85_12145	md:prod_M00083
prod:PCO85_10475	md:prod_M00086
prod:PCO85_17870	md:prod_M00087
prod:PCO85_01270	md:prod_M00087
prod:PCO85_15250	md:prod_M00087
prod:PCO85_01265	md:prod_M00087
prod:PCO85_15255	md:prod_M00087
prod:PCO85_06030	md:prod_M00093
prod:PCO85_18050	md:prod_M00093
prod:PCO85_17590	md:prod_M00093
prod:PCO85_20295	md:prod_M00093
prod:PCO85_06415	md:prod_M00096
prod:PCO85_06020	md:prod_M00096
prod:PCO85_18140	md:prod_M00096
prod:PCO85_11270	md:prod_M00096
prod:PCO85_18135	md:prod_M00096
prod:PCO85_16465	md:prod_M00096
prod:PCO85_19655	md:prod_M00096
prod:PCO85_05070	md:prod_M00096
prod:PCO85_16750	md:prod_M00115
prod:PCO85_07445	md:prod_M00115
prod:PCO85_19295	md:prod_M00115
prod:PCO85_07085	md:prod_M00115
prod:PCO85_10310	md:prod_M00115
prod:PCO85_06760	md:prod_M00116
prod:PCO85_06765	md:prod_M00116
prod:PCO85_06770	md:prod_M00116
prod:PCO85_06780	md:prod_M00116
prod:PCO85_06785	md:prod_M00116
prod:PCO85_06775	md:prod_M00116
prod:PCO85_12395	md:prod_M00116
prod:PCO85_21915	md:prod_M00116
prod:PCO85_01210	md:prod_M00116
prod:PCO85_02805	md:prod_M00117
prod:PCO85_02810	md:prod_M00117
prod:PCO85_01255	md:prod_M00117
prod:PCO85_05055	md:prod_M00117
prod:PCO85_15120	md:prod_M00117
prod:PCO85_02545	md:prod_M00117
prod:PCO85_06730	md:prod_M00117
prod:PCO85_02550	md:prod_M00117
prod:PCO85_01210	md:prod_M00117
prod:PCO85_07155	md:prod_M00117
prod:PCO85_01095	md:prod_M00118
prod:PCO85_17470	md:prod_M00118
prod:PCO85_19905	md:prod_M00118
prod:PCO85_19085	md:prod_M00119
prod:PCO85_21730	md:prod_M00119
prod:PCO85_16980	md:prod_M00119
prod:PCO85_06440	md:prod_M00119
prod:PCO85_16990	md:prod_M00119
prod:PCO85_16985	md:prod_M00119
prod:PCO85_01330	md:prod_M00120
prod:PCO85_00505	md:prod_M00120
prod:PCO85_00475	md:prod_M00120
prod:PCO85_19320	md:prod_M00120
prod:PCO85_13235	md:prod_M00123
prod:PCO85_13245	md:prod_M00123
prod:PCO85_11020	md:prod_M00123
prod:PCO85_13225	md:prod_M00123
prod:PCO85_13240	md:prod_M00123
prod:PCO85_19865	md:prod_M00124
prod:PCO85_15165	md:prod_M00124
prod:PCO85_00655	md:prod_M00124
prod:PCO85_09195	md:prod_M00124
prod:PCO85_19590	md:prod_M00124
prod:PCO85_16700	md:prod_M00124
prod:PCO85_12230	md:prod_M00124
prod:PCO85_12205	md:prod_M00125
prod:PCO85_06395	md:prod_M00125
prod:PCO85_21420	md:prod_M00125
prod:PCO85_04520	md:prod_M00125
prod:PCO85_06400	md:prod_M00125
prod:PCO85_12295	md:prod_M00125
prod:PCO85_19675	md:prod_M00125
prod:PCO85_08890	md:prod_M00126
prod:PCO85_13985	md:prod_M00126
prod:PCO85_09735	md:prod_M00126
prod:PCO85_18345	md:prod_M00126
prod:PCO85_16975	md:prod_M00126
prod:PCO85_03350	md:prod_M00126
prod:PCO85_18345	md:prod_M00126
prod:PCO85_15140	md:prod_M00126
prod:PCO85_19615	md:prod_M00126
prod:PCO85_01430	md:prod_M00127
prod:PCO85_01425	md:prod_M00127
prod:PCO85_06430	md:prod_M00127
prod:PCO85_01415	md:prod_M00127
prod:PCO85_01420	md:prod_M00127
prod:PCO85_01440	md:prod_M00127
prod:PCO85_16020	md:prod_M00127
prod:PCO85_01435	md:prod_M00127
prod:PCO85_06410	md:prod_M00127
prod:PCO85_15010	md:prod_M00144
prod:PCO85_15005	md:prod_M00144
prod:PCO85_15005	md:prod_M00144
prod:PCO85_15000	md:prod_M00144
prod:PCO85_14995	md:prod_M00144
prod:PCO85_14990	md:prod_M00144
prod:PCO85_14985	md:prod_M00144
prod:PCO85_14980	md:prod_M00144
prod:PCO85_14975	md:prod_M00144
prod:PCO85_14970	md:prod_M00144
prod:PCO85_14965	md:prod_M00144
prod:PCO85_14960	md:prod_M00144
prod:PCO85_14955	md:prod_M00144
prod:PCO85_14950	md:prod_M00144
prod:PCO85_07325	md:prod_M00149
prod:PCO85_07330	md:prod_M00149
prod:PCO85_07335	md:prod_M00149
prod:PCO85_07340	md:prod_M00149
prod:PCO85_20310	md:prod_M00150
prod:PCO85_20315	md:prod_M00150
prod:PCO85_20320	md:prod_M00150
prod:PCO85_20325	md:prod_M00150
prod:PCO85_03720	md:prod_M00153
prod:PCO85_07365	md:prod_M00153
prod:PCO85_03725	md:prod_M00153
prod:PCO85_07370	md:prod_M00153
prod:PCO85_07375	md:prod_M00153
prod:PCO85_10950	md:prod_M00157
prod:PCO85_22835	md:prod_M00157
prod:PCO85_10915	md:prod_M00157
prod:PCO85_22825	md:prod_M00157
prod:PCO85_22840	md:prod_M00157
prod:PCO85_10920	md:prod_M00157
prod:PCO85_22820	md:prod_M00157
prod:PCO85_10955	md:prod_M00157
prod:PCO85_22830	md:prod_M00157
prod:PCO85_10935	md:prod_M00157
prod:PCO85_22855	md:prod_M00157
prod:PCO85_10945	md:prod_M00157
prod:PCO85_22845	md:prod_M00157
prod:PCO85_10940	md:prod_M00157
prod:PCO85_22850	md:prod_M00157
prod:PCO85_00340	md:prod_M00168
prod:PCO85_03280	md:prod_M00168
prod:PCO85_20215	md:prod_M00175
prod:PCO85_20210	md:prod_M00175
prod:PCO85_20205	md:prod_M00175
prod:PCO85_18155	md:prod_M00176
prod:PCO85_18165	md:prod_M00176
prod:PCO85_18160	md:prod_M00176
prod:PCO85_18165	md:prod_M00176
prod:PCO85_18155	md:prod_M00176
prod:PCO85_18175	md:prod_M00176
prod:PCO85_18185	md:prod_M00176
prod:PCO85_18180	md:prod_M00176
prod:PCO85_19260	md:prod_M00307
prod:PCO85_02735	md:prod_M00307
prod:PCO85_19255	md:prod_M00307
prod:PCO85_19250	md:prod_M00307
prod:PCO85_04035	md:prod_M00307
prod:PCO85_09545	md:prod_M00307
prod:PCO85_20220	md:prod_M00307
prod:PCO85_05070	md:prod_M00364
prod:PCO85_06420	md:prod_M00364
prod:PCO85_06475	md:prod_M00417
prod:PCO85_06470	md:prod_M00417
prod:PCO85_06465	md:prod_M00417
prod:PCO85_06460	md:prod_M00417
prod:PCO85_19460	md:prod_M00432
prod:PCO85_19470	md:prod_M00432
prod:PCO85_19475	md:prod_M00432
prod:PCO85_19465	md:prod_M00432
prod:PCO85_15710	md:prod_M00533
prod:PCO85_15715	md:prod_M00533
prod:PCO85_15705	md:prod_M00533
prod:PCO85_15720	md:prod_M00533
prod:PCO85_13830	md:prod_M00545
prod:PCO85_13835	md:prod_M00545
prod:PCO85_13840	md:prod_M00545
prod:PCO85_13845	md:prod_M00545
prod:PCO85_13855	md:prod_M00545
prod:PCO85_13850	md:prod_M00545
prod:PCO85_00660	md:prod_M00549
prod:PCO85_07250	md:prod_M00549
prod:PCO85_07575	md:prod_M00549
prod:PCO85_10660	md:prod_M00549
prod:PCO85_00645	md:prod_M00550
prod:PCO85_01690	md:prod_M00550
prod:PCO85_15640	md:prod_M00550
prod:PCO85_00640	md:prod_M00550
prod:PCO85_01695	md:prod_M00550
prod:PCO85_15645	md:prod_M00550
prod:PCO85_00635	md:prod_M00550
prod:PCO85_01700	md:prod_M00550
prod:PCO85_15650	md:prod_M00550
prod:PCO85_01705	md:prod_M00550
prod:PCO85_01685	md:prod_M00550
prod:PCO85_02465	md:prod_M00550
prod:PCO85_01680	md:prod_M00550
prod:PCO85_02460	md:prod_M00550
prod:PCO85_02455	md:prod_M00550
prod:PCO85_12170	md:prod_M00550
prod:PCO85_07475	md:prod_M00554
prod:PCO85_07480	md:prod_M00554
prod:PCO85_13485	md:prod_M00555
prod:PCO85_13480	md:prod_M00555
prod:PCO85_21720	md:prod_M00570
prod:PCO85_03640	md:prod_M00570
prod:PCO85_19450	md:prod_M00570
prod:PCO85_19520	md:prod_M00570
prod:PCO85_21740	md:prod_M00570
prod:PCO85_19445	md:prod_M00570
prod:PCO85_19525	md:prod_M00570
prod:PCO85_21735	md:prod_M00570
prod:PCO85_21705	md:prod_M00570
prod:PCO85_21725	md:prod_M00570
prod:PCO85_19085	md:prod_M00570
prod:PCO85_21730	md:prod_M00570
prod:PCO85_13230	md:prod_M00572
prod:PCO85_15200	md:prod_M00572
prod:PCO85_12690	md:prod_M00572
prod:PCO85_07890	md:prod_M00572
prod:PCO85_12700	md:prod_M00572
prod:PCO85_06055	md:prod_M00572
prod:PCO85_12145	md:prod_M00572
prod:PCO85_01765	md:prod_M00572
prod:PCO85_15055	md:prod_M00579
prod:PCO85_15050	md:prod_M00579
prod:PCO85_16895	md:prod_M00616
prod:PCO85_16890	md:prod_M00616
prod:PCO85_16885	md:prod_M00616
prod:PCO85_16880	md:prod_M00616
prod:PCO85_03660	md:prod_M00621
prod:PCO85_03650	md:prod_M00621
prod:PCO85_19250	md:prod_M00621
prod:PCO85_02890	md:prod_M00631
prod:PCO85_04580	md:prod_M00631
prod:PCO85_02895	md:prod_M00631
prod:PCO85_02900	md:prod_M00631
prod:PCO85_13400	md:prod_M00631
prod:PCO85_22245	md:prod_M00631
prod:PCO85_09805	md:prod_M00631
prod:PCO85_07470	md:prod_M00632
prod:PCO85_07475	md:prod_M00632
prod:PCO85_07480	md:prod_M00632
prod:PCO85_07485	md:prod_M00632
prod:PCO85_07640	md:prod_M00649
prod:PCO85_07635	md:prod_M00649
prod:PCO85_07620	md:prod_M00649
prod:PCO85_07625	md:prod_M00649
prod:PCO85_15485	md:prod_M00675
prod:PCO85_15490	md:prod_M00675
prod:PCO85_15480	md:prod_M00675
prod:PCO85_07570	md:prod_M00761
prod:PCO85_22645	md:prod_M00761
prod:PCO85_22655	md:prod_M00761
prod:PCO85_22650	md:prod_M00761
prod:PCO85_22640	md:prod_M00761
prod:PCO85_03815	md:prod_M00793
prod:PCO85_03810	md:prod_M00793
prod:PCO85_03825	md:prod_M00793
prod:PCO85_03820	md:prod_M00793
prod:PCO85_04890	md:prod_M00837
prod:PCO85_04880	md:prod_M00837
prod:PCO85_04850	md:prod_M00837
prod:PCO85_04895	md:prod_M00837
prod:PCO85_04885	md:prod_M00837
prod:PCO85_04910	md:prod_M00837
prod:PCO85_04875	md:prod_M00837
prod:PCO85_04865	md:prod_M00837
prod:PCO85_04870	md:prod_M00837
prod:PCO85_04855	md:prod_M00837
prod:PCO85_04860	md:prod_M00837
prod:PCO85_13515	md:prod_M00844
prod:PCO85_20345	md:prod_M00844
prod:PCO85_00965	md:prod_M00844
prod:PCO85_00320	md:prod_M00844
prod:PCO85_21035	md:prod_M00844
prod:PCO85_07575	md:prod_M00854
prod:PCO85_10660	md:prod_M00854
prod:PCO85_21195	md:prod_M00854
prod:PCO85_21190	md:prod_M00854
prod:PCO85_21205	md:prod_M00854
prod:PCO85_01745	md:prod_M00855
prod:PCO85_04990	md:prod_M00855
prod:PCO85_21185	md:prod_M00855
prod:PCO85_01750	md:prod_M00855
prod:PCO85_04995	md:prod_M00855
prod:PCO85_21200	md:prod_M00855
prod:PCO85_07250	md:prod_M00855
prod:PCO85_20995	md:prod_M00879
prod:PCO85_20985	md:prod_M00879
prod:PCO85_21000	md:prod_M00879
prod:PCO85_20990	md:prod_M00879
prod:PCO85_20980	md:prod_M00879
prod:PCO85_08185	md:prod_M00880
prod:PCO85_08195	md:prod_M00880
prod:PCO85_08205	md:prod_M00880
prod:PCO85_19715	md:prod_M00880
prod:PCO85_08190	md:prod_M00880
prod:PCO85_13280	md:prod_M00880
prod:PCO85_07045	md:prod_M00881
prod:PCO85_07040	md:prod_M00881
prod:PCO85_16025	md:prod_M00899
prod:PCO85_16020	md:prod_M00899
prod:PCO85_01435	md:prod_M00899
prod:PCO85_22805	md:prod_M00909
prod:PCO85_03355	md:prod_M00909
prod:PCO85_22810	md:prod_M00909
prod:PCO85_06725	md:prod_M00938
prod:PCO85_06720	md:prod_M00938
prod:PCO85_16485	md:prod_M00938
prod:PCO85_00510	md:prod_M00938
prod:PCO85_05835	md:prod_M00938
prod:PCO85_07925	md:prod_M00938
prod:PCO85_21555	md:prod_M00938
prod:PCO85_12675	md:prod_M00938
prod:PCO85_21695	md:prod_M00970
prod:PCO85_08890	md:prod_M00988
prod:PCO85_13985	md:prod_M00988
prod:PCO85_18190	md:prod_M00988
prod:PCO85_18195	md:prod_M00988
prod:PCO85_06530	md:prod_M00988
prod:PCO85_04645	md:prod_M00988
prod:PCO85_02805	md:prod_M00989
prod:PCO85_02810	md:prod_M00989
prod:PCO85_01255	md:prod_M00989
prod:PCO85_05055	md:prod_M00989
prod:PCO85_15120	md:prod_M00989
prod:PCO85_03455	md:prod_M00989
prod:PCO85_03450	md:prod_M00989
prod:PCO85_03460	md:prod_M00989
prod:PCO85_06730	md:prod_M00989
prod:PCO85_01210	md:prod_M00989
prod:PCO85_22805	md:prod_M00995
prod:PCO85_03355	md:prod_M00995
prod:PCO85_22810	md:prod_M00995
prod:PCO85_01995	md:prod_M00995
prod:PCO85_01320	md:prod_M00995
prod:PCO85_07570	md:prod_M00999
prod:PCO85_07565	md:prod_M00999
prod:PCO85_10975	md:prod_M01000
prod:PCO85_03830	md:prod_M01000
prod:PCO85_03835	md:prod_M01000
prod:PCO85_15530	md:prod_M01000
prod:PCO85_15535	md:prod_M01000
prod:PCO85_03830	md:prod_M01000
prod:PCO85_21645	md:prod_M01014
prod:PCO85_21640	md:prod_M01014
prod:PCO85_03915	md:prod_M01016
prod:PCO85_15550	md:prod_M01016
prod:PCO85_15545	md:prod_M01016
prod:PCO85_03915	md:prod_M01019
prod:PCO85_15550	md:prod_M01019
prod:PCO85_03920	md:prod_M01019
prod:PCO85_03815	md:prod_M01025
prod:PCO85_03810	md:prod_M01025
prod:PCO85_21630	md:prod_M01025
prod:PCO85_21635	md:prod_M01025
