sgy:Sgly_0721	md:sgy_M00001
sgy:Sgly_2219	md:sgy_M00001
sgy:Sgly_2073	md:sgy_M00001
sgy:Sgly_0709	md:sgy_M00001
sgy:Sgly_3294	md:sgy_M00001
sgy:Sgly_3213	md:sgy_M00001
sgy:Sgly_1778	md:sgy_M00001
sgy:Sgly_3214	md:sgy_M00001
sgy:Sgly_3212	md:sgy_M00001
sgy:Sgly_2881	md:sgy_M00001
sgy:Sgly_3211	md:sgy_M00001
sgy:Sgly_1777	md:sgy_M00001
sgy:Sgly_3213	md:sgy_M00002
sgy:Sgly_1778	md:sgy_M00002
sgy:Sgly_3214	md:sgy_M00002
sgy:Sgly_3212	md:sgy_M00002
sgy:Sgly_2881	md:sgy_M00002
sgy:Sgly_3211	md:sgy_M00002
sgy:Sgly_1777	md:sgy_M00002
sgy:Sgly_0195	md:sgy_M00005
sgy:Sgly_2521	md:sgy_M00007
sgy:Sgly_2522	md:sgy_M00007
sgy:Sgly_3251	md:sgy_M00007
sgy:Sgly_3252	md:sgy_M00007
sgy:Sgly_3293	md:sgy_M00007
sgy:Sgly_2332	md:sgy_M00007
sgy:Sgly_3284	md:sgy_M00007
sgy:Sgly_0702	md:sgy_M00010
sgy:Sgly_1737	md:sgy_M00010
sgy:Sgly_1593	md:sgy_M00010
sgy:Sgly_2150	md:sgy_M00015
sgy:Sgly_2149	md:sgy_M00015
sgy:Sgly_2151	md:sgy_M00015
sgy:Sgly_2234	md:sgy_M00017
sgy:Sgly_2235	md:sgy_M00017
sgy:Sgly_2161	md:sgy_M00017
sgy:Sgly_3065	md:sgy_M00017
sgy:Sgly_2784	md:sgy_M00017
sgy:Sgly_2162	md:sgy_M00017
sgy:Sgly_2811	md:sgy_M00017
sgy:Sgly_0957	md:sgy_M00017
sgy:Sgly_2813	md:sgy_M00017
sgy:Sgly_2859	md:sgy_M00017
sgy:Sgly_2860	md:sgy_M00017
sgy:Sgly_2234	md:sgy_M00018
sgy:Sgly_2235	md:sgy_M00018
sgy:Sgly_2161	md:sgy_M00018
sgy:Sgly_2162	md:sgy_M00018
sgy:Sgly_1967	md:sgy_M00018
sgy:Sgly_2549	md:sgy_M00018
sgy:Sgly_2112	md:sgy_M00019
sgy:Sgly_2158	md:sgy_M00019
sgy:Sgly_3092	md:sgy_M00019
sgy:Sgly_2111	md:sgy_M00019
sgy:Sgly_2157	md:sgy_M00019
sgy:Sgly_2156	md:sgy_M00019
sgy:Sgly_2159	md:sgy_M00019
sgy:Sgly_2160	md:sgy_M00019
sgy:Sgly_2284	md:sgy_M00021
sgy:Sgly_2733	md:sgy_M00021
sgy:Sgly_2734	md:sgy_M00021
sgy:Sgly_2742	md:sgy_M00021
sgy:Sgly_2790	md:sgy_M00021
sgy:Sgly_2875	md:sgy_M00023
sgy:Sgly_2874	md:sgy_M00023
sgy:Sgly_2873	md:sgy_M00023
sgy:Sgly_2871	md:sgy_M00023
sgy:Sgly_2872	md:sgy_M00023
sgy:Sgly_2869	md:sgy_M00023
sgy:Sgly_1843	md:sgy_M00023
sgy:Sgly_2870	md:sgy_M00023
sgy:Sgly_0710	md:sgy_M00026
sgy:Sgly_0708	md:sgy_M00026
sgy:Sgly_0717	md:sgy_M00026
sgy:Sgly_0715	md:sgy_M00026
sgy:Sgly_0714	md:sgy_M00026
sgy:Sgly_0716	md:sgy_M00026
sgy:Sgly_0713	md:sgy_M00026
sgy:Sgly_0712	md:sgy_M00026
sgy:Sgly_2795	md:sgy_M00026
sgy:Sgly_0632	md:sgy_M00026
sgy:Sgly_3111	md:sgy_M00026
sgy:Sgly_0712	md:sgy_M00026
sgy:Sgly_2795	md:sgy_M00026
sgy:Sgly_0711	md:sgy_M00026
sgy:Sgly_2196	md:sgy_M00028
sgy:Sgly_0430	md:sgy_M00028
sgy:Sgly_0431	md:sgy_M00028
sgy:Sgly_0429	md:sgy_M00028
sgy:Sgly_0432	md:sgy_M00028
sgy:Sgly_0430	md:sgy_M00028
sgy:Sgly_3344	md:sgy_M00049
sgy:Sgly_2362	md:sgy_M00049
sgy:Sgly_0412	md:sgy_M00049
sgy:Sgly_0212	md:sgy_M00049
sgy:Sgly_2016	md:sgy_M00050
sgy:Sgly_2669	md:sgy_M00050
sgy:Sgly_2929	md:sgy_M00050
sgy:Sgly_0692	md:sgy_M00050
sgy:Sgly_0212	md:sgy_M00050
sgy:Sgly_2266	md:sgy_M00052
sgy:Sgly_0212	md:sgy_M00052
sgy:Sgly_3299	md:sgy_M00052
sgy:Sgly_3031	md:sgy_M00082
sgy:Sgly_3029	md:sgy_M00082
sgy:Sgly_3027	md:sgy_M00082
sgy:Sgly_3028	md:sgy_M00082
sgy:Sgly_3034	md:sgy_M00082
sgy:Sgly_3037	md:sgy_M00082
sgy:Sgly_1158	md:sgy_M00083
sgy:Sgly_3032	md:sgy_M00083
sgy:Sgly_1561	md:sgy_M00083
sgy:Sgly_2557	md:sgy_M00083
sgy:Sgly_3033	md:sgy_M00083
sgy:Sgly_3030	md:sgy_M00083
sgy:Sgly_3035	md:sgy_M00083
sgy:Sgly_0829	md:sgy_M00091
sgy:Sgly_2262	md:sgy_M00093
sgy:Sgly_2094	md:sgy_M00093
sgy:Sgly_2934	md:sgy_M00093
sgy:Sgly_0222	md:sgy_M00115
sgy:Sgly_0221	md:sgy_M00115
sgy:Sgly_0223	md:sgy_M00115
sgy:Sgly_2456	md:sgy_M00115
sgy:Sgly_2864	md:sgy_M00115
sgy:Sgly_2160	md:sgy_M00119
sgy:Sgly_2069	md:sgy_M00119
sgy:Sgly_1634	md:sgy_M00119
sgy:Sgly_0220	md:sgy_M00119
sgy:Sgly_0219	md:sgy_M00119
sgy:Sgly_0224	md:sgy_M00120
sgy:Sgly_0694	md:sgy_M00120
sgy:Sgly_1744	md:sgy_M00120
sgy:Sgly_2164	md:sgy_M00120
sgy:Sgly_3177	md:sgy_M00133
sgy:Sgly_0971	md:sgy_M00133
sgy:Sgly_3225	md:sgy_M00133
sgy:Sgly_3176	md:sgy_M00133
sgy:Sgly_3283	md:sgy_M00140
sgy:Sgly_1892	md:sgy_M00140
sgy:Sgly_1891	md:sgy_M00140
sgy:Sgly_0215	md:sgy_M00140
sgy:Sgly_3273	md:sgy_M00157
sgy:Sgly_3271	md:sgy_M00157
sgy:Sgly_3274	md:sgy_M00157
sgy:Sgly_3270	md:sgy_M00157
sgy:Sgly_3272	md:sgy_M00157
sgy:Sgly_3277	md:sgy_M00157
sgy:Sgly_3275	md:sgy_M00157
sgy:Sgly_3276	md:sgy_M00157
sgy:Sgly_2804	md:sgy_M00175
sgy:Sgly_2841	md:sgy_M00175
sgy:Sgly_2853	md:sgy_M00175
sgy:Sgly_0993	md:sgy_M00175
sgy:Sgly_0995	md:sgy_M00175
sgy:Sgly_1436	md:sgy_M00175
sgy:Sgly_2743	md:sgy_M00175
sgy:Sgly_2772	md:sgy_M00175
sgy:Sgly_2775	md:sgy_M00175
sgy:Sgly_2778	md:sgy_M00175
sgy:Sgly_2787	md:sgy_M00175
sgy:Sgly_2793	md:sgy_M00175
sgy:Sgly_2840	md:sgy_M00175
sgy:Sgly_2850	md:sgy_M00175
sgy:Sgly_0994	md:sgy_M00175
sgy:Sgly_0996	md:sgy_M00175
sgy:Sgly_1437	md:sgy_M00175
sgy:Sgly_2744	md:sgy_M00175
sgy:Sgly_2773	md:sgy_M00175
sgy:Sgly_2776	md:sgy_M00175
sgy:Sgly_2777	md:sgy_M00175
sgy:Sgly_2786	md:sgy_M00175
sgy:Sgly_2792	md:sgy_M00175
sgy:Sgly_2839	md:sgy_M00175
sgy:Sgly_2848	md:sgy_M00175
sgy:Sgly_2849	md:sgy_M00175
sgy:Sgly_0165	md:sgy_M00307
sgy:Sgly_2155	md:sgy_M00432
sgy:Sgly_2170	md:sgy_M00432
sgy:Sgly_2475	md:sgy_M00432
sgy:Sgly_2832	md:sgy_M00432
sgy:Sgly_2154	md:sgy_M00432
sgy:Sgly_2153	md:sgy_M00432
sgy:Sgly_2152	md:sgy_M00432
sgy:Sgly_2234	md:sgy_M00527
sgy:Sgly_2235	md:sgy_M00527
sgy:Sgly_2233	md:sgy_M00527
sgy:Sgly_2238	md:sgy_M00527
sgy:Sgly_2203	md:sgy_M00527
sgy:Sgly_2396	md:sgy_M00527
sgy:Sgly_0689	md:sgy_M00527
sgy:Sgly_1852	md:sgy_M00527
sgy:Sgly_0721	md:sgy_M00549
sgy:Sgly_2218	md:sgy_M00549
sgy:Sgly_0866	md:sgy_M00549
sgy:Sgly_0271	md:sgy_M00549
sgy:Sgly_3021	md:sgy_M00549
sgy:Sgly_0443	md:sgy_M00844
sgy:Sgly_0444	md:sgy_M00844
sgy:Sgly_0449	md:sgy_M00844
sgy:Sgly_1409	md:sgy_M00847
sgy:Sgly_1407	md:sgy_M00847
sgy:Sgly_1408	md:sgy_M00847
sgy:Sgly_1325	md:sgy_M00899
sgy:Sgly_2387	md:sgy_M00899
sgy:Sgly_2385	md:sgy_M00899
sgy:Sgly_1655	md:sgy_M00899
sgy:Sgly_2388	md:sgy_M00899
sgy:Sgly_0487	md:sgy_M00909
sgy:Sgly_0486	md:sgy_M00909
sgy:Sgly_0194	md:sgy_M00909
sgy:Sgly_0007	md:sgy_M00916
sgy:Sgly_2732	md:sgy_M00916
sgy:Sgly_0008	md:sgy_M00916
sgy:Sgly_3112	md:sgy_M00924
sgy:Sgly_0516	md:sgy_M00924
sgy:Sgly_1337	md:sgy_M00924
sgy:Sgly_2893	md:sgy_M00924
sgy:Sgly_2890	md:sgy_M00924
sgy:Sgly_2892	md:sgy_M00924
sgy:Sgly_2891	md:sgy_M00924
sgy:Sgly_2894	md:sgy_M00924
sgy:Sgly_2889	md:sgy_M00924
sgy:Sgly_1779	md:sgy_M00924
sgy:Sgly_2885	md:sgy_M00924
sgy:Sgly_2879	md:sgy_M00924
sgy:Sgly_2884	md:sgy_M00924
sgy:Sgly_2065	md:sgy_M00988
sgy:Sgly_3109	md:sgy_M00988
sgy:Sgly_3108	md:sgy_M00988
sgy:Sgly_3110	md:sgy_M00988
sgy:Sgly_2830	md:sgy_M00988
sgy:Sgly_0487	md:sgy_M00995
sgy:Sgly_0486	md:sgy_M00995
sgy:Sgly_0194	md:sgy_M00995
sgy:Sgly_0650	md:sgy_M00995
sgy:Sgly_3268	md:sgy_M00995
sgy:Sgly_0649	md:sgy_M00995
sgy:Sgly_1597	md:sgy_M01001
