tap:GZ22_09170	md:tap_M00001
tap:GZ22_17465	md:tap_M00001
tap:GZ22_10815	md:tap_M00001
tap:GZ22_16205	md:tap_M00001
tap:GZ22_13450	md:tap_M00001
tap:GZ22_15175	md:tap_M00001
tap:GZ22_16830	md:tap_M00001
tap:GZ22_16820	md:tap_M00001
tap:GZ22_10750	md:tap_M00001
tap:GZ22_16825	md:tap_M00001
tap:GZ22_04160	md:tap_M00001
tap:GZ22_08020	md:tap_M00001
tap:GZ22_14680	md:tap_M00001
tap:GZ22_16835	md:tap_M00001
tap:GZ22_16840	md:tap_M00001
tap:GZ22_10810	md:tap_M00001
tap:GZ22_16830	md:tap_M00002
tap:GZ22_16820	md:tap_M00002
tap:GZ22_10750	md:tap_M00002
tap:GZ22_16825	md:tap_M00002
tap:GZ22_04160	md:tap_M00002
tap:GZ22_08020	md:tap_M00002
tap:GZ22_14680	md:tap_M00002
tap:GZ22_16835	md:tap_M00002
tap:GZ22_16840	md:tap_M00002
tap:GZ22_10810	md:tap_M00002
tap:GZ22_17565	md:tap_M00003
tap:GZ22_16840	md:tap_M00003
tap:GZ22_04160	md:tap_M00003
tap:GZ22_08020	md:tap_M00003
tap:GZ22_14680	md:tap_M00003
tap:GZ22_16835	md:tap_M00003
tap:GZ22_16825	md:tap_M00003
tap:GZ22_16820	md:tap_M00003
tap:GZ22_10750	md:tap_M00003
tap:GZ22_16830	md:tap_M00003
tap:GZ22_13450	md:tap_M00003
tap:GZ22_15175	md:tap_M00003
tap:GZ22_02405	md:tap_M00003
tap:GZ22_11375	md:tap_M00005
tap:GZ22_02480	md:tap_M00007
tap:GZ22_02485	md:tap_M00007
tap:GZ22_07380	md:tap_M00007
tap:GZ22_15180	md:tap_M00007
tap:GZ22_06635	md:tap_M00007
tap:GZ22_15245	md:tap_M00007
tap:GZ22_10790	md:tap_M00009
tap:GZ22_07450	md:tap_M00009
tap:GZ22_10785	md:tap_M00009
tap:GZ22_04535	md:tap_M00009
tap:GZ22_04540	md:tap_M00009
tap:GZ22_06180	md:tap_M00009
tap:GZ22_08810	md:tap_M00009
tap:GZ22_06795	md:tap_M00009
tap:GZ22_06790	md:tap_M00009
tap:GZ22_10555	md:tap_M00009
tap:GZ22_10550	md:tap_M00009
tap:GZ22_10560	md:tap_M00009
tap:GZ22_03260	md:tap_M00009
tap:GZ22_04750	md:tap_M00009
tap:GZ22_10780	md:tap_M00009
tap:GZ22_10790	md:tap_M00010
tap:GZ22_07450	md:tap_M00010
tap:GZ22_10785	md:tap_M00010
tap:GZ22_04535	md:tap_M00011
tap:GZ22_04540	md:tap_M00011
tap:GZ22_06180	md:tap_M00011
tap:GZ22_08810	md:tap_M00011
tap:GZ22_06795	md:tap_M00011
tap:GZ22_06790	md:tap_M00011
tap:GZ22_10555	md:tap_M00011
tap:GZ22_10550	md:tap_M00011
tap:GZ22_10560	md:tap_M00011
tap:GZ22_03260	md:tap_M00011
tap:GZ22_04750	md:tap_M00011
tap:GZ22_10780	md:tap_M00011
tap:GZ22_07835	md:tap_M00015
tap:GZ22_12080	md:tap_M00015
tap:GZ22_12085	md:tap_M00015
tap:GZ22_11645	md:tap_M00015
tap:GZ22_12075	md:tap_M00015
tap:GZ22_07130	md:tap_M00018
tap:GZ22_08835	md:tap_M00018
tap:GZ22_07125	md:tap_M00018
tap:GZ22_17335	md:tap_M00018
tap:GZ22_17345	md:tap_M00018
tap:GZ22_17340	md:tap_M00018
tap:GZ22_05950	md:tap_M00019
tap:GZ22_06540	md:tap_M00019
tap:GZ22_16700	md:tap_M00019
tap:GZ22_05945	md:tap_M00019
tap:GZ22_05940	md:tap_M00019
tap:GZ22_05955	md:tap_M00019
tap:GZ22_07830	md:tap_M00019
tap:GZ22_17685	md:tap_M00021
tap:GZ22_11215	md:tap_M00021
tap:GZ22_11035	md:tap_M00022
tap:GZ22_14985	md:tap_M00022
tap:GZ22_08385	md:tap_M00022
tap:GZ22_10365	md:tap_M00022
tap:GZ22_09050	md:tap_M00022
tap:GZ22_09580	md:tap_M00022
tap:GZ22_01045	md:tap_M00022
tap:GZ22_08365	md:tap_M00022
tap:GZ22_08390	md:tap_M00022
tap:GZ22_14780	md:tap_M00023
tap:GZ22_14785	md:tap_M00023
tap:GZ22_14790	md:tap_M00023
tap:GZ22_14800	md:tap_M00023
tap:GZ22_14795	md:tap_M00023
tap:GZ22_14810	md:tap_M00023
tap:GZ22_14805	md:tap_M00023
tap:GZ22_07730	md:tap_M00026
tap:GZ22_07725	md:tap_M00026
tap:GZ22_07755	md:tap_M00026
tap:GZ22_14015	md:tap_M00026
tap:GZ22_07745	md:tap_M00026
tap:GZ22_07750	md:tap_M00026
tap:GZ22_07740	md:tap_M00026
tap:GZ22_08375	md:tap_M00026
tap:GZ22_00955	md:tap_M00026
tap:GZ22_07720	md:tap_M00026
tap:GZ22_11860	md:tap_M00026
tap:GZ22_14540	md:tap_M00026
tap:GZ22_08375	md:tap_M00026
tap:GZ22_07735	md:tap_M00026
tap:GZ22_14565	md:tap_M00028
tap:GZ22_14570	md:tap_M00028
tap:GZ22_14560	md:tap_M00028
tap:GZ22_14575	md:tap_M00028
tap:GZ22_14565	md:tap_M00028
tap:GZ22_11890	md:tap_M00049
tap:GZ22_03035	md:tap_M00049
tap:GZ22_17900	md:tap_M00049
tap:GZ22_08410	md:tap_M00049
tap:GZ22_11695	md:tap_M00050
tap:GZ22_02990	md:tap_M00050
tap:GZ22_06590	md:tap_M00050
tap:GZ22_08410	md:tap_M00050
tap:GZ22_07000	md:tap_M00052
tap:GZ22_08410	md:tap_M00052
tap:GZ22_15165	md:tap_M00052
tap:GZ22_01665	md:tap_M00053
tap:GZ22_12655	md:tap_M00053
tap:GZ22_08410	md:tap_M00053
tap:GZ22_08985	md:tap_M00082
tap:GZ22_08980	md:tap_M00082
tap:GZ22_10820	md:tap_M00082
tap:GZ22_10825	md:tap_M00082
tap:GZ22_06690	md:tap_M00082
tap:GZ22_17100	md:tap_M00082
tap:GZ22_05100	md:tap_M00083
tap:GZ22_10740	md:tap_M00083
tap:GZ22_06695	md:tap_M00083
tap:GZ22_07185	md:tap_M00083
tap:GZ22_07845	md:tap_M00083
tap:GZ22_15420	md:tap_M00083
tap:GZ22_00885	md:tap_M00083
tap:GZ22_08945	md:tap_M00096
tap:GZ22_07025	md:tap_M00096
tap:GZ22_17665	md:tap_M00096
tap:GZ22_11395	md:tap_M00096
tap:GZ22_17670	md:tap_M00096
tap:GZ22_09310	md:tap_M00096
tap:GZ22_09335	md:tap_M00096
tap:GZ22_08180	md:tap_M00096
tap:GZ22_07830	md:tap_M00119
tap:GZ22_08295	md:tap_M00119
tap:GZ22_06335	md:tap_M00119
tap:GZ22_08285	md:tap_M00119
tap:GZ22_08290	md:tap_M00119
tap:GZ22_01200	md:tap_M00120
tap:GZ22_06600	md:tap_M00120
tap:GZ22_06300	md:tap_M00120
tap:GZ22_10755	md:tap_M00120
tap:GZ22_07480	md:tap_M00126
tap:GZ22_13520	md:tap_M00126
tap:GZ22_11205	md:tap_M00126
tap:GZ22_11200	md:tap_M00126
tap:GZ22_11210	md:tap_M00126
tap:GZ22_11205	md:tap_M00126
tap:GZ22_09965	md:tap_M00126
tap:GZ22_08105	md:tap_M00126
tap:GZ22_15300	md:tap_M00157
tap:GZ22_15310	md:tap_M00157
tap:GZ22_15295	md:tap_M00157
tap:GZ22_15315	md:tap_M00157
tap:GZ22_15305	md:tap_M00157
tap:GZ22_15280	md:tap_M00157
tap:GZ22_15290	md:tap_M00157
tap:GZ22_15285	md:tap_M00157
tap:GZ22_06165	md:tap_M00307
tap:GZ22_06170	md:tap_M00307
tap:GZ22_06175	md:tap_M00307
tap:GZ22_06180	md:tap_M00307
tap:GZ22_08810	md:tap_M00307
tap:GZ22_08180	md:tap_M00364
tap:GZ22_08950	md:tap_M00364
tap:GZ22_05935	md:tap_M00432
tap:GZ22_05925	md:tap_M00432
tap:GZ22_05920	md:tap_M00432
tap:GZ22_05930	md:tap_M00432
tap:GZ22_07130	md:tap_M00525
tap:GZ22_08835	md:tap_M00525
tap:GZ22_07125	md:tap_M00525
tap:GZ22_00040	md:tap_M00525
tap:GZ22_07135	md:tap_M00525
tap:GZ22_08320	md:tap_M00525
tap:GZ22_06075	md:tap_M00525
tap:GZ22_06040	md:tap_M00525
tap:GZ22_06080	md:tap_M00525
tap:GZ22_17365	md:tap_M00525
tap:GZ22_08630	md:tap_M00525
tap:GZ22_09170	md:tap_M00549
tap:GZ22_15000	md:tap_M00549
tap:GZ22_15695	md:tap_M00549
tap:GZ22_13800	md:tap_M00554
tap:GZ22_13795	md:tap_M00554
tap:GZ22_05915	md:tap_M00570
tap:GZ22_05950	md:tap_M00570
tap:GZ22_06540	md:tap_M00570
tap:GZ22_16700	md:tap_M00570
tap:GZ22_05945	md:tap_M00570
tap:GZ22_05940	md:tap_M00570
tap:GZ22_05955	md:tap_M00570
tap:GZ22_07830	md:tap_M00570
tap:GZ22_15090	md:tap_M00579
tap:GZ22_10875	md:tap_M00579
tap:GZ22_17570	md:tap_M00609
tap:GZ22_04615	md:tap_M00609
tap:GZ22_09645	md:tap_M00609
tap:GZ22_04620	md:tap_M00609
tap:GZ22_04625	md:tap_M00609
tap:GZ22_04630	md:tap_M00609
tap:GZ22_09090	md:tap_M00621
tap:GZ22_09085	md:tap_M00621
tap:GZ22_09095	md:tap_M00621
tap:GZ22_06180	md:tap_M00621
tap:GZ22_08810	md:tap_M00621
tap:GZ22_13790	md:tap_M00632
tap:GZ22_13800	md:tap_M00632
tap:GZ22_13795	md:tap_M00632
tap:GZ22_13995	md:tap_M00632
tap:GZ22_15635	md:tap_M00632
tap:GZ22_01550	md:tap_M00844
tap:GZ22_01530	md:tap_M00844
tap:GZ22_01535	md:tap_M00844
tap:GZ22_01415	md:tap_M00899
tap:GZ22_01410	md:tap_M00899
tap:GZ22_01425	md:tap_M00899
tap:GZ22_00190	md:tap_M00909
tap:GZ22_00185	md:tap_M00909
tap:GZ22_11380	md:tap_M00909
tap:GZ22_04250	md:tap_M00916
tap:GZ22_04255	md:tap_M00916
tap:GZ22_15890	md:tap_M00970
tap:GZ22_15895	md:tap_M00970
tap:GZ22_02870	md:tap_M00972
tap:GZ22_11645	md:tap_M00972
tap:GZ22_12075	md:tap_M00972
tap:GZ22_15890	md:tap_M00972
tap:GZ22_07480	md:tap_M00988
tap:GZ22_01520	md:tap_M00988
tap:GZ22_01525	md:tap_M00988
tap:GZ22_01515	md:tap_M00988
tap:GZ22_14590	md:tap_M00988
tap:GZ22_00190	md:tap_M00995
tap:GZ22_00185	md:tap_M00995
tap:GZ22_11380	md:tap_M00995
tap:GZ22_04450	md:tap_M00995
tap:GZ22_15185	md:tap_M00995
tap:GZ22_16965	md:tap_M00995
