tgr:Tgr7_2721	md:tgr_M00001
tgr:Tgr7_0871	md:tgr_M00001
tgr:Tgr7_0282	md:tgr_M00001
tgr:Tgr7_0355	md:tgr_M00001
tgr:Tgr7_2889	md:tgr_M00001
tgr:Tgr7_0984	md:tgr_M00001
tgr:Tgr7_2892	md:tgr_M00001
tgr:Tgr7_2891	md:tgr_M00001
tgr:Tgr7_0222	md:tgr_M00001
tgr:Tgr7_1184	md:tgr_M00001
tgr:Tgr7_2890	md:tgr_M00001
tgr:Tgr7_3178	md:tgr_M00001
tgr:Tgr7_0984	md:tgr_M00002
tgr:Tgr7_2892	md:tgr_M00002
tgr:Tgr7_2891	md:tgr_M00002
tgr:Tgr7_0222	md:tgr_M00002
tgr:Tgr7_1184	md:tgr_M00002
tgr:Tgr7_2890	md:tgr_M00002
tgr:Tgr7_3178	md:tgr_M00002
tgr:Tgr7_0872	md:tgr_M00004
tgr:Tgr7_2720	md:tgr_M00004
tgr:Tgr7_0873	md:tgr_M00004
tgr:Tgr7_2879	md:tgr_M00004
tgr:Tgr7_2775	md:tgr_M00004
tgr:Tgr7_2893	md:tgr_M00004
tgr:Tgr7_2719	md:tgr_M00004
tgr:Tgr7_0871	md:tgr_M00004
tgr:Tgr7_0527	md:tgr_M00005
tgr:Tgr7_0872	md:tgr_M00006
tgr:Tgr7_2720	md:tgr_M00006
tgr:Tgr7_0873	md:tgr_M00006
tgr:Tgr7_2893	md:tgr_M00007
tgr:Tgr7_2719	md:tgr_M00007
tgr:Tgr7_2879	md:tgr_M00007
tgr:Tgr7_2775	md:tgr_M00007
tgr:Tgr7_1301	md:tgr_M00009
tgr:Tgr7_1508	md:tgr_M00009
tgr:Tgr7_1844	md:tgr_M00009
tgr:Tgr7_1840	md:tgr_M00009
tgr:Tgr7_0079	md:tgr_M00009
tgr:Tgr7_0078	md:tgr_M00009
tgr:Tgr7_0145	md:tgr_M00009
tgr:Tgr7_2256	md:tgr_M00009
tgr:Tgr7_2454	md:tgr_M00009
tgr:Tgr7_0810	md:tgr_M00009
tgr:Tgr7_0808	md:tgr_M00009
tgr:Tgr7_1467	md:tgr_M00009
tgr:Tgr7_1481	md:tgr_M00009
tgr:Tgr7_1465	md:tgr_M00009
tgr:Tgr7_1466	md:tgr_M00009
tgr:Tgr7_1848	md:tgr_M00009
tgr:Tgr7_2971	md:tgr_M00009
tgr:Tgr7_1301	md:tgr_M00010
tgr:Tgr7_1508	md:tgr_M00010
tgr:Tgr7_1844	md:tgr_M00010
tgr:Tgr7_1840	md:tgr_M00010
tgr:Tgr7_0079	md:tgr_M00011
tgr:Tgr7_0078	md:tgr_M00011
tgr:Tgr7_0145	md:tgr_M00011
tgr:Tgr7_2256	md:tgr_M00011
tgr:Tgr7_2454	md:tgr_M00011
tgr:Tgr7_0810	md:tgr_M00011
tgr:Tgr7_0808	md:tgr_M00011
tgr:Tgr7_1467	md:tgr_M00011
tgr:Tgr7_1481	md:tgr_M00011
tgr:Tgr7_1465	md:tgr_M00011
tgr:Tgr7_1466	md:tgr_M00011
tgr:Tgr7_1848	md:tgr_M00011
tgr:Tgr7_2971	md:tgr_M00011
tgr:Tgr7_1301	md:tgr_M00012
tgr:Tgr7_1508	md:tgr_M00012
tgr:Tgr7_1844	md:tgr_M00012
tgr:Tgr7_2552	md:tgr_M00012
tgr:Tgr7_2550	md:tgr_M00012
tgr:Tgr7_2971	md:tgr_M00012
tgr:Tgr7_3209	md:tgr_M00015
tgr:Tgr7_2276	md:tgr_M00015
tgr:Tgr7_2920	md:tgr_M00015
tgr:Tgr7_1290	md:tgr_M00016
tgr:Tgr7_1248	md:tgr_M00016
tgr:Tgr7_0827	md:tgr_M00016
tgr:Tgr7_0974	md:tgr_M00016
tgr:Tgr7_1152	md:tgr_M00016
tgr:Tgr7_2464	md:tgr_M00016
tgr:Tgr7_1153	md:tgr_M00016
tgr:Tgr7_1150	md:tgr_M00016
tgr:Tgr7_0045	md:tgr_M00016
tgr:Tgr7_0041	md:tgr_M00016
tgr:Tgr7_1290	md:tgr_M00018
tgr:Tgr7_1248	md:tgr_M00018
tgr:Tgr7_1439	md:tgr_M00018
tgr:Tgr7_0084	md:tgr_M00018
tgr:Tgr7_1440	md:tgr_M00018
tgr:Tgr7_2158	md:tgr_M00019
tgr:Tgr7_2157	md:tgr_M00019
tgr:Tgr7_2156	md:tgr_M00019
tgr:Tgr7_0578	md:tgr_M00019
tgr:Tgr7_0464	md:tgr_M00019
tgr:Tgr7_0744	md:tgr_M00022
tgr:Tgr7_3030	md:tgr_M00022
tgr:Tgr7_0370	md:tgr_M00022
tgr:Tgr7_0119	md:tgr_M00022
tgr:Tgr7_3029	md:tgr_M00022
tgr:Tgr7_1541	md:tgr_M00022
tgr:Tgr7_1241	md:tgr_M00022
tgr:Tgr7_2877	md:tgr_M00023
tgr:Tgr7_2801	md:tgr_M00023
tgr:Tgr7_2799	md:tgr_M00023
tgr:Tgr7_1252	md:tgr_M00023
tgr:Tgr7_2798	md:tgr_M00023
tgr:Tgr7_1254	md:tgr_M00023
tgr:Tgr7_1253	md:tgr_M00023
tgr:Tgr7_1594	md:tgr_M00023
tgr:Tgr7_0743	md:tgr_M00026
tgr:Tgr7_0902	md:tgr_M00026
tgr:Tgr7_0218	md:tgr_M00026
tgr:Tgr7_0217	md:tgr_M00026
tgr:Tgr7_0215	md:tgr_M00026
tgr:Tgr7_0214	md:tgr_M00026
tgr:Tgr7_0216	md:tgr_M00026
tgr:Tgr7_0213	md:tgr_M00026
tgr:Tgr7_0746	md:tgr_M00026
tgr:Tgr7_1539	md:tgr_M00026
tgr:Tgr7_0647	md:tgr_M00026
tgr:Tgr7_2416	md:tgr_M00026
tgr:Tgr7_0746	md:tgr_M00026
tgr:Tgr7_1539	md:tgr_M00026
tgr:Tgr7_0745	md:tgr_M00026
tgr:Tgr7_0572	md:tgr_M00028
tgr:Tgr7_0780	md:tgr_M00028
tgr:Tgr7_0104	md:tgr_M00028
tgr:Tgr7_2411	md:tgr_M00028
tgr:Tgr7_2464	md:tgr_M00028
tgr:Tgr7_0573	md:tgr_M00028
tgr:Tgr7_0780	md:tgr_M00028
tgr:Tgr7_1259	md:tgr_M00048
tgr:Tgr7_0360	md:tgr_M00048
tgr:Tgr7_2254	md:tgr_M00048
tgr:Tgr7_3291	md:tgr_M00048
tgr:Tgr7_1501	md:tgr_M00048
tgr:Tgr7_2253	md:tgr_M00048
tgr:Tgr7_2884	md:tgr_M00048
tgr:Tgr7_2885	md:tgr_M00048
tgr:Tgr7_2886	md:tgr_M00048
tgr:Tgr7_1849	md:tgr_M00048
tgr:Tgr7_0361	md:tgr_M00048
tgr:Tgr7_0903	md:tgr_M00049
tgr:Tgr7_1849	md:tgr_M00049
tgr:Tgr7_0354	md:tgr_M00049
tgr:Tgr7_2713	md:tgr_M00049
tgr:Tgr7_2052	md:tgr_M00049
tgr:Tgr7_1035	md:tgr_M00050
tgr:Tgr7_1036	md:tgr_M00050
tgr:Tgr7_3187	md:tgr_M00050
tgr:Tgr7_2052	md:tgr_M00050
tgr:Tgr7_1161	md:tgr_M00052
tgr:Tgr7_2052	md:tgr_M00052
tgr:Tgr7_1182	md:tgr_M00052
tgr:Tgr7_2615	md:tgr_M00053
tgr:Tgr7_2673	md:tgr_M00053
tgr:Tgr7_2614	md:tgr_M00053
tgr:Tgr7_2052	md:tgr_M00053
tgr:Tgr7_0731	md:tgr_M00063
tgr:Tgr7_1183	md:tgr_M00063
tgr:Tgr7_0730	md:tgr_M00063
tgr:Tgr7_1375	md:tgr_M00063
tgr:Tgr7_0369	md:tgr_M00082
tgr:Tgr7_0368	md:tgr_M00082
tgr:Tgr7_1177	md:tgr_M00082
tgr:Tgr7_1255	md:tgr_M00082
tgr:Tgr7_1836	md:tgr_M00082
tgr:Tgr7_1911	md:tgr_M00082
tgr:Tgr7_1833	md:tgr_M00083
tgr:Tgr7_0904	md:tgr_M00083
tgr:Tgr7_1835	md:tgr_M00083
tgr:Tgr7_1170	md:tgr_M00083
tgr:Tgr7_2538	md:tgr_M00083
tgr:Tgr7_0946	md:tgr_M00083
tgr:Tgr7_3057	md:tgr_M00086
tgr:Tgr7_1164	md:tgr_M00093
tgr:Tgr7_2154	md:tgr_M00093
tgr:Tgr7_1234	md:tgr_M00093
tgr:Tgr7_2155	md:tgr_M00093
tgr:Tgr7_1082	md:tgr_M00115
tgr:Tgr7_3071	md:tgr_M00115
tgr:Tgr7_0798	md:tgr_M00115
tgr:Tgr7_2275	md:tgr_M00115
tgr:Tgr7_2382	md:tgr_M00115
tgr:Tgr7_0811	md:tgr_M00115
tgr:Tgr7_0320	md:tgr_M00117
tgr:Tgr7_0128	md:tgr_M00117
tgr:Tgr7_0008	md:tgr_M00117
tgr:Tgr7_2428	md:tgr_M00117
tgr:Tgr7_2762	md:tgr_M00117
tgr:Tgr7_1530	md:tgr_M00117
tgr:Tgr7_1603	md:tgr_M00117
tgr:Tgr7_2763	md:tgr_M00117
tgr:Tgr7_0059	md:tgr_M00117
tgr:Tgr7_2793	md:tgr_M00117
tgr:Tgr7_0696	md:tgr_M00118
tgr:Tgr7_2905	md:tgr_M00118
tgr:Tgr7_2402	md:tgr_M00120
tgr:Tgr7_0102	md:tgr_M00120
tgr:Tgr7_0298	md:tgr_M00120
tgr:Tgr7_0784	md:tgr_M00120
tgr:Tgr7_1579	md:tgr_M00121
tgr:Tgr7_0523	md:tgr_M00121
tgr:Tgr7_2421	md:tgr_M00121
tgr:Tgr7_0118	md:tgr_M00121
tgr:Tgr7_0029	md:tgr_M00121
tgr:Tgr7_0028	md:tgr_M00121
tgr:Tgr7_3020	md:tgr_M00121
tgr:Tgr7_0116	md:tgr_M00121
tgr:Tgr7_1237	md:tgr_M00121
tgr:Tgr7_2413	md:tgr_M00121
tgr:Tgr7_0266	md:tgr_M00121
tgr:Tgr7_0133	md:tgr_M00123
tgr:Tgr7_1722	md:tgr_M00123
tgr:Tgr7_2887	md:tgr_M00123
tgr:Tgr7_0131	md:tgr_M00123
tgr:Tgr7_1561	md:tgr_M00125
tgr:Tgr7_1559	md:tgr_M00125
tgr:Tgr7_1991	md:tgr_M00125
tgr:Tgr7_1561	md:tgr_M00125
tgr:Tgr7_1562	md:tgr_M00125
tgr:Tgr7_1560	md:tgr_M00125
tgr:Tgr7_3215	md:tgr_M00125
tgr:Tgr7_1393	md:tgr_M00126
tgr:Tgr7_0830	md:tgr_M00126
tgr:Tgr7_2239	md:tgr_M00126
tgr:Tgr7_0326	md:tgr_M00126
tgr:Tgr7_0327	md:tgr_M00126
tgr:Tgr7_0881	md:tgr_M00126
tgr:Tgr7_0982	md:tgr_M00126
tgr:Tgr7_0326	md:tgr_M00126
tgr:Tgr7_1256	md:tgr_M00126
tgr:Tgr7_2748	md:tgr_M00126
tgr:Tgr7_0986	md:tgr_M00144
tgr:Tgr7_0987	md:tgr_M00144
tgr:Tgr7_0988	md:tgr_M00144
tgr:Tgr7_0989	md:tgr_M00144
tgr:Tgr7_0987	md:tgr_M00144
tgr:Tgr7_0990	md:tgr_M00144
tgr:Tgr7_0991	md:tgr_M00144
tgr:Tgr7_0992	md:tgr_M00144
tgr:Tgr7_0993	md:tgr_M00144
tgr:Tgr7_0994	md:tgr_M00144
tgr:Tgr7_0995	md:tgr_M00144
tgr:Tgr7_0996	md:tgr_M00144
tgr:Tgr7_0997	md:tgr_M00144
tgr:Tgr7_0998	md:tgr_M00144
tgr:Tgr7_0999	md:tgr_M00144
tgr:Tgr7_1465	md:tgr_M00149
tgr:Tgr7_1466	md:tgr_M00149
tgr:Tgr7_1467	md:tgr_M00149
tgr:Tgr7_1481	md:tgr_M00149
tgr:Tgr7_0750	md:tgr_M00151
tgr:Tgr7_0751	md:tgr_M00151
tgr:Tgr7_0749	md:tgr_M00151
tgr:Tgr7_1198	md:tgr_M00151
tgr:Tgr7_3011	md:tgr_M00155
tgr:Tgr7_3002	md:tgr_M00155
tgr:Tgr7_3010	md:tgr_M00155
tgr:Tgr7_3007	md:tgr_M00155
tgr:Tgr7_0631	md:tgr_M00156
tgr:Tgr7_3000	md:tgr_M00156
tgr:Tgr7_0632	md:tgr_M00156
tgr:Tgr7_2999	md:tgr_M00156
tgr:Tgr7_0633	md:tgr_M00156
tgr:Tgr7_0634	md:tgr_M00156
tgr:Tgr7_2997	md:tgr_M00156
tgr:Tgr7_3307	md:tgr_M00157
tgr:Tgr7_3305	md:tgr_M00157
tgr:Tgr7_3308	md:tgr_M00157
tgr:Tgr7_3304	md:tgr_M00157
tgr:Tgr7_3306	md:tgr_M00157
tgr:Tgr7_3311	md:tgr_M00157
tgr:Tgr7_3309	md:tgr_M00157
tgr:Tgr7_3310	md:tgr_M00157
tgr:Tgr7_0875	md:tgr_M00168
tgr:Tgr7_2971	md:tgr_M00168
tgr:Tgr7_2456	md:tgr_M00307
tgr:Tgr7_2455	md:tgr_M00307
tgr:Tgr7_0145	md:tgr_M00307
tgr:Tgr7_2256	md:tgr_M00307
tgr:Tgr7_2454	md:tgr_M00307
tgr:Tgr7_2153	md:tgr_M00432
tgr:Tgr7_1245	md:tgr_M00432
tgr:Tgr7_1246	md:tgr_M00432
tgr:Tgr7_1247	md:tgr_M00432
tgr:Tgr7_1290	md:tgr_M00526
tgr:Tgr7_1248	md:tgr_M00526
tgr:Tgr7_0827	md:tgr_M00526
tgr:Tgr7_0974	md:tgr_M00526
tgr:Tgr7_1592	md:tgr_M00526
tgr:Tgr7_0041	md:tgr_M00526
tgr:Tgr7_2721	md:tgr_M00549
tgr:Tgr7_1484	md:tgr_M00549
tgr:Tgr7_1549	md:tgr_M00549
tgr:Tgr7_2774	md:tgr_M00570
tgr:Tgr7_2158	md:tgr_M00570
tgr:Tgr7_2157	md:tgr_M00570
tgr:Tgr7_2156	md:tgr_M00570
tgr:Tgr7_0578	md:tgr_M00570
tgr:Tgr7_0464	md:tgr_M00570
tgr:Tgr7_3013	md:tgr_M00572
tgr:Tgr7_1833	md:tgr_M00572
tgr:Tgr7_0904	md:tgr_M00572
tgr:Tgr7_1835	md:tgr_M00572
tgr:Tgr7_1170	md:tgr_M00572
tgr:Tgr7_0946	md:tgr_M00572
tgr:Tgr7_3014	md:tgr_M00572
tgr:Tgr7_0313	md:tgr_M00595
tgr:Tgr7_0853	md:tgr_M00595
tgr:Tgr7_0855	md:tgr_M00595
tgr:Tgr7_0857	md:tgr_M00595
tgr:Tgr7_0314	md:tgr_M00595
tgr:Tgr7_0854	md:tgr_M00595
tgr:Tgr7_0856	md:tgr_M00595
tgr:Tgr7_0858	md:tgr_M00595
tgr:Tgr7_2223	md:tgr_M00595
tgr:Tgr7_0037	md:tgr_M00595
tgr:Tgr7_2221	md:tgr_M00595
tgr:Tgr7_0036	md:tgr_M00595
tgr:Tgr7_2222	md:tgr_M00595
tgr:Tgr7_0353	md:tgr_M00596
tgr:Tgr7_0350	md:tgr_M00596
tgr:Tgr7_0351	md:tgr_M00596
tgr:Tgr7_2185	md:tgr_M00596
tgr:Tgr7_2186	md:tgr_M00596
tgr:Tgr7_2193	md:tgr_M00596
tgr:Tgr7_2191	md:tgr_M00596
tgr:Tgr7_2192	md:tgr_M00596
tgr:Tgr7_2194	md:tgr_M00596
tgr:Tgr7_2195	md:tgr_M00596
tgr:Tgr7_2196	md:tgr_M00596
tgr:Tgr7_2757	md:tgr_M00621
tgr:Tgr7_2755	md:tgr_M00621
tgr:Tgr7_2759	md:tgr_M00621
tgr:Tgr7_0145	md:tgr_M00621
tgr:Tgr7_2256	md:tgr_M00621
tgr:Tgr7_2454	md:tgr_M00621
tgr:Tgr7_2342	md:tgr_M00793
tgr:Tgr7_2106	md:tgr_M00793
tgr:Tgr7_1309	md:tgr_M00793
tgr:Tgr7_2343	md:tgr_M00793
tgr:Tgr7_2344	md:tgr_M00793
tgr:Tgr7_2465	md:tgr_M00844
tgr:Tgr7_2452	md:tgr_M00844
tgr:Tgr7_0033	md:tgr_M00844
tgr:Tgr7_0523	md:tgr_M00846
tgr:Tgr7_2421	md:tgr_M00846
tgr:Tgr7_0118	md:tgr_M00846
tgr:Tgr7_0029	md:tgr_M00846
tgr:Tgr7_0028	md:tgr_M00846
tgr:Tgr7_2173	md:tgr_M00846
tgr:Tgr7_1549	md:tgr_M00854
tgr:Tgr7_2073	md:tgr_M00854
tgr:Tgr7_0874	md:tgr_M00854
tgr:Tgr7_2074	md:tgr_M00854
tgr:Tgr7_0336	md:tgr_M00880
tgr:Tgr7_2950	md:tgr_M00880
tgr:Tgr7_2952	md:tgr_M00880
tgr:Tgr7_2011	md:tgr_M00880
tgr:Tgr7_2132	md:tgr_M00880
tgr:Tgr7_2704	md:tgr_M00881
tgr:Tgr7_2696	md:tgr_M00881
tgr:Tgr7_3302	md:tgr_M00909
tgr:Tgr7_0983	md:tgr_M00909
tgr:Tgr7_3303	md:tgr_M00909
tgr:Tgr7_2615	md:tgr_M00938
tgr:Tgr7_2673	md:tgr_M00938
tgr:Tgr7_2614	md:tgr_M00938
tgr:Tgr7_2052	md:tgr_M00938
tgr:Tgr7_0103	md:tgr_M00938
tgr:Tgr7_2747	md:tgr_M00938
tgr:Tgr7_1829	md:tgr_M00938
tgr:Tgr7_1508	md:tgr_M00982
tgr:Tgr7_1507	md:tgr_M00982
tgr:Tgr7_1844	md:tgr_M00982
tgr:Tgr7_1509	md:tgr_M00982
tgr:Tgr7_2552	md:tgr_M00982
tgr:Tgr7_1467	md:tgr_M00982
tgr:Tgr7_1481	md:tgr_M00982
tgr:Tgr7_1465	md:tgr_M00982
tgr:Tgr7_1466	md:tgr_M00982
tgr:Tgr7_1848	md:tgr_M00982
tgr:Tgr7_2971	md:tgr_M00982
tgr:Tgr7_0686	md:tgr_M00985
tgr:Tgr7_1737	md:tgr_M00985
tgr:Tgr7_3048	md:tgr_M00985
tgr:Tgr7_0685	md:tgr_M00985
tgr:Tgr7_1738	md:tgr_M00985
tgr:Tgr7_3047	md:tgr_M00985
tgr:Tgr7_1393	md:tgr_M00988
tgr:Tgr7_0830	md:tgr_M00988
tgr:Tgr7_0831	md:tgr_M00988
tgr:Tgr7_2226	md:tgr_M00988
tgr:Tgr7_2225	md:tgr_M00988
tgr:Tgr7_2927	md:tgr_M00988
tgr:Tgr7_2027	md:tgr_M00988
tgr:Tgr7_3302	md:tgr_M00995
tgr:Tgr7_0983	md:tgr_M00995
tgr:Tgr7_3303	md:tgr_M00995
tgr:Tgr7_0742	md:tgr_M00995
tgr:Tgr7_0771	md:tgr_M00995
tgr:Tgr7_2407	md:tgr_M00996
tgr:Tgr7_1529	md:tgr_M00996
tgr:Tgr7_0566	md:tgr_M00996
tgr:Tgr7_0565	md:tgr_M00996
tgr:Tgr7_2339	md:tgr_M00999
tgr:Tgr7_2111	md:tgr_M00999
tgr:Tgr7_2079	md:tgr_M01000
tgr:Tgr7_2109	md:tgr_M01000
tgr:Tgr7_2079	md:tgr_M01000
tgr:Tgr7_2093	md:tgr_M01016
tgr:Tgr7_2092	md:tgr_M01016
