tkr:C7K43_01260	md:tkr_M00001
tkr:C7K43_00765	md:tkr_M00001
tkr:C7K43_00820	md:tkr_M00001
tkr:C7K43_04500	md:tkr_M00001
tkr:C7K43_06270	md:tkr_M00001
tkr:C7K43_11910	md:tkr_M00001
tkr:C7K43_12250	md:tkr_M00001
tkr:C7K43_05310	md:tkr_M00001
tkr:C7K43_06215	md:tkr_M00001
tkr:C7K43_05320	md:tkr_M00001
tkr:C7K43_05315	md:tkr_M00001
tkr:C7K43_08005	md:tkr_M00001
tkr:C7K43_05305	md:tkr_M00001
tkr:C7K43_00825	md:tkr_M00001
tkr:C7K43_05310	md:tkr_M00002
tkr:C7K43_06215	md:tkr_M00002
tkr:C7K43_05320	md:tkr_M00002
tkr:C7K43_05315	md:tkr_M00002
tkr:C7K43_08005	md:tkr_M00002
tkr:C7K43_05305	md:tkr_M00002
tkr:C7K43_00825	md:tkr_M00002
tkr:C7K43_07260	md:tkr_M00003
tkr:C7K43_05305	md:tkr_M00003
tkr:C7K43_08005	md:tkr_M00003
tkr:C7K43_05315	md:tkr_M00003
tkr:C7K43_05320	md:tkr_M00003
tkr:C7K43_05310	md:tkr_M00003
tkr:C7K43_06215	md:tkr_M00003
tkr:C7K43_04500	md:tkr_M00003
tkr:C7K43_06270	md:tkr_M00003
tkr:C7K43_11910	md:tkr_M00003
tkr:C7K43_12250	md:tkr_M00003
tkr:C7K43_10470	md:tkr_M00003
tkr:C7K43_07185	md:tkr_M00005
tkr:C7K43_10275	md:tkr_M00005
tkr:C7K43_00490	md:tkr_M00006
tkr:C7K43_07015	md:tkr_M00006
tkr:C7K43_00840	md:tkr_M00006
tkr:C7K43_12540	md:tkr_M00006
tkr:C7K43_10435	md:tkr_M00015
tkr:C7K43_10440	md:tkr_M00015
tkr:C7K43_09675	md:tkr_M00015
tkr:C7K43_06395	md:tkr_M00016
tkr:C7K43_10845	md:tkr_M00016
tkr:C7K43_06625	md:tkr_M00016
tkr:C7K43_06630	md:tkr_M00016
tkr:C7K43_06635	md:tkr_M00016
tkr:C7K43_02380	md:tkr_M00016
tkr:C7K43_01550	md:tkr_M00016
tkr:C7K43_02070	md:tkr_M00016
tkr:C7K43_02370	md:tkr_M00016
tkr:C7K43_02375	md:tkr_M00016
tkr:C7K43_02385	md:tkr_M00016
tkr:C7K43_06610	md:tkr_M00016
tkr:C7K43_06615	md:tkr_M00016
tkr:C7K43_06395	md:tkr_M00018
tkr:C7K43_10845	md:tkr_M00018
tkr:C7K43_04915	md:tkr_M00018
tkr:C7K43_04910	md:tkr_M00018
tkr:C7K43_03690	md:tkr_M00018
tkr:C7K43_06765	md:tkr_M00021
tkr:C7K43_06775	md:tkr_M00021
tkr:C7K43_06790	md:tkr_M00021
tkr:C7K43_10465	md:tkr_M00049
tkr:C7K43_03945	md:tkr_M00049
tkr:C7K43_07810	md:tkr_M00049
tkr:C7K43_10285	md:tkr_M00049
tkr:C7K43_10685	md:tkr_M00050
tkr:C7K43_08080	md:tkr_M00050
tkr:C7K43_10225	md:tkr_M00050
tkr:C7K43_10285	md:tkr_M00050
tkr:C7K43_01325	md:tkr_M00052
tkr:C7K43_10285	md:tkr_M00052
tkr:C7K43_06275	md:tkr_M00052
tkr:C7K43_02465	md:tkr_M00053
tkr:C7K43_05830	md:tkr_M00053
tkr:C7K43_05825	md:tkr_M00053
tkr:C7K43_10285	md:tkr_M00053
tkr:C7K43_01485	md:tkr_M00082
tkr:C7K43_01495	md:tkr_M00082
tkr:C7K43_01505	md:tkr_M00082
tkr:C7K43_01500	md:tkr_M00082
tkr:C7K43_01470	md:tkr_M00082
tkr:C7K43_01460	md:tkr_M00082
tkr:C7K43_01480	md:tkr_M00083
tkr:C7K43_01475	md:tkr_M00083
tkr:C7K43_03050	md:tkr_M00083
tkr:C7K43_03305	md:tkr_M00083
tkr:C7K43_04985	md:tkr_M00083
tkr:C7K43_01490	md:tkr_M00083
tkr:C7K43_02865	md:tkr_M00083
tkr:C7K43_02860	md:tkr_M00083
tkr:C7K43_08075	md:tkr_M00120
tkr:C7K43_05530	md:tkr_M00120
tkr:C7K43_05535	md:tkr_M00120
tkr:C7K43_03850	md:tkr_M00120
tkr:C7K43_03785	md:tkr_M00120
tkr:C7K43_09795	md:tkr_M00140
tkr:C7K43_00360	md:tkr_M00140
tkr:C7K43_03120	md:tkr_M00140
tkr:C7K43_05255	md:tkr_M00157
tkr:C7K43_05245	md:tkr_M00157
tkr:C7K43_05260	md:tkr_M00157
tkr:C7K43_05240	md:tkr_M00157
tkr:C7K43_05250	md:tkr_M00157
tkr:C7K43_05275	md:tkr_M00157
tkr:C7K43_05265	md:tkr_M00157
tkr:C7K43_05270	md:tkr_M00157
tkr:C7K43_02265	md:tkr_M00159
tkr:C7K43_09120	md:tkr_M00159
tkr:C7K43_02270	md:tkr_M00159
tkr:C7K43_09115	md:tkr_M00159
tkr:C7K43_02255	md:tkr_M00159
tkr:C7K43_09130	md:tkr_M00159
tkr:C7K43_02275	md:tkr_M00159
tkr:C7K43_09110	md:tkr_M00159
tkr:C7K43_02250	md:tkr_M00159
tkr:C7K43_09135	md:tkr_M00159
tkr:C7K43_02260	md:tkr_M00159
tkr:C7K43_09125	md:tkr_M00159
tkr:C7K43_09150	md:tkr_M00159
tkr:C7K43_02240	md:tkr_M00159
tkr:C7K43_09145	md:tkr_M00159
tkr:C7K43_02245	md:tkr_M00159
tkr:C7K43_09140	md:tkr_M00159
tkr:C7K43_03920	md:tkr_M00307
tkr:C7K43_03915	md:tkr_M00307
tkr:C7K43_01010	md:tkr_M00307
tkr:C7K43_03910	md:tkr_M00307
tkr:C7K43_00995	md:tkr_M00307
tkr:C7K43_03905	md:tkr_M00307
tkr:C7K43_06665	md:tkr_M00307
tkr:C7K43_09620	md:tkr_M00364
tkr:C7K43_00375	md:tkr_M00364
tkr:C7K43_01260	md:tkr_M00549
tkr:C7K43_04925	md:tkr_M00549
tkr:C7K43_05040	md:tkr_M00549
tkr:C7K43_12155	md:tkr_M00549
tkr:C7K43_01275	md:tkr_M00554
tkr:C7K43_01285	md:tkr_M00554
tkr:C7K43_05570	md:tkr_M00579
tkr:C7K43_09475	md:tkr_M00579
tkr:C7K43_11085	md:tkr_M00632
tkr:C7K43_01275	md:tkr_M00632
tkr:C7K43_01285	md:tkr_M00632
tkr:C7K43_01280	md:tkr_M00632
tkr:C7K43_05040	md:tkr_M00854
tkr:C7K43_12155	md:tkr_M00854
tkr:C7K43_04060	md:tkr_M00854
tkr:C7K43_04065	md:tkr_M00854
tkr:C7K43_04055	md:tkr_M00854
tkr:C7K43_04070	md:tkr_M00854
tkr:C7K43_10255	md:tkr_M00899
tkr:C7K43_10245	md:tkr_M00899
tkr:C7K43_10250	md:tkr_M00899
tkr:C7K43_03665	md:tkr_M00909
tkr:C7K43_02760	md:tkr_M00909
tkr:C7K43_10280	md:tkr_M00909
tkr:C7K43_02465	md:tkr_M00938
tkr:C7K43_05830	md:tkr_M00938
tkr:C7K43_05825	md:tkr_M00938
tkr:C7K43_10285	md:tkr_M00938
tkr:C7K43_10415	md:tkr_M00938
tkr:C7K43_04210	md:tkr_M00938
tkr:C7K43_00160	md:tkr_M00938
tkr:C7K43_03665	md:tkr_M00995
tkr:C7K43_02760	md:tkr_M00995
tkr:C7K43_10280	md:tkr_M00995
tkr:C7K43_05230	md:tkr_M00995
tkr:C7K43_06265	md:tkr_M00995
tkr:C7K43_05545	md:tkr_M00995
tkr:C7K43_11370	md:tkr_M00999
tkr:C7K43_11365	md:tkr_M00999
