wca:WEOB_018	md:wca_M00001
wca:WEOB_133	md:wca_M00001
wca:WEOB_146	md:wca_M00001
wca:WEOB_024	md:wca_M00001
wca:WEOB_170	md:wca_M00001
wca:WEOB_263	md:wca_M00001
wca:WEOB_025	md:wca_M00001
wca:WEOB_257	md:wca_M00001
wca:WEOB_380	md:wca_M00001
wca:WEOB_277	md:wca_M00001
wca:WEOB_170	md:wca_M00002
wca:WEOB_263	md:wca_M00002
wca:WEOB_025	md:wca_M00002
wca:WEOB_257	md:wca_M00002
wca:WEOB_380	md:wca_M00002
wca:WEOB_277	md:wca_M00002
wca:WEOB_281	md:wca_M00004
wca:WEOB_258	md:wca_M00004
wca:WEOB_252	md:wca_M00004
wca:WEOB_067	md:wca_M00004
wca:WEOB_373	md:wca_M00004
wca:WEOB_335	md:wca_M00004
wca:WEOB_409	md:wca_M00004
wca:WEOB_133	md:wca_M00004
wca:WEOB_300	md:wca_M00005
wca:WEOB_281	md:wca_M00006
wca:WEOB_258	md:wca_M00006
wca:WEOB_252	md:wca_M00006
wca:WEOB_335	md:wca_M00007
wca:WEOB_409	md:wca_M00007
wca:WEOB_067	md:wca_M00007
wca:WEOB_373	md:wca_M00007
wca:WEOB_344	md:wca_M00022
wca:WEOB_066	md:wca_M00022
wca:WEOB_376	md:wca_M00022
wca:WEOB_044	md:wca_M00022
wca:WEOB_065	md:wca_M00022
wca:WEOB_244	md:wca_M00022
wca:WEOB_382	md:wca_M00022
wca:WEOB_384	md:wca_M00083
wca:WEOB_234	md:wca_M00083
wca:WEOB_361	md:wca_M00083
wca:WEOB_259	md:wca_M00083
wca:WEOB_357	md:wca_M00093
wca:WEOB_072	md:wca_M00093
wca:WEOB_339	md:wca_M00093
wca:WEOB_390	md:wca_M00144
wca:WEOB_391	md:wca_M00144
wca:WEOB_391	md:wca_M00144
wca:WEOB_392	md:wca_M00144
wca:WEOB_393	md:wca_M00144
wca:WEOB_394	md:wca_M00144
wca:WEOB_395	md:wca_M00144
wca:WEOB_396	md:wca_M00144
wca:WEOB_397	md:wca_M00144
wca:WEOB_398	md:wca_M00144
wca:WEOB_399	md:wca_M00144
wca:WEOB_400	md:wca_M00144
wca:WEOB_401	md:wca_M00144
wca:WEOB_402	md:wca_M00144
wca:WEOB_006	md:wca_M00157
wca:WEOB_008	md:wca_M00157
wca:WEOB_005	md:wca_M00157
wca:WEOB_009	md:wca_M00157
wca:WEOB_007	md:wca_M00157
wca:WEOB_002	md:wca_M00157
wca:WEOB_004	md:wca_M00157
wca:WEOB_003	md:wca_M00157
wca:WEOB_139	md:wca_M00307
wca:WEOB_140	md:wca_M00307
wca:WEOB_141	md:wca_M00307
wca:WEOB_176	md:wca_M00417
wca:WEOB_175	md:wca_M00417
wca:WEOB_174	md:wca_M00417
wca:WEOB_173	md:wca_M00417
wca:WEOB_388	md:wca_M00579
wca:WEOB_389	md:wca_M00579
wca:WEOB_220	md:wca_M00881
wca:WEOB_221	md:wca_M00881
