soma_joinid,donor_id,observation_joinid
18928914,CID3586,U4lUSq-Je<
18928918,CID3586,d6C7UBoo7Q
18928929,CID3586,?V(<-Q}X5>
18928931,CID3586,%^j&Td01I=
18928932,CID3586,%2yaS6mVhv
18928936,CID3586,k$96=4;a(U
18928942,CID3586,H*_g|H#<ZB
18928945,CID3586,tWuZb!qd2X
18928946,CID3586,7|+c!5@ZXV
18928948,CID3586,tE9FQhgVss
18928954,CID3586,pv*_zljYm?
18928957,CID3586,_u)B&SNp;T
18928960,CID3586,q0#Nj=>J1@
18928961,CID3586,BP2C$GWZ%4
18928963,CID3586,iw*rS;Om&m
18928964,CID3586,n<Z{W*LOb|
18928968,CID3586,6OBdx%I7c1
18928973,CID3586,UEu!ZL$^oG
18928976,CID3586,sHsr|a2W7k
18928982,CID3586,;p3#;h8Kuq
18928995,CID3586,|BN0v3LK2~
18928998,CID3586,K)`-n_96cj
18929004,CID3586,PXc3WJrBVY
18929005,CID3586,ku?&51Ck0+
18929008,CID3586,e87fy3TyQ`
18929009,CID3586,@5t9ofRCHL
18929010,CID3586,W!kMf*bki(
18929013,CID3586,u}@Vf=PaBE
18929014,CID3586,@~yxMv`Uw7
18929019,CID3586,p0S<Vm&I}S
18929020,CID3586,Rm#{~xC=WR
18929021,CID3586,5p85?yLBtl
18929032,CID3586,*nojMwmTBy
18929034,CID3586,9x!T4&L57R
18929035,CID3586,atK_WdXPK^
18929036,CID3586,f@~rcq*2Uj
18929048,CID3586,!BJQ#iTiVq
18929051,CID3586,mHJElc!lID
18929070,CID3586,I_Bzx^$bC~
18929073,CID3586,fU;lbcC19K
18929075,CID3586,Vtl-2OKTon
18929076,CID3586,E1O;(6Q4vA
18929080,CID3586,XBqqXFq)EO
18929086,CID3586,LoE^PumtPF
18929091,CID3586,lBNNyXq_1F
18929098,CID3586,Rz_$N(`>67
18929102,CID3586,RSBoUX)ou2
18929104,CID3586,zwB${?pN$W
18929106,CID3586,qo0apnt|(I
18929118,CID3586,(ZOc|Rsph_
18929119,CID3586,iZ^C&p_)8%
18929137,CID3586,2Dr2<AP8H-
18929139,CID3586,R2iG_EGf}^
18929142,CID3586,Vf4f>+NhYt
18929144,CID3586,&KLih;#9`3
18929149,CID3586,RH4<1#sPs+
18929162,CID3586,t^tN6wr(Q$
18929165,CID3586,V7*&U03Wg;
18929168,CID3586,3VbXr5T8bn
18929169,CID3586,$U&#MFZhiM
18929173,CID3586,af+()g9|F(
18929174,CID3586,Mq62TeXUAX
18929178,CID3586,Lk`H>5(IU!
18929181,CID3586,-S6BEiEe#M
18929184,CID3586,+NKg}IeM=2
18929187,CID3586,%w#4VH_M~4
18929190,CID3586,>V7DrFwMwh
18929196,CID3586,GRiz$1Ux2A
18929197,CID3586,7oX95jVwyu
18929205,CID3586,4Pe!ATS52%
18929206,CID3586,(}`D9=`bya
18929212,CID3586,TpNnbrp|Bv
18929215,CID3586,v|ky^RMmdu
18929219,CID3586,R!g&zI`jps
18929220,CID3586,_<A_AM<J}(
18929223,CID3586,DPceH)*-bW
18929225,CID3586,#Rdb5@`~Jd
18929235,CID3586,;<b;tlSiWV
18929251,CID3586,eOh5PHzlGS
18929267,CID3586,RpTwH?kdQs
18929268,CID3586,A-dY`rwPJh
18929270,CID3586,zKUk#>fDj4
18929275,CID3586,ruav4FN_dE
18929277,CID3586,+ndMULjWD(
18929281,CID3586,<14g1n9>{D
18929282,CID3586,%x=&A(QAKd
18929284,CID3586,8mu{QGEmSe
18929293,CID3586,oU=uIHmX5j
18929299,CID3586,8HY0@ozGE%
18929300,CID3586,LH{AKsVNNq
18929322,CID3586,MJkVHJhIAX
18929323,CID3586,-exzCI#8`k
18929330,CID3586,pYrLUJ311%
18929331,CID3586,v)C51n%w_#
18929334,CID3586,&G#9q&*nBm
18929342,CID3586,>Qe2eh8GDN
18929346,CID3586,Q}^wc)lpJ=
18929362,CID3586,*sL8m+<c#e
18929366,CID3586,3=wrv`#o>f
18929370,CID3586,ZVhX;s$pG!
18929372,CID3586,_z;txZrN41
18929373,CID3586,wD=1~w$PS=
18929382,CID3586,;9AaxEEFq;
18929385,CID3586,J?IF&j9uGh
18929386,CID3586,g%d3HcpmCE
18929393,CID3586,cAhI8=GGIn
18929398,CID3586,dmOJjOS(`u
18929403,CID3586,<ey={(BGET
18929404,CID3586,9vMX0wr4H2
18929406,CID3586,tT<DDEAsag
18929407,CID3586,f3Hd`bC)qH
18929412,CID3586,uN(Un5|{^9
18929415,CID3586,n`@^fJYgVE
18929418,CID3586,;0QiKi+>aL
18929429,CID3586,er+q3uDTh6
18929431,CID3586,ns4plau*HH
18929432,CID3586,Oj84VXanh8
18929435,CID3586,!wvD&L^O+$
18929440,CID3586,(b^)bTjLr-
18929441,CID3586,kh&@gMl|jw
18929458,CID3586,A%6@*yg42-
18929464,CID3586,v%~bfO`jbH
18929465,CID3586,nYsI&D{~@<
18929468,CID3586,$qk&%IcNtr
18929470,CID3586,vQY(0844%G
18929471,CID3586,bxYRlNS8Z1
18929476,CID3586,j3U5ke>spE
18929478,CID3586,Qp)z4?pivf
18929481,CID3586,x-f)C%WWl}
18929484,CID3586,sH@S`hB3S$
18929485,CID3586,{_PJnih|wZ
18929488,CID3586,;72jUff)e0
18929491,CID3586,RJ)2g+U>4o
18929492,CID3586,KFVT<nZg}}
18929501,CID3586,MQ$&3?esww
18929504,CID3586,r^b6=yeFaI
18929506,CID3586,c&zlpEB20+
18929509,CID3586,_BGc99P0E4
18929519,CID3586,CY+*cR}9%e
18929520,CID3586,0_eMu##N1$
18929527,CID3586,e-c5wcP^x7
18929538,CID3586,6PJK9vJ64G
18929543,CID3586,-MCB|Nrg6F
18929546,CID3586,RXOyF(u`VV
18929553,CID3586,jGa=54xD;l
18929564,CID3586,IH4Fp_aE<*
18929565,CID3586,Dd^=!ml?jr
18929567,CID3586,E>@UgYVL?E
18929569,CID3586,G_RT3XZ&E1
18929574,CID3586,V@j=s_ay*%
18929576,CID3586,rxxqlIkHtE
18929584,CID3586,0q#kQ)VJxK
18929589,CID3586,SQDS2xXf2^
18929594,CID3586,Gy$&b1-=ZW
18929595,CID3586,>rSg0>~Hd4
18929604,CID3586,y^2eQ6c-x>
18929613,CID3586,;CUbmaOsv4
18929615,CID3586,#sYB?>j&cy
18929619,CID3586,B}1Jkt*R)O
18929632,CID3586,2*N^xHJzWI
18929636,CID3586,#Y_2Irhf`T
18929645,CID3586,yW=EuZ;%H&
18929646,CID3586,89YnfkXhv%
18929650,CID3586,VjN(q2+^3t
18929658,CID3586,>TgnIw8b<)
18929660,CID3586,AT6{wmrgjq
18929674,CID3586,qVwiJKqaLx
18929683,CID3586,SRT=cS1P(M
18929684,CID3586,8esEqn1Dt7
18929692,CID3586,be*1xtr{Rl
18929694,CID3586,6UwTLgNbAk
18929699,CID3586,!VMuHBY$T2
18929702,CID3586,{o?T!b}WbG
18929707,CID3586,#yHpm?$8US
18929719,CID3586,752}`7Sqbi
18929722,CID3586,J&z&$?H#$-
18929724,CID3586,d5-&t-N@`T
18929731,CID3586,CA|Xa2becN
18929732,CID3586,u_k1c;-D=R
18929738,CID3586,%fIK^9em4M
18929741,CID3586,Y0}Ih;;G;i
18929743,CID3586,M3qK^9taEm
18929744,CID3586,H(JpQfw<C)
18929749,CID3586,ZJ}3&sq+mO
18929750,CID3586,S!Ke8f*jxl
18929753,CID3586,1mB=-TGYZ!
18929756,CID3586,*>p+x-SI6}
18929761,CID3586,rN=0Q!<hc7
18929766,CID3586,fj5MaJ=Mi7
18929767,CID3586,qX`5^%!4A0
18929769,CID3586,ud+i8EMts3
18929772,CID3586,ZkQC3h>+z)
18929775,CID3586,cLEd1+Kb^m
18929782,CID3586,#GmevtXgNm
18929786,CID3586,6yC~PdrM|(
18929791,CID3586,?I3%y&~dr>
18929793,CID3586,X4X2efY5ZC
18929805,CID3586,c<h%AMLbAe
18929807,CID3586,R?MJU3sx5-
18929823,CID3586,iY%OHnEAr^
18929826,CID3586,t)gx1rc#38
18929829,CID3586,Z0kkNZCWlS
18929833,CID3586,9saO4>=D>A
18929838,CID3586,goCcWX1b#p
18929839,CID3586,Ew095HO{x|
18929840,CID3586,%LI270&-);
18929843,CID3586,3scH(j$osT
18929846,CID3586,hxB}YWk{WQ
18929848,CID3586,(e}N~-S|UB
18929849,CID3586,M=>sIVg9BD
18929850,CID3586,Z}mlfD9P!|
18929855,CID3586,<6%YpsVVxO
18929856,CID3586,h?L~@$C~u>
18929860,CID3586,DxlOTLx?#l
18929861,CID3586,v~dUw&22e9
18929862,CID3586,%@~$h$Bm2$
18929875,CID3586,^R7>+)s6&~
18929883,CID3586,nUy>#tD9km
18929890,CID3586,)Fo{A3>qYA
18929896,CID3586,jJlHs0WVO9
18929898,CID3586,nPL_scs#j3
18929913,CID3586,NHM_!syR%E
18929914,CID3586,$p46;M}d#H
18929918,CID3586,Q#%8te&n8f
18929931,CID3586,kVnF7I{5)w
18929932,CID3586,5MM%I{CMJ2
18929943,CID3586,<R)jq?P034
18929944,CID3586,`!#YM`JAp&
18929947,CID3586,4!z<Bv7l67
18929950,CID3586,i~Hg$qKGSP
18929952,CID3586,R{S&?tJp^G
18929961,CID3586,Qw~fHLb)W#
18929965,CID3586,andLa#U?>D
18929966,CID3586,PAqy!9Tlkc
18929968,CID3586,k32)`m~v$L
18929970,CID3586,{CI~=_N;}y
18929980,CID3586,fi1o&iUsC4
18929981,CID3586,m|vhkB3PV<
18929986,CID3586,1>}kv{#Q8w
18929990,CID3586,C`~;uXK??j
18929992,CID3586,(O99w$X*PQ
18929999,CID3586,Z~S)|e+Cqp
18930001,CID3586,JEQy@?9<I`
18930002,CID3586,?3ylhVjEc#
18930006,CID3586,mI2dSKfm)<
18930010,CID3586,$7<M=wKM)y
18930015,CID3586,t8dk=V(ILA
18930024,CID3586,T}Kng&E5`X
18930026,CID3586,_i~A3q*?0(
18930034,CID3586,bcsN_<V*Ke
18930041,CID3586,&@&yFd~`6<
18930052,CID3586,OTM4<=E~|B
18930058,CID3586,kx@(a%M#`r
18930059,CID3586,m_yDMqHeQa
18930060,CID3586,mUQXY5QT*J
18930065,CID3586,o)WR?%z*cV
18930066,CID3586,4Aw*F$O-0d
18930067,CID3586,+Uw$V9WFJJ
18930068,CID3586,PbLOm_>wAp
18930074,CID3586,5l|2Bv@$Nx
18930077,CID3586,u))GS*<!QP
18930086,CID3586,&UHtnc3br#
18930087,CID3586,r=Fx&l%SF2
18930090,CID3586,{gsZUa~jkE
18930091,CID3586,Lsk=(+6I4g
18930094,CID3586,b+Qf$u$D;a
18930099,CID3586,>vf~xt%=Th
18930100,CID3586,@aO~DveEA7
18930107,CID3586,W|uq&kn<0y
18930108,CID3586,LWm^k!~S&`
18930110,CID3586,<|mf#2rv&h
18930113,CID3586,G1H8ad$<Ub
18930115,CID3586,kx=dC%#uuv
18930117,CID3586,jWo&0TWnI)
18930121,CID3586,D)C`P+c6wu
18930125,CID3586,4Grfa<{s)P
18930126,CID3586,psR9FAj!!q
18930127,CID3586,J}pakG?stH
18930128,CID3586,!g2U$3v@ua
18930132,CID3586,$Z<J?OGl(g
18930137,CID3586,fF!_xZrbsD
18930143,CID3586,UXB3f<j_nZ
18930144,CID3586,NFl8GQ3N*I
18930150,CID3586,+t>TEJt!Z@
18930152,CID3586,yOB}XQwr=|
18930159,CID3586,!ex<FYT#_4
18930167,CID3586,f+|9P3Rf}H
18930178,CID3586,wAM#cYqI}2
18930186,CID3586,kqMCn^(~UF
18930188,CID3586,gCz55GO*W)
18930192,CID3586,+&jw;5oLT4
18930193,CID3586,9At-PRq&B%
18930195,CID3586,4;UHCI-!(U
18930205,CID3586,IT|4NPi`17
18930209,CID3586,!O9ItjPIQC
18930211,CID3586,E$tUVPhyi9
18930215,CID3586,(f~RUE&b@$
18930218,CID3586,3k-mKy#7%2
18930219,CID3586,x>}h$m_(QW
18930221,CID3586,`r!%D|6LKa
18930224,CID3586,DYZLanMH_~
18930225,CID3586,B%iqB3iouu
18930235,CID3586,Dj}Oup)2TV
18930237,CID3586,gtU-$a@N)m
18930240,CID3586,Tv5^XW(i4<
18930244,CID3586,_`Sc61;42a
18930245,CID3586,)Ch(xiX#{L
18930246,CID3586,35>)nP`;d|
18930247,CID3586,2cf<@?=6jh
18930248,CID3586,`7x<jiWcs)
18930256,CID3586,=;v(j9@NgS
18930257,CID3586,h#TZ>3L^4z
18930261,CID3586,H@Bq4p(Jh5
18930267,CID3586,{2B7%BycEy
18930271,CID3586,sW83}YYV$9
18930274,CID3586,o~eS~zvV7n
18930285,CID3586,8|@Z)t?2|1
18930289,CID3586,=3be;g_!{a
18930293,CID3586,w2_z!!;+jh
18930295,CID3586,tq;2*=L5KH
18930297,CID3586,fh^l-qJeFx
18930300,CID3586,E6*mOkC7-5
18930301,CID3586,T`{noq-!y8
18930304,CID3586,b486~r!j7X
18930305,CID3586,-sHK-wJcFU
18930306,CID3586,ghNfl5i5JT
18930310,CID3586,dVH18%Zi&u
18930314,CID3586,Z_1WQj6uHQ
18930315,CID3586,T>!W4KI0)H
18935138,CID3921,o1ta=apRMy
18935140,CID3921,&G)VsxhlWb
18935147,CID3921,{H@OC5aTa5
18935150,CID3921,qd*K;ig|z1
18935154,CID3921,L5uP<9;@sl
18935155,CID3921,E@|4TM}Njr
18935156,CID3921,2FMHz;LC84
18935163,CID3921,6+IV@z%EzJ
18935166,CID3921,K9N+83;~62
18935181,CID3921,=Y)}p-y~ko
18935185,CID3921,Q2=DaD7&X{
18935186,CID3921,-wC3k3F0l6
18935187,CID3921,_0x4Z1}I;`
18935197,CID3921,0qV27nP3Ez
18935205,CID3921,90cMkufv8q
18935208,CID3921,J6f?c7Tki!
18935213,CID3921,l1kBk&0vA~
18935214,CID3921,m~!H0_C?pY
18935215,CID3921,RFAOpjjNU*
18935217,CID3921,Xl*!lTzj%5
18935219,CID3921,5Y&LCCgb4N
18935220,CID3921,lc?jaYEu37
18935221,CID3921,??X)vi*dk)
18935225,CID3921,8uw}L?7;)P
18935228,CID3921,R20JiRF+oO
18935229,CID3921,zZ`9&cG|TU
18935230,CID3921,?p;q;it!5R
18935233,CID3921,$Xrx!L?fe1
18935236,CID3921,Kl%E28H7Mw
18935242,CID3921,*4w!~n&HC#
18935244,CID3921,<gRsuwUuQr
18935248,CID3921,FNAo2B@aRi
18935249,CID3921,{BAc3ks(M$
18935252,CID3921,Ok)XPPBh%c
18935254,CID3921,5wr$o42gPq
18935255,CID3921,`4z)aI=mr1
18935263,CID3921,$yV;@7cx6O
18935274,CID3921,R?W2EfkaZH
18935289,CID3921,5cjaDl_$L;
18935293,CID3921,@V4$(3}Rpt
18935294,CID3921,uNBwvBqSA=
18935299,CID3921,?p(-^)<0L6
18935301,CID3921,^sU4@LE?AL
18935305,CID3921,1zsEAOK`t7
18935310,CID3921,JcB6BhCDH#
18935317,CID3921,4B4r#y?=#m
18935319,CID3921,-&SF<@dqAM
18935333,CID3921,$@=VD44BU&
18935335,CID3921,kaV@q>lmKh
18935342,CID3921,cDlx~D-6}~
18935347,CID3921,@YucyIbP_C
18935349,CID3921,=k7}e7NLl!
18935354,CID3921,*sepf&`Qk}
18935361,CID3921,{{ZWdO`Wk%
18935362,CID3921,X1rCgXU|8G
18935363,CID3921,5_&4pg@qO;
18935365,CID3921,jexlyH|c$V
18935366,CID3921,`NbfZf3ptx
18935377,CID3921,E8i$X195V~
18935388,CID3921,UTF6wDL+Ah
18935394,CID3921,;}8WJMZTfk
18935398,CID3921,(SjiV|I~b|
18935403,CID3921,wi>Z*MOAtD
18935409,CID3921,NzwUQGXD2A
18935411,CID3921,A5VgwbY}vx
18935414,CID3921,IO9Vj^<P~f
18935416,CID3921,ywAX^#nrbh
18935417,CID3921,VY*B{an(Q3
18935426,CID3921,!k`sKn?eVy
18935427,CID3921,|DLD}Q}*vR
18935429,CID3921,LRxLvW=GFz
18935451,CID3921,8UC-4;w&CK
18935455,CID3921,4uO_dfZW63
18935466,CID3921,q^7)oW>%C~
18935467,CID3921,b>OY2OKPPG
18935468,CID3921,sn<d}DDcV;
18935473,CID3921,)fes>5^Ik`
18935474,CID3921,0~qOp#_*Is
18935478,CID3921,eObwU{jwEa
18935486,CID3921,g=0Qpq_*e9
18935489,CID3921,q%P&U#%%D_
18935492,CID3921,uyj9RM24FA
18935497,CID3921,1;|IY(@e1p
18935500,CID3921,gA{MBrF&?G
18935502,CID3921,6O6m}S8Hr(
18935505,CID3921,uMP-E!W}W`
18935512,CID3921,Fu#Sz94IW4
18944360,CID4066,zB~5N$FZWJ
18944364,CID4066,xq|)J+eO+#
18944365,CID4066,V*lIphXV?b
18944369,CID4066,w;oE$_t5bG
18944370,CID4066,#{ZTt8IWw}
18944381,CID4066,3O^oWAZC?4
18944384,CID4066,tI7Y3f5@&0
18944387,CID4066,nUQo7e0Ca=
18944390,CID4066,K+4t|nH~>(
18944391,CID4066,3O-JrTU_>o
18944394,CID4066,nfeQlTJL8x
18944396,CID4066,b}6DiKy3V{
18944397,CID4066,N2K!M{a$RK
18944414,CID4066,eWqC@_wYbr
18944417,CID4066,{3)2vR%Evf
18944418,CID4066,ugR`Y=jtfB
18944419,CID4066,3<S0-9iu-A
18944420,CID4066,!RnSDh_byn
18944425,CID4066,9fWoO>EgHK
18944429,CID4066,eNw0)x7`V;
18944433,CID4066,zdIBsP$!<<
18944436,CID4066,mcfLcwm<5;
18944437,CID4066,wQgvuE_M$u
18944442,CID4066,TH@<+W2)O8
18944444,CID4066,Lb<=y+G8Px
18944451,CID4066,#3x!+AOIm}
18944453,CID4066,2DE#rtpX7e
18944462,CID4066,5jcmMZ*Vl|
18944465,CID4066,Jw{*A?EZNx
18944466,CID4066,&8$oDB8^5C
18944471,CID4066,jMSUusS(Ak
18944473,CID4066,cFkS=FaO~x
18944483,CID4066,y~xNa?>c1$
18944485,CID4066,UTQ@i25%og
18944488,CID4066,E5>3`EOQrW
18944490,CID4066,Dv#Lpox|dR
18944491,CID4066,cJsHMAP;Ma
18944497,CID4066,^teDRG~Fzq
18944510,CID4066,Lwho}{Scu6
18944512,CID4066,O#<_Y*Gk8w
18944513,CID4066,njpP~D`}qy
18944518,CID4066,wG4*~B-;|i
18944519,CID4066,Ub7L+X-ceY
18944523,CID4066,c^c7Yb8HKN
18944525,CID4066,*DnFtFv2&U
18944542,CID4066,10K$<RTOl(
18944543,CID4066,0^I<<W19!0
18944545,CID4066,XY3(K28-$i
18944547,CID4066,Sx)dZ@*!jV
18944548,CID4066,{UAzzjTdoI
18944557,CID4066,uVB-;l+j&J
18944561,CID4066,DWc$BkMkU<
18944572,CID4066,lglEz;!4gh
18944574,CID4066,cev-49-u60
18944575,CID4066,XXG|RG)SDY
18944577,CID4066,mXgMZgXwR(
18944582,CID4066,Ij8EOqF<SF
18944586,CID4066,{jgSLFEa8J
18944588,CID4066,;FMnb6~#uU
18944591,CID4066,8@Q}D;YVm9
18944593,CID4066,^ac9CGDDH<
18944595,CID4066,|0FH#L_n4U
18944601,CID4066,e1dkDaDwNr
18944602,CID4066,S(Tl8(4?QE
18944604,CID4066,Z4FvG^?Grw
18944606,CID4066,?F`y053Dwv
18944608,CID4066,{CBIo-%-)g
18944611,CID4066,dPb)np-?!}
18944612,CID4066,80pzV`Nq_f
18944613,CID4066,^i$q#n9S5{
18944616,CID4066,pb0V)g;kzL
18944617,CID4066,zOIoELCNMR
18944627,CID4066,ex1VFG$^<q
18944628,CID4066,+N*kprQtju
18944632,CID4066,Dz$iM)FD<B
18944633,CID4066,24}2Z;+YG<
18944635,CID4066,b}qTJaT|dZ
18944638,CID4066,QqD=mSl&*7
18944639,CID4066,-c<NX5U{AP
18944642,CID4066,46!F?Bng}q
18944643,CID4066,eL8oYZAYPY
18944646,CID4066,GhU{^mx)@Q
18944647,CID4066,;+}m?qmo}*
18944663,CID4066,E^7QO&(+)*
18944669,CID4066,0+Zj=Ngc~z
18944670,CID4066,ba)rx-OOhr
18944674,CID4066,i^oj~g1<MO
18944676,CID4066,xuKtNnOJYo
18944686,CID4066,hlqVCKq5IQ
18944691,CID4066,kFepgE^_6~
18944694,CID4066,^e3~Ui3j3)
18944698,CID4066,T3{W))7(rF
18944704,CID4066,Ca%@)a>iZi
18944706,CID4066,-Pa39!{#aR
18944720,CID4066,>i1UFxCWIb
18944728,CID4066,2GlR@2DAf9
18944732,CID4066,ZjLAsHN45g
18944735,CID4066,LQNyaVbi6M
18944737,CID4066,?g`HL<*fY9
18944739,CID4066,ldf7uGR}vy
18944742,CID4066,Yx|ai%)00W
18944744,CID4066,1tVi{INpvh
18944746,CID4066,bINI#q>~;+
18944752,CID4066,EW;^`R(3LK
18944764,CID4066,K`yAf*X{{T
18944765,CID4066,oolbTK*PM@
18944767,CID4066,euh{uLH?hk
18944768,CID4066,z=J!oul?<v
18944770,CID4066,5Hd7Cx+o?x
18944773,CID4066,!&5T;Fe$nH
18944774,CID4066,AMr5GW}9^9
18944776,CID4066,?nNq|sUD2=
18944782,CID4066,(g}BdeG{zM
18944784,CID4066,jA<z1UAT_r
18944786,CID4066,+KeJa;kh=y
18944787,CID4066,%3jgG;AGLx
18944793,CID4066,b#3dFkS7**
18944797,CID4066,ZYt+6ioQ+b
18944799,CID4066,qB8W6N`_C}
18944816,CID4066,ml%C{95&+S
18944823,CID4066,YTI0Wbjt3m
18944826,CID4066,;<JLv)wTVH
18944833,CID4066,au8|X7y`{1
18944841,CID4066,Wei&()Ny{P
18944849,CID4066,YjAI^o?!+o
18944854,CID4066,z@7G-pLpX9
18944860,CID4066,i^3E&kmzzl
18944868,CID4066,;@gMCv;ebr
18944870,CID4066,X51g%{BBW~
18944872,CID4066,{!5^;9ewWE
18944876,CID4066,j*5`ujD=4k
18944886,CID4066,m;XegZOcg!
18944888,CID4066,RNC#7p#3vL
18944889,CID4066,zHXm4kkBE)
18944892,CID4066,A7f;hlLB4>
18944893,CID4066,PxH8`Lx>1I
18944896,CID4066,@s5nn;d0|2
18944897,CID4066,rzf=cn(fxm
18944900,CID4066,e!2T|5N8Me
18944904,CID4066,JxJ+QefAu|
18944905,CID4066,&kurl&r{2c
18944908,CID4066,m(t@TS4QwZ
18944909,CID4066,%4(5>)-V!+
18944910,CID4066,tz#~P+zS*-
18944911,CID4066,9*U1iPaU{L
18944912,CID4066,g0J8fQr@(I
18944915,CID4066,jZCrF<MYz$
18944923,CID4066,lO?xK^*Lbe
18944943,CID4066,f&Djf^6Q9D
18944952,CID4066,2cu-r*&&X|
18944957,CID4066,f*+dHw%#*-
18944958,CID4066,YjV5w9f(OB
18944959,CID4066,CWKCq{lV@|
18944966,CID4066,|D2T#9|8#e
18944969,CID4066,^rA;1DfWW3
18944973,CID4066,cH+wtFe3ig
18944974,CID4066,(QTDFI{4pt
18944975,CID4066,v)vD!Z!ifp
18944979,CID4066,KI415eG{h)
18944993,CID4066,3Ob0O5IL@B
18944995,CID4066,G>P4=OT)US
18945000,CID4066,P(^S|AJ&5d
18945007,CID4066,;D<sKOqF<1
18945014,CID4066,`))d6et@}}
18945027,CID4066,u`;-V>@tW4
18945029,CID4066,RQwcfZ6}ZI
18945031,CID4066,8qu_gsvWgf
18945032,CID4066,HHD~E{i^gc
18945034,CID4066,6I{jQ;|NA;
18945038,CID4066,g+)#dQ$Wpy
18945040,CID4066,F8?^Z*)y92
18945067,CID4066,WoUlZGXVgJ
18945072,CID4066,nl3EIUar?B
18945076,CID4066,Lm@*2LGT|p
18945078,CID4066,)y9ss|DAW`
18945086,CID4066,Bn%;&9qOk|
18945103,CID4066,&?J_uV*Z}N
18945104,CID4066,GONUt9TS_!
18945106,CID4066,HY^6>nuI8;
18945114,CID4066,0#Mb|jf57A
18945115,CID4066,LOL8)ozyEI
18945135,CID4066,dYli|%!VCw
18945136,CID4066,ZeQ?kG;>|D
18945137,CID4066,n<O8?F{(<Q
18945140,CID4066,Rd3#6sS-AS
18945141,CID4066,r=wG%l+0vb
18945149,CID4066,{et<`KUUcb
18945150,CID4066,v-Kx*9QF17
18945152,CID4066,h$X*$$DRn;
18945154,CID4066,!V)FoBQk%q
18945165,CID4066,EqzQ3XKsXb
18945166,CID4066,*d;ct1_I_Y
18945170,CID4066,eHNkeVsdd`
18945171,CID4066,JQvd=@Y#Xa
18945172,CID4066,(O}*+Sg&%y
18945174,CID4066,-K9-|PMw%I
18945179,CID4066,JUR4+!h8JL
18945181,CID4066,NzO@9m%T{j
18945185,CID4066,W*&rnS@prN
18945187,CID4066,4kD%_WWRv_
18945188,CID4066,v1O?g^O3nm
18945212,CID4066,h}xH=l2+~!
18945213,CID4066,mA{Ez2K;^O
18945216,CID4066,cj?4oS<Ln!
18945217,CID4066,sq8NHUJmpH
18945228,CID4066,SPQH`${~4A
18945234,CID4066,hBS7V6)WcM
18945240,CID4066,g1A&<8)9h`
18945241,CID4066,76(JCf28pn
18953637,CID4495,bsK<kFG+1p
18953638,CID4495,1(@)-WYG+i
18953643,CID4495,LnL`CF@%qv
18953647,CID4495,iuR`uG$VKz
18953649,CID4495,Z_FjB)JeM#
18953656,CID4495,h&j0nG1Q$u
18953658,CID4495,7fdsq86Al~
18953661,CID4495,fMt<Q7E4wF
18953663,CID4495,bwr*bV#2GU
18953664,CID4495,mez{`0m*VS
18953668,CID4495,E2*DAq!UXz
18953669,CID4495,ifR3i*M+Dh
18953677,CID4495,vo5;uM(JO@
18953678,CID4495,@Y<q(NIB$x
18953685,CID4495,HB(n~yjP^`
18953688,CID4495,*v0+pog9I*
18953690,CID4495,vxS!pv>p&7
18953695,CID4495,Q{b6bC&rU1
18953697,CID4495,_=b<Y6XkJB
18953705,CID4495,z*Z;Dr)ClU
18953708,CID4495,5sCfL9yXlP
18953709,CID4495,mh1hh?BRgw
18953716,CID4495,kWKxC@&GPf
18953719,CID4495,hL7nE(EQra
18953728,CID4495,Wp{>)T_I)0
18953729,CID4495,K1U)7m?NsG
18953734,CID4495,C^n~Vk^F`%
18953736,CID4495,aOsOum5N#v
18953741,CID4495,C;Jl7L!Qaa
18953742,CID4495,B^XXpZXOw_
18953745,CID4495,2ul=zGT1F6
18953748,CID4495,<ZG0@cU}D%
18953751,CID4495,9=r}0TM%t2
18953752,CID4495,%_KuhgDo55
18953755,CID4495,0>QPjwQS!$
18953758,CID4495,2550azlGO6
18953762,CID4495,+NRV2t~w>(
18953763,CID4495,CLt+UV^ZF6
18953769,CID4495,$p2CXV4saZ
18953770,CID4495,6``9vyrKwK
18953773,CID4495,P*Wdr-cG?_
18953776,CID4495,DQIwd0%+$b
18953780,CID4495,bWf5)B`A>;
18953781,CID4495,Srr!A8YoL$
18953782,CID4495,3AJ{M%SVyU
18953785,CID4495,^+OJQ*1Wc+
18953788,CID4495,$3OZ^aWOcA
18953795,CID4495,yoH@cbH1*y
18953800,CID4495,J<_XjXb>O~
18953808,CID4495,D_uuG?!|`%
18953811,CID4495,Z7sSncYJd6
18953813,CID4495,sA+rzaS$iZ
18953816,CID4495,9aKs6>0zar
18953826,CID4495,18aC!5P$FN
18953829,CID4495,(@0l7yUE1d
18953830,CID4495,Q34Y{FM(Xr
18953834,CID4495,8+Isl^`v*6
18953837,CID4495,vX(eVOa%}&
18953842,CID4495,qHu{o?Wtqs
18953847,CID4495,@1tPp6&4SG
18953850,CID4495,E}iCokd8t@
18953855,CID4495,|6w>pYEmDF
18953861,CID4495,Ja6+zIpFhR
18953874,CID4495,dVS(c;zK+7
18953875,CID4495,h2w#=w<e0Z
18953877,CID4495,5d4Wk?Ks5Q
18953885,CID4495,%V9$LBU9U7
18953886,CID4495,TF`RG@7gy;
18953899,CID4495,drLg~UnohH
18953902,CID4495,yZw0jq4XTF
18953908,CID4495,RL8`DCrNz;
18953909,CID4495,(xAH3(hN+$
18953915,CID4495,tLiE-p?W26
18953921,CID4495,^)4LG9z#R@
18953924,CID4495,W{g~ZxY5a6
18953934,CID4495,Jh0~*nG>VG
18953939,CID4495,|92bFYI~c~
18953940,CID4495,Iak+fODZDr
18953942,CID4495,3(#eC$nJPd
18953945,CID4495,WiG-$y29;L
18953954,CID4495,5nuePVUXEV
18953958,CID4495,#=nrPSbANa
18953968,CID4495,aK(W>b{2-J
18953971,CID4495,hWscwe=Ds7
18953972,CID4495,yVZXEp7*8G
18953974,CID4495,%O5TsKG-~~
18953977,CID4495,2j~xf*<QF1
18953984,CID4495,_pEhRr;{tJ
18953985,CID4495,Ra;>(3FSmy
18953989,CID4495,u@&MgOC6k5
18953990,CID4495,Y5oD&X@4$|
18953991,CID4495,F<dOf#Gc;v
18953993,CID4495,8FROrmn7nT
18953999,CID4495,np5kaU6C=F
18954006,CID4495,hue1SmDzxe
18954016,CID4495,oQYZPPCYPm
18954018,CID4495,r>@=IXj3|T
18954024,CID4495,=6b<+3Fkj+
18954026,CID4495,BD8gh*C?hK
18954029,CID4495,r%Wim@D1rM
18954033,CID4495,RIWmod&-{_
18954038,CID4495,wZo{FPX#i~
18954040,CID4495,eUi~b9>@s!
18954048,CID4495,w&CTr$IlcM
18954049,CID4495,!XoKf>?I1s
18954051,CID4495,WHm#&bMs57
18954061,CID4495,{ugUWL2JBX
18954064,CID4495,8zjss3y`?u
18954065,CID4495,_PSS$tTVmF
18954066,CID4495,7zpoO+nK6}
18954070,CID4495,mdi%`oyKce
18954071,CID4495,p8VGB(!l<y
18954072,CID4495,@~v7!N+$7)
18954074,CID4495,xqt%$!g&?<
18954076,CID4495,P?_>X5Yf$V
18954078,CID4495,^M`FTMhRWi
18954080,CID4495,1?fcuMysiv
18954082,CID4495,!AdqvXC(z(
18954084,CID4495,Bam+Ef?V2O
18954087,CID4495,?oJw*(5Ilf
18954092,CID4495,5HS70^m9!}
18954095,CID4495,&zlRCL5Q+7
18954097,CID4495,WjQ-~F0De`
18954100,CID4495,NQm_b=-uOb
18954105,CID4495,^RIw$yvP62
18954116,CID4495,FgFahtZ3uI
18954118,CID4495,0sBa6mUn4n
18954119,CID4495,lCADEqk+v{
18954120,CID4495,gvW(e^vF#{
18954121,CID4495,4R#+%$EH2%
18954125,CID4495,smCI~D*BJ>
18954126,CID4495,u}pDW@j#H3
18954129,CID4495,Z%ySEa^^u}
18954130,CID4495,@7eL>{CNq^
18954133,CID4495,=@Tl7My@yR
18954148,CID4495,*?6VRP#Zmr
18954151,CID4495,diM2J{BvSE
18954153,CID4495,Wz#_{dh<&%
18954155,CID4495,#(N@*Pt5p5
18954156,CID4495,sdbS2tP=zm
18954161,CID4495,5q|d!bET{z
18954162,CID4495,J&j#f01&5w
18954168,CID4495,zKnRgdTR^v
18954172,CID4495,Pdo8e5M=En
18954174,CID4495,&`NQ?DQCXQ
18954176,CID4495,pT!~?)g86<
18954186,CID4495,w}H%za$@(z
18954192,CID4495,FvG1wvSlkz
18954199,CID4495,PBLjOY2~9(
18954200,CID4495,<<+`)ueC))
18954204,CID4495,sHf5+6)%DN
18954211,CID4495,oJ9sX<PD*Q
18954213,CID4495,3_O_*_%Y4z
18954215,CID4495,i=Rx1!pfQ^
18954221,CID4495,G7CjSo*Fe+
18954222,CID4495,GB(WcK^Zk+
18954227,CID4495,;N?OR2fSB_
18954228,CID4495,!*YCmc0f=9
18954230,CID4495,D5<QZE{Sq3
18954232,CID4495,&b;N7qy?Qi
18954234,CID4495,)#Bf998;0H
18954235,CID4495,+B%I6f{t0h
18954240,CID4495,mHpy!W!3#U
18954248,CID4495,6qnBqj^{5_
18954253,CID4495,yk{>uIMz6)
18954257,CID4495,Q8HF7qs|DC
18954260,CID4495,q)yGh5_*Y4
18954262,CID4495,<uj%m@p3<{
18954267,CID4495,i&^p}(puGd
18954271,CID4495,vVq~%9IlIm
18954276,CID4495,Ifo_egwzeZ
18954277,CID4495,7Ipnd`^WKX
18954279,CID4495,^mKpiAj{}I
18954287,CID4495,QmICJKqBJU
18954291,CID4495,MB<6neIt3-
18954292,CID4495,Lcj}91Y~o-
18954296,CID4495,%5$l+*pw{r
18954301,CID4495,?ZI-sH&kdK
18954304,CID4495,sL>y|@QGhs
18954317,CID4495,rBkeNRFWfl
18954318,CID4495,Oh^tWhde$|
18954319,CID4495,STiG-%kA96
18954327,CID4495,Kw8cw+ptQl
18954338,CID4495,YM!RM3|$W{
18954339,CID4495,S0j?oCk0Yh
18954340,CID4495,EpjqJAkIkY
18954341,CID4495,8j*lr`bx<<
18954342,CID4495,2$<{P3WShI
18954346,CID4495,BnjnAOT+wQ
18954348,CID4495,eC&|}*Pm^H
18954354,CID4495,lr5^8Rg-H_
18954356,CID4495,s8~IJ{OAL|
18954360,CID4495,1e|qmR0dow
18954362,CID4495,7X@Am29U_7
18954363,CID4495,XAU6^HqDu1
18954366,CID4495,jEkS^!1jh5
18954370,CID4495,#vse5YI8ec
18954371,CID4495,8daF2PLY=S
18954374,CID4495,apl>|cqetH
18954375,CID4495,iJ5|GKsq3;
18954381,CID4495,9DDQxpNotI
18954383,CID4495,p3?HYzTzKT
18954389,CID4495,2<K<!wc!U_
18954395,CID4495,2-u8iIl(FO
18954406,CID4495,h9n~8iiX4*
18954411,CID4495,s7;E#fv&->
18954415,CID4495,zA>gt0pN7!
18954444,CID4495,yBhF{WrV*&
18954447,CID4495,qBv5kLia+v
18954450,CID4495,vg{|+WwjT3
18954453,CID4495,H#=y#X3{2X
18954457,CID4495,s1)pA+qlGQ
18954463,CID4495,4C@{t><}F}
18954465,CID4495,HI5te7~CIs
18954471,CID4495,RbsRuPAC^{
18954475,CID4495,9g`u9{Vk*d
18954476,CID4495,nw}|<Nczyi
18954477,CID4495,TaxU;*^$?5
18954483,CID4495,uB@~C8|Y4F
18954484,CID4495,XYAmp_dS=Q
18954487,CID4495,9!8#M{32?r
18954491,CID4495,wG2S9Jz;1I
18954500,CID4495,4&nvl3;$Vf
18954502,CID4495,4xG<B)Q`Co
18954503,CID4495,dcjX;#3k|6
18954506,CID4495,@ML~hMn^Pz
18954507,CID4495,uGr*HJITpZ
18954510,CID4495,ET^ZH0Jgr>
18954513,CID4495,0u&Y!3YI`h
18954514,CID4495,$t}(*ha)oQ
18954518,CID4495,$60F03sa~=
18954521,CID4495,b3%dg$R_uI
18954523,CID4495,Po>(W)SvJ_
18954534,CID4495,9ILgNibz%L
18954536,CID4495,U|#xYJc&#N
18954537,CID4495,ySj2+{a?EN
18954544,CID4495,tm>|M17IGn
18954555,CID4495,{K=zcT!4TQ
18954558,CID4495,(ZmvOIAn-0
18954563,CID4495,wTq~j*>o8A
18954567,CID4495,7&I8DJQ<uR
18954569,CID4495,s!puTzPS}o
18954571,CID4495,>py^36o)v@
18954574,CID4495,DexC4`~Yco
18954581,CID4495,Zls$x9CKz!
18954592,CID4495,+dFWUqqd+r
18954596,CID4495,e<zlRS<;AQ
18954601,CID4495,_Nqv>16Mgc
18954604,CID4495,(BrEpm@!G$
18954612,CID4495,)~^b}gO>51
18954613,CID4495,6!(|!JMG(M
18954615,CID4495,J|ifUhnc4?
18954620,CID4495,=$t_~B9umF
18954633,CID4495,pz792>=s*0
18954644,CID4495,u_+TPwIE7g
18954646,CID4495,gaw=-uw&_a
18954652,CID4495,5n$EsLO<6j
18954654,CID4495,7`0?a?kleh
18954655,CID4495,3)it2(H~Q~
18954658,CID4495,0b#W2XH3ey
18954663,CID4495,gv4}4T2i}!
18954670,CID4495,FX^`liw{@c
18954673,CID4495,Du+syw(VU~
18954675,CID4495,MhQ(PWfjnm
18954676,CID4495,*&u}1*U1+%
18954683,CID4495,RRBr`iz7@V
18954684,CID4495,L@g}`zdCcj
18954685,CID4495,o!nD8y%O6}
18954690,CID4495,ZAF!jfKYm4
18954692,CID4495,^ObL>Elgz{
18954693,CID4495,Pt6=in=<RM
18954698,CID4495,3yY6FcRdog
18954705,CID4495,jXz%@cyk_y
18954715,CID4495,K~gCz=EM?+
18954717,CID4495,qmpHZyHs@L
18954721,CID4495,^Awt2h+|Sx
18954726,CID4495,TTuY4mBAE@
18954728,CID4495,&3Z=FQt(q_
18954735,CID4495,J-NJY)pSH~
18954738,CID4495,hNha}vN{&(
18954748,CID4495,*wOonAc<oJ
18954749,CID4495,`8&kd$u7Fb
18954755,CID4495,moafvNqXG}
18954761,CID4495,)_O_BPTO?A
18954762,CID4495,>4DgY`$GSm
18954763,CID4495,xf>eg^!Xyl
18954778,CID4495,B(bRLs^j5s
18954780,CID4495,>T_ak-Fq8q
18954785,CID4495,1jgDr5a-yr
18954788,CID4495,o9xHSa*EW4
18954804,CID4495,8FdN?O~%qc
18954809,CID4495,5eE>H(6@`h
18954810,CID4495,-V2=C0LJF>
18954812,CID4495,btEEo^I2*8
18954820,CID4495,of}14Y~30W
18954822,CID4495,KsF>8tO!FI
18954824,CID4495,zA?_4cYr%E
18954825,CID4495,jkz0`Q<nS1
18954827,CID4495,tf3(~M#I%A
18954830,CID4495,Xu<to->O4v
18954835,CID4495,<niTfTq^p_
18954836,CID4495,4nK-D-Z9(M
18954840,CID4495,&}}DR*;OE$
18954847,CID4495,6qBl%)P*od
18954851,CID4495,9)b897F02c
18954854,CID4495,5iNX5gI~3O
18954865,CID4495,gzFV)!%i?^
18954866,CID4495,-{C=25brVF
18954867,CID4495,+>S&_1XyGM
18954869,CID4495,K((z~GrSk9
18954870,CID4495,If<f%dfJB@
18954874,CID4495,pmDzmhl^1@
18954879,CID4495,Z9$@Av6H<P
18960531,CID44971,kW0BVackRM
18960532,CID44971,sNlo<m34JF
18960534,CID44971,YpB?jVPC&F
18960536,CID44971,HUA4w_BK%Y
18960537,CID44971,fCSZpb-ZQi
18960539,CID44971,`Mpo^VBaX0
18960545,CID44971,`@!Xr+OU-B
18960546,CID44971,zfWZobI3LQ
18960548,CID44971,yD#b7yyo9(
18960549,CID44971,wS#k0Xj}L4
18960553,CID44971,iLTB6{D#6R
18960556,CID44971,t?>D+So6yB
18960559,CID44971,FLvTKGpfw1
18960563,CID44971,HeI(oq39Lv
18960566,CID44971,*my0Wt+g<_
18960567,CID44971,1T_~_6~Vog
18960568,CID44971,v;y5jjH;01
18960576,CID44971,2O=6kSzF|i
18960578,CID44971,ITb$7h_|t?
18960580,CID44971,9H`Dg(%X({
18960589,CID44971,ce6<p0`_gV
18960591,CID44971,AE@b*Fj<;*
18960597,CID44971,X+Zysy~`TD
18960600,CID44971,E8XVXH&3)*
18960601,CID44971,q+qw(qNIHv
18960603,CID44971,zs!qd1WE)P
18960613,CID44971,$1!Ign*R;%
18960618,CID44971,AdWSuJx4V>
18960622,CID44971,Hw>@lndg6#
18960629,CID44971,sfXdJbs3Z8
18960633,CID44971,{?!7!<9uB_
18960640,CID44971,R8lW*H}Eun
18960644,CID44971,SsZ`p(i~ug
18960645,CID44971,<daE$PzKDm
18960647,CID44971,*MiF5@PS$4
18960648,CID44971,EyK*BRjV$S
18960649,CID44971,S5YrZ?tkUd
18960653,CID44971,_-hKAe2Yj{
18960657,CID44971,KsJKyaK~8}
18960661,CID44971,UAx;CKgq?z
18960663,CID44971,kYs<vf1TR;
18960665,CID44971,mr8q#E!yM;
18960676,CID44971,O#$+NVLw2U
18960679,CID44971,xKGdOH$X!m
18960682,CID44971,*}ID4!Nr^+
18960688,CID44971,^In=gBuKwh
18960690,CID44971,Z1J(^`gdEi
18960692,CID44971,XF%BRd&`b^
18960695,CID44971,rnb*l=pnrJ
18960699,CID44971,d18(#PM~X<
18960706,CID44971,VT}Iv;b$Ez
18960707,CID44971,aJP(-!BRts
18960710,CID44971,$;8+Hf48Wr
18960712,CID44971,LDTfOZ6Zv(
18960726,CID44971,KqWeN)7LUq
18960728,CID44971,I2Ef7onFo(
18960732,CID44971,34c)78s*%~
18960733,CID44971,@;0B;o<F+G
18960736,CID44971,Bl@dgwWvBi
18960739,CID44971,D&V%e0@D$A
18960742,CID44971,C|@rb`g(4p
18960750,CID44971,V)_`r;yU%B
18960752,CID44971,M3t^lxY&&1
18960764,CID44971,K?_xXqu3Kp
18960766,CID44971,dh-O&Q<t<1
18960772,CID44971,h_nKcblg}(
18960776,CID44971,7TEw8j!AbO
18960779,CID44971,oD}DdnLU1|
18960781,CID44971,jQDaiBPi&&
18960783,CID44971,rn9j(gzsn_
18960788,CID44971,7`1=mZZZ|$
18960789,CID44971,4d}omV3?VT
18960793,CID44971,N_>Ik4NKAI
18960797,CID44971,llgrXzGvX>
18960801,CID44971,{*DeU3Q)<O
18960802,CID44971,xH{M;(n%64
18960805,CID44971,TSKtwEo=zd
18960808,CID44971,Pdy~pBvI{d
18960815,CID44971,3rAk}j%=Nb
18960816,CID44971,jGlzu1(jCU
18960817,CID44971,!^I4pByw#O
18960826,CID44971,A?MfWD0n#{
18960850,CID44971,bd2RZs4F99
18960852,CID44971,XfGZZfXZ1g
18960857,CID44971,g_FkAW+0iv
18960858,CID44971,pnmN$(aQ6U
18960861,CID44971,UCG*=QWgR;
18960863,CID44971,SJPBH3Jk;u
18960865,CID44971,|M=^IHF&6w
18960866,CID44971,0*2uji}|W*
18960867,CID44971,3xy6UM9;+8
18960870,CID44971,S^|&2cYK8r
18960873,CID44971,th*O@q)@|N
18960876,CID44971,3$w+=VtY~L
18960877,CID44971,yB(|!Zx7*a
18960882,CID44971,FN;Se${pZ$
18960885,CID44971,TrN$~$9v|m
18960886,CID44971,z(!OmhQ#4{
18960892,CID44971,$Q<LvCdY++
18960895,CID44971,h?~Cny#kQI
18960899,CID44971,srbhf=%F|Z
18960904,CID44971,>{xk<$ucjb
18960906,CID44971,4C4c{2$C%8
18960909,CID44971,h{#8W9P!P6
18960913,CID44971,M$MsxTs7!*
18960916,CID44971,(DewxA3vF0
18960918,CID44971,I#9GWi9Lq(
18960922,CID44971,Hi=Ha5J`Ik
18960924,CID44971,#Z=l{uE&_C
18960926,CID44971,!cgOws^dMp
18960932,CID44971,8NK81%u$G>
18960935,CID44971,pEFkR=zD^Z
18960938,CID44971,!n|=w{$u4L
18960945,CID44971,SYKN$vCFe0
18960949,CID44971,qq3wQ5X6rg
18960953,CID44971,jyh90oko`J
18960955,CID44971,WwK81*f-wI
18960959,CID44971,kZ(p_5H3;&
18960960,CID44971,Ed4kf^frey
18960965,CID44971,EsKZO`zTpV
18960966,CID44971,Xm(BneAW<8
18960969,CID44971,tN=(tmC2_x
18960970,CID44971,3N%VSc`agZ
18960973,CID44971,S2gPV?!H9=
18960979,CID44971,{-Ouevv>vp
18960988,CID44971,btNd>(_2pv
18960989,CID44971,so8z6wUmXX
18960991,CID44971,Tdn$HlRTrq
18960994,CID44971,z*^)L!}bHS
18961001,CID44971,S!d`fiKJlX
18961002,CID44971,+SE`6clSV`
18961005,CID44971,Jn&)|ruG}N
18961008,CID44971,gVa!6KTWD#
18961019,CID44971,Qiv~TOAkl^
18961020,CID44971,j(a5c-|dYI
18961022,CID44971,!aRcaBTVn{
18961033,CID44971,OIpl*{#pIO
18961037,CID44971,$w>j@jCkgp
18961040,CID44971,*^LcWt-&U<
18961042,CID44971,P;`PY^&h}I
18961045,CID44971,$~dX@1;PS5
18961047,CID44971,wI$;F%3HpQ
18961056,CID44971,bK{xlj(Me}
18961057,CID44971,iL@9%*Naj{
18961066,CID44971,X2=ac?f`(p
18961069,CID44971,yHg`qON&z-
18961071,CID44971,;-Afx8`M9D
18961078,CID44971,<B!v>@HQ>w
18961084,CID44971,#49^(jZ>#I
18961087,CID44971,G$!s!ii5zu
18961089,CID44971,c3HzEqP0g|
18961091,CID44971,sDGF+Pos-`
18961095,CID44971,EoBl-YikYU
18961105,CID44971,XBk8bgTE>N
18961108,CID44971,Ao#qchX@nB
18961113,CID44971,amvnazPDka
18961117,CID44971,+QUNy3{*QK
18961119,CID44971,#(T;LkH(nK
18961122,CID44971,Zj?k9*pF_1
18961124,CID44971,INN?J==Wh!
18961125,CID44971,s>p`Oy>tb(
18961129,CID44971,Q2zrH{II<e
18961130,CID44971,d9-rn(!5Kp
18961133,CID44971,<~+Tj=lNTS
18961138,CID44971,nY~(aw4E~i
18961143,CID44971,4H(VAnQ$1#
18961156,CID44971,aIdRg3y3p6
18961161,CID44971,B@AMp^zqbF
18961166,CID44971,%Bl&#+@(+O
18961169,CID44971,9DDs<-wDqc
18961170,CID44971,RSvu29{O)5
18961176,CID44971,jFRVygec%a
18961186,CID44971,F46eB*Z<}z
18961187,CID44971,_gcxAYtPn7
18961189,CID44971,t$II?AYX8(
18961190,CID44971,5ifxnWWPws
18961202,CID44971,9jKmQi_#+w
18961207,CID44971,Lh~Te?DRDb
18961209,CID44971,)`+}BYRabS
18961212,CID44971,-o%N2w?|Xw
18961218,CID44971,mF2>$h~yTp
18961228,CID44971,-^VHx)Y^uJ
18961229,CID44971,^deadlt;yG
18961234,CID44971,=ZGp<xFc~@
18961235,CID44971,2VlQ3nN(m2
18961244,CID44971,G$xB$3Lxo=
18961248,CID44971,qVLDhOb^Kp
18961253,CID44971,j%yif3lfK`
18961255,CID44971,FhnTZKTZl)
18961256,CID44971,DoHm-34SL(
18961259,CID44971,Y3Ajguwoc0
18961262,CID44971,S1<mk{GmBZ
18961264,CID44971,oQG8WX0_;&
18961267,CID44971,Pn<=jy8i{n
18961270,CID44971,`4K2!)*pB~
18961272,CID44971,{7~OedI+qp
18961274,CID44971,=;ANIHvs|p
18961277,CID44971,IkXsY&sdt}
18961282,CID44971,8+h&JDGzYR
18961283,CID44971,;kh$njn-%p
18961284,CID44971,r1@pb{b`2_
18961290,CID44971,ZQ0Xh`F!3Y
18961308,CID44971,<B}LrRpor6
18961310,CID44971,;cpeb{?)cX
18961311,CID44971,5AQb<^EB2G
18961318,CID44971,3vmhH07A$Y
18961319,CID44971,s1Jb(LQVdf
18961322,CID44971,_?b~nVh#o3
18961323,CID44971,V)zAD>5iKr
18961327,CID44971,8KuqutI6y=
18961330,CID44971,2nwZsyDxCt
18961333,CID44971,-b#Ku4HM}W
18961334,CID44971,Ml5`fZH&)t
18961341,CID44971,G~;3SNn?LG
18961343,CID44971,vx{jKR&Lnx
18961344,CID44971,pJn}4$nJ$y
18961345,CID44971,{A}n8K!ANu
18961351,CID44971,rZHKaB3e&Y
18961352,CID44971,Ed|fiAX!c<
18961356,CID44971,Q;PIm@uFIw
18961363,CID44971,y0hR7K>uS9
18961369,CID44971,Xi=NkvaS#Q
18961371,CID44971,UqP(^9qa9#
18961380,CID44971,_68>h)ImCe
18961381,CID44971,6DO5kOH-hc
18961385,CID44971,8cBefKf|Z~
18961395,CID44971,8O~7<4L5vD
18961396,CID44971,@X$)MpO<2Z
18961400,CID44971,pcG7D;+A^f
18961406,CID44971,3t8CQkPRHX
18961407,CID44971,(aZoHQ;$96
18961415,CID44971,+O>+@KI;Fy
18961416,CID44971,S_#gca{y1*
18961417,CID44971,WCJ9pYCis(
18961418,CID44971,xL||hcm7Wr
18961420,CID44971,<gCjRD35KR
18961434,CID44971,M$jpS&t(a0
18961437,CID44971,rbgIg`!uw3
18961439,CID44971,7q;S6%OYqd
18961441,CID44971,r7bX`&?pIv
18961444,CID44971,lCwZkU%2^J
18961446,CID44971,klvhvj<?EX
18961447,CID44971,)cWCH(W7&;
18961454,CID44971,x;>q~f_fFh
18961457,CID44971,f|-&3L%VAP
18961458,CID44971,NCKVZ;op*P
18961461,CID44971,Q6QfF(j!qM
18961463,CID44971,nf?FIdX-e)
18961467,CID44971,5GR<(RF&pI
18961470,CID44971,)$l68CBIRf
18961472,CID44971,fEdN-m4mLV
18961473,CID44971,k-dSeMCB|s
18961477,CID44971,<)v@(YwC~m
18961480,CID44971,@H+mfWTSc&
18961484,CID44971,FI_58CS#TZ
18961485,CID44971,tjwoj{DPu2
18961494,CID44971,UX(y_3gM*+
18961500,CID44971,hhvQT#wFL8
18961507,CID44971,kW7OEmsn#_
18961524,CID44971,6k1n%fMb_O
18961527,CID44971,9~o+O-RWw9
18961530,CID44971,OatA`7?s}A
18961532,CID44971,g`q!{Y2Q&R
18961536,CID44971,K@4B+OJfaY
18961544,CID44971,_42nW>!(=e
18961545,CID44971,R$FI^lV6q?
18961548,CID44971,U#rux`)*#?
18961550,CID44971,M$zmCaJ2Zh
18961556,CID44971,K_0-3Ztl9#
18961566,CID44971,41k~etpIiN
18961570,CID44971,jU;TYa>74F
18961576,CID44971,Wt~W@1<o_a
18961577,CID44971,=M1AdP&R4)
18961589,CID44971,_K2t=>o5XX
18961590,CID44971,%uBCr8Y4ql
18961591,CID44971,T#sSrW~JM=
18961592,CID44971,Ev!Ksl`wqi
18961597,CID44971,>%BZ}O4l^b
18961601,CID44971,D%{6=Qn2E=
18961603,CID44971,n=ZNm>{c_6
18961605,CID44971,G)kb2O?o}_
18961609,CID44971,LjGo5EDs10
18961617,CID44971,uQRAlwFS$9
18961618,CID44971,4Y0No>d%75
18961621,CID44971,tyGW60|1uZ
18961626,CID44971,WRBq^Sp8Hd
18961630,CID44971,a(idGzHf1D
18961634,CID44971,U&WTIz?B2a
18961638,CID44971,S6mfm@5t>m
18961643,CID44971,bvFl2u(*uI
18961644,CID44971,P`&BU&(bgS
18961647,CID44971,XWq*MxZw(n
18961653,CID44971,Y>~m<FnfoK
18961670,CID44971,J9F<(@uAJj
18961681,CID44971,`Bh~`6u@1W
18961683,CID44971,JQY$O(ucug
18961690,CID44971,8_!6Nq5wVV
18961691,CID44971,h=9_0a5j8(
18961693,CID44971,YCL<o+XrGZ
18961707,CID44971,?!oCjAgh?9
18961710,CID44971,Q1T+jX!L1x
18961717,CID44971,<KnqfJQPJH
18961727,CID44971,b$#zX=pOR~
18961733,CID44971,bXo1wCHr(N
18961735,CID44971,$j`(PidKUI
18961736,CID44971,*LaD=R|Wbz
18961739,CID44971,1SSCv4lOL|
18961740,CID44971,pL}=B1OeK!
18961741,CID44971,F_gl{nMmO*
18961742,CID44971,l;Svk*U)jE
18961743,CID44971,TFn6<B>S^&
18961744,CID44971,W(fasP`!Iw
18961752,CID44971,kh4(jPfC%0
18961753,CID44971,RE8*noXocY
18961758,CID44971,5tImox}@Bz
18961759,CID44971,#nU-sr7KjS
18961762,CID44971,oAX}Wd$8Uq
18961768,CID44971,)knz_JnO<h
18961770,CID44971,jXS{-@DsSw
18961771,CID44971,T!)wAoIkBk
18961774,CID44971,RVE<RKjE~C
18961777,CID44971,*SD3VRNSUx
18961779,CID44971,gfC^*p0G=?
18961781,CID44971,GC@Z>Z~)Io
18961784,CID44971,ohBXKbK1Ut
18961786,CID44971,<Xp?8-;n~?
18961791,CID44971,10abv^e1@|
18961796,CID44971,qpQfmS+;d>
18961798,CID44971,if>=+9eW<M
18961801,CID44971,v5dIQ`hBk2
18961804,CID44971,r!pWR=z=q1
18961806,CID44971,+N)`ia`OOQ
18961807,CID44971,dR|wLz|DzV
18961808,CID44971,)PgHoJ$JvY
18961813,CID44971,*ptdB7`o9P
18961815,CID44971,nr{?uBnkl}
18961816,CID44971,B|GMkf|Gh#
18961818,CID44971,5&*+Q#HV@0
18961822,CID44971,g&Ar;MI-vY
18961833,CID44971,42^Y9o|S}!
18961841,CID44971,oGR7$MIv0s
18961843,CID44971,|9x*squXs)
18961844,CID44971,aO`(LN)r{g
18961850,CID44971,C*u;W;lDtD
18961856,CID44971,cmxGy!uaqi
18961859,CID44971,aq(s49eP5d
18961860,CID44971,((ljsznV?6
18961863,CID44971,)cV!~sxhx_
18961872,CID44971,INAGmXQsjO
18961874,CID44971,dUNPUzvu<-
18961875,CID44971,KskD&H1TX`
18961880,CID44971,2x)ZnQ%jsL
18961886,CID44971,+mJ%AqJUIb
18961892,CID44971,9@}I<3<O@t
18961893,CID44971,SDBF>dN)F8
18961896,CID44971,Oj#Xb7{T#_
18961913,CID44971,k<0B}cn1i{
18961918,CID44971,ZRdeB&6LUr
18961924,CID44971,Hq?G=<`Wxt
18961926,CID44971,%E}MXU4J<J
18961928,CID44971,F8sA4vqH?b
18961933,CID44971,?xJ!CB)oku
18961939,CID44971,B|b)wS5HJ%
18961941,CID44971,u?))Bb+>#v
18961942,CID44971,^weGZ#fW#5
18961951,CID44971,z@R|p_F%@U
18961957,CID44971,Fr^j}u!?BS
18961964,CID44971,FzWke#!G$g
18961966,CID44971,$$^a&hs+o8
18961971,CID44971,-VFA;c6V-v
18961974,CID44971,r9|K}&o$_5
18961975,CID44971,#PcPgAl1e!
18961978,CID44971,twJ+vDa<k7
18961980,CID44971,#ZJ@oTOH>_
18961981,CID44971,+OOewu&4w?
18961983,CID44971,s{W<_KZ6d{
18961994,CID44971,!e_HJ?zK#+
18961998,CID44971,zV%*BvLMwL
18961999,CID44971,(a@8yU8?FP
18962007,CID44971,td@$n6%QWx
18962011,CID44971,LB{j{eY7oE
18962013,CID44971,$>LONvmj;}
18962016,CID44971,KwvRyE7a&g
18962018,CID44971,p5&Is)4FQ_
18962019,CID44971,=G=S9C&he_
18962026,CID44971,H!tQ$q>TyZ
18962032,CID44971,oN6C!U2o45
18962033,CID44971,oaB;|9wVpa
18962035,CID44971,igU=L;*q-?
18962037,CID44971,G-Ihp@sC98
18962039,CID44971,s;+|{ee(w;
18962041,CID44971,S}To*!2g_z
18962042,CID44971,L=6s;<I`zK
18962043,CID44971,347<CC7ACQ
18962054,CID44971,*968PI{7QO
18962055,CID44971,@C@gn@JbrJ
18962056,CID44971,l1rB;{*-rs
18962058,CID44971,%_tw2@}7sR
18962065,CID44971,g9@><8Ny%{
18962068,CID44971,Ek%s$_q(tg
18962070,CID44971,xTZ%M9KB*U
18962073,CID44971,pT=8`s*p3)
18962075,CID44971,qfL$arBf2b
18962079,CID44971,QgdPO#7y0n
18962083,CID44971,F-na6vH_lh
18962087,CID44971,2;t*mN{0JC
18962092,CID44971,3wcqQX|k%0
18962094,CID44971,PPjZgmJ(YR
18962095,CID44971,=-gXMyS7@S
18962099,CID44971,&xU$h0Lj>7
18962100,CID44971,a@`EtU7=I9
18962102,CID44971,(!U3-*4ae!
18962103,CID44971,0#y*|-M-z#
18962112,CID44971,-y<1UcV8;W
18962114,CID44971,P9~guG>C;f
18962116,CID44971,8;^nKolBq=
18962121,CID44971,ASrjhI@<TZ
18962125,CID44971,Xq;;%I}HHC
18962127,CID44971,wXo^N<iMJ{
18962130,CID44971,nXpU^*gE@H
18962135,CID44971,3i;%{+|h35
18962141,CID44971,9|@>ufJB=d
18962142,CID44971,GzE65$>~&d
18962150,CID44971,Xi>}aQyR(F
18962158,CID44971,%bBxVL6y_B
18962161,CID44971,(h`9Jjp?Jn
18962162,CID44971,&iJ|Plh;KU
18962165,CID44971,x`fgEpgt%h
18962167,CID44971,kbNZdZg+PI
18962170,CID44971,XRJl8a6;BV
18962177,CID44971,1)C6KcGIeE
18962179,CID44971,Gkv0MKhF_i
18962182,CID44971,AFkd-Ribgm
18962185,CID44971,#oNGw=NI{O
18962187,CID44971,IM7hW-rWZJ
18962189,CID44971,j}<jxQ<`ir
18962193,CID44971,ey(dBu-*S;
18962195,CID44971,HYPyT9Zx`4
18962200,CID44971,4tJoj2+Nkw
18962207,CID44971,0rmo%Yn-B>
18962208,CID44971,vkJB&x$A!f
18962210,CID44971,Ly#<&OnpE`
18962213,CID44971,ave2;^`3}+
18962215,CID44971,P8vP_+d1D@
18962219,CID44971,x+^=S8rEBs
18962223,CID44971,{q{EWP4O>;
18962231,CID44971,_+;iO=>G8S
18962233,CID44971,C&k>l0CPcj
18969081,CID44991,Oo}3KvTh%t
18969088,CID44991,gA)}guRi^s
18969090,CID44991,#|Jf!A!YtQ
18969091,CID44991,CvXGM@|z-`
18969095,CID44991,XtkXV_Mv4n
18969098,CID44991,Cmzz)tZLgH
18969112,CID44991,kkv&IvvnAX
18969114,CID44991,_4XxL2-jk-
18969125,CID44991,=*U`NTweJC
18969129,CID44991,Ba}!6MH7F=
18969136,CID44991,9Qz8Ry(+o#
18969142,CID44991,iv51vcEJgP
18969150,CID44991,Az_Z%De@aJ
18969155,CID44991,@pm5FhEZz8
18969156,CID44991,{@L^yg_bkZ
18969163,CID44991,*W01-6(0zz
18969167,CID44991,{@xmTyrK>t
18969175,CID44991,Ed!{4nz&1b
18969179,CID44991,l*XVX3fg^!
18969181,CID44991,CXbbr;~#PM
18969182,CID44991,)e~DdYC201
18969183,CID44991,5zEAFb%ATh
18969184,CID44991,dC8r6o9#iX
18969185,CID44991,-KheNuD~m(
18969190,CID44991,<P6m#<t~H`
18969205,CID44991,?ImTCW&hkw
18969208,CID44991,80^AfgVoq=
18969209,CID44991,8iu+45I)|E
18969215,CID44991,da8K-A=Y1z
18969219,CID44991,$-)eG+#GSj
18969221,CID44991,s9@yk0s^2X
18969224,CID44991,?(U+icshv`
18969225,CID44991,v+yJiVf}C}
18969232,CID44991,5wP5q%_Tv*
18969237,CID44991,W(>et>vfrg
18969238,CID44991,(UNBt>{zI3
18969245,CID44991,**)0o?zeay
18969246,CID44991,t@hu;Q|kvC
18969259,CID44991,Fr%#`I={nt
18969261,CID44991,H<vxHG*N~I
18969265,CID44991,ok=LpJM<xS
18969269,CID44991,cBBPkOhdy)
18969271,CID44991,f$yqA&(9gk
18969275,CID44991,e-J`7=8@*_
18969286,CID44991,xP%1eMX-Go
18969291,CID44991,L8}Y#|9e7g
18986678,CID3963,J75t~`zU5;
18986681,CID3963,ozUc>!M$9G
18986683,CID3963,DS)+$jZpw%
18986686,CID3963,i2e$OECKir
18986688,CID3963,w#!^V1#X9s
18986691,CID3963,53D#gk!hyC
18986695,CID3963,x&YD{hNA;L
18986698,CID3963,qNqbA4`oJV
18986709,CID3963,i<@Ay2km0e
18986713,CID3963,H&a^|6hJIo
18986714,CID3963,fCKPwZv7)L
18986717,CID3963,ebqrWqp~eP
18986723,CID3963,HBxo%c8-kO
18986734,CID3963,oo$p<>{rWi
18986738,CID3963,!+{?+ZAlZm
18986739,CID3963,aAZ~!eJ%nF
18986741,CID3963,<t&j${2EOn
18986747,CID3963,6bV81L`0oA
18986750,CID3963,%pJ8+&9Wf!
18986751,CID3963,uZJ{v5w4Vk
18986752,CID3963,RR7=7u1`Kc
18986757,CID3963,VY#Ey<c&0~
18986760,CID3963,3&jv=OyaP#
18986761,CID3963,lMw%_K2cuI
18986767,CID3963,N6Yn2|5U4_
18986770,CID3963,768IWn}JVT
18986771,CID3963,1@U9%7`<-y
18986780,CID3963,`ya-i3Y#Yh
18986781,CID3963,90$OMoGp6d
18986783,CID3963,+K+nXCY*Q>
18986786,CID3963,P=2zE?kM@*
18986790,CID3963,Dst4Wb)gG=
18986791,CID3963,^3C4s(`j=Q
18986796,CID3963,b29KHG#JHB
18986799,CID3963,zytR|fWIwv
18986800,CID3963,T$%PtDjkG}
18986813,CID3963,LBEXT_Uqpf
18986814,CID3963,{b(i70^B8h
18986818,CID3963,FWgE88A0De
18986822,CID3963,sfjU~ZyH!p
18986825,CID3963,WP*%k2K`~J
18986830,CID3963,;Cr4ssZjx;
18986836,CID3963,W9OWnet>_c
18986840,CID3963,f%29qmZxd1
18986849,CID3963,M99K<v`bXi
18986852,CID3963,qeKtvce{-n
18986853,CID3963,K`00oY9ZsN
18986855,CID3963,cfy8U8mJKh
18986856,CID3963,iuV5AjgH2F
18986858,CID3963,EP_q{b-z_u
18986867,CID3963,XTg&U2uTF&
18986869,CID3963,M+-hAfV=ES
18986880,CID3963,3qva~$_tam
18986885,CID3963,cPC>|Jf{E~
18986887,CID3963,imC7+R_}$+
18986888,CID3963,FExsH_V<um
18986895,CID3963,L&jDiFf57e
18986896,CID3963,*h`<0-41ON
18986897,CID3963,ncnja#TY%x
18986904,CID3963,B-?m9_rb^z
18986908,CID3963,g$*SpOdmFh
18986916,CID3963,fs!s^&<`;6
18986919,CID3963,b8B0VNd(=P
18986926,CID3963,5^+XTaSkjz
18986927,CID3963,J=HBbN=9<a
18986928,CID3963,T$PbtMMur>
18986929,CID3963,#H6a7t^T^(
18986933,CID3963,SW(88Cqh<*
18986935,CID3963,ziBs}(m)t4
18986938,CID3963,U|I-fSGz>D
18986942,CID3963,SpEOIft&_Q
18986945,CID3963,jjfg9&dkmN
18986951,CID3963,`dF(ULH6$5
18986960,CID3963,yD+XSjrL%&
18986965,CID3963,S)^4J73R(5
18986966,CID3963,o58$Kwb}A*
18986974,CID3963,bYZV~hi4Et
18986976,CID3963,6!F9PiPgP4
18986983,CID3963,$X;%}G1MI>
18986986,CID3963,F~{3nV@X5W
18986988,CID3963,nWz<QXm0}U
18986989,CID3963,ff3HtsR0`&
18986990,CID3963,BZC5Imc7sL
18987004,CID3963,#2!LB;aVqJ
18987012,CID3963,@rYU&x}ULH
18987016,CID3963,M=fIJKX52r
18987017,CID3963,5NBM7G494Y
18987021,CID3963,JH0B@UMw-t
18987022,CID3963,2R2YW@>Uq}
18987025,CID3963,D;4mLm6fgw
18987027,CID3963,5Oy-Ny@;{!
18987033,CID3963,B7CKzrp}tx
18987040,CID3963,AD;DCCdS~8
18987041,CID3963,c|yCFLx<rj
18987043,CID3963,b%QRGA1RGb
18987044,CID3963,-%E{gcFj1T
18987051,CID3963,bI*B%xxGSB
18987055,CID3963,gQJNC)}RTj
18987058,CID3963,0wvBf7bC=w
18987061,CID3963,D%%lW!kV2i
18987067,CID3963,isK!}-wA+`
18987071,CID3963,iq0B~!X~w2
18987075,CID3963,z=w)hKu97U
18987079,CID3963,v;SDGX>MPS
18987080,CID3963,Sp5$6avCS*
18987081,CID3963,oye+lE`z5*
18987085,CID3963,_vw|U0$8%t
18987086,CID3963,us}fJEtzEq
18987089,CID3963,9c-wC4)k7!
18987090,CID3963,{kK-IkHOa>
18987092,CID3963,58c*Wna53n
18987095,CID3963,2X>QncqQ#h
18987099,CID3963,MjTmGt1eT3
18987104,CID3963,W14g}JsJ3+
18987109,CID3963,=({P2yBU9O
18987113,CID3963,+a^_eRn97-
18987114,CID3963,d~=)TvW4})
18987121,CID3963,n%{kVPiS8}
18987128,CID3963,H0ub8Fdh9*
18987129,CID3963,clfClOwmlk
18987130,CID3963,=SHH>qE&l5
18987132,CID3963,S1`zIyFP#8
18987137,CID3963,)Sp66;daj<
18987143,CID3963,do`(UgB?$s
18987148,CID3963,-;$ysW<!EL
18987159,CID3963,$7Co=hQU1Q
18987160,CID3963,3T0V~GmH;b
18987166,CID3963,Qu+N0C2eI&
18987169,CID3963,H$>l-=O~d{
18987172,CID3963,&XYKN!(e>Q
18987174,CID3963,CilbyM|w!>
18987175,CID3963,`_5uw++DG;
18987183,CID3963,wV*z1FS%{a
18987184,CID3963,p>{2+QvF67
18987186,CID3963,Gu|=k6ev}a
18987193,CID3963,ZNec$kC)p1
18987200,CID3963,6s<>K16Lq;
18987205,CID3963,-JhJhV;41K
18987213,CID3963,g!4#YjXwJ!
18987215,CID3963,bmK-PVw`AO
18987217,CID3963,DONNn)9-Ry
18987219,CID3963,$YPS()Ude1
18987225,CID3963,ET;=!!3wa-
18987237,CID3963,OvLlZ*`xMU
18987241,CID3963,TuY;ToLHrt
18987242,CID3963,K!P;12ie{Q
18987245,CID3963,$u_dQ1n%Ui
18987247,CID3963,(5qJMrY4n5
18987254,CID3963,j*%9Q5}bPQ
18987256,CID3963,(2THsUQ5Oh
18987259,CID3963,Y7YD4PlnFD
18987262,CID3963,vqxEc6qSwW
18987263,CID3963,ON5qt{M>AQ
18987264,CID3963,zRC#ttSwlf
18987272,CID3963,*9Uwnyb=vP
18987278,CID3963,;k?T=_ndS<
18987279,CID3963,n+ckvQBYZ7
18987282,CID3963,3>X8kmY7Of
18987283,CID3963,46|{R`-!vk
18987284,CID3963,Ma=z58*k%i
18987286,CID3963,kI@>zMS@63
18987289,CID3963,TP;{kfl6wG
18987291,CID3963,TAU{*(g{<W
18987298,CID3963,_!>UYJhnhn
18987305,CID3963,Mtp~kk*6F+
18987307,CID3963,J<C2j$Z3lQ
18987310,CID3963,BV{>U3PNQq
18987316,CID3963,XI<4BH+%)y
18987321,CID3963,)+}rgeQJmV
18987325,CID3963,oQ*Td9}o}~
18987328,CID3963,UAssv_>sJY
18987329,CID3963,@wxOV@fi96
18987330,CID3963,9p`p6cMkk7
18987332,CID3963,w!HA#4}~ri
18987333,CID3963,8;pXjuiWu7
18987338,CID3963,PD9@U-I+`d
18987339,CID3963,ngl1uEGUaa
18987340,CID3963,e;F!b1|*6~
18987344,CID3963,g{$CG!Elb#
18987346,CID3963,F;nz}<$td5
18987351,CID3963,Fch07ddcj`
18987353,CID3963,PK}HU;IMG;
18987358,CID3963,8V0zRQ(CVE
18987359,CID3963,d}ZrN&q-~f
18987367,CID3963,ktcjC<8P%6
18987368,CID3963,O#SCU(e)H)
18987370,CID3963,Gm6K`rHxAO
18987372,CID3963,X#DRtvRaL6
18987374,CID3963,uxPf3V6Kxt
18987380,CID3963,za7P5;sg?G
18987384,CID3963,$p4R;3U$*p
18987386,CID3963,vMWxf$EV5*
18987390,CID3963,-jVYHuBQf+
18987393,CID3963,|0R|rnEQK$
18987395,CID3963,*C$0<&5&Q@
18987396,CID3963,PxSBaQQYio
18987401,CID3963,I?6DQio?x<
18987404,CID3963,mub4`j&8Os
18987414,CID3963,b}_5Nj6-&=
18987416,CID3963,1KB$CV<4g7
18987420,CID3963,EJQ@!9ielJ
18987424,CID3963,^w%v_TM&*e
18987433,CID3963,{d5~xA6sMM
18987436,CID3963,a_wr_HPPkd
18987439,CID3963,&qf8H>S|^R
18987441,CID3963,jI!lf1}Cs?
18987442,CID3963,nn{J^DbY;n
18987448,CID3963,P>Ou36g@-0
18987453,CID3963,WSCrCAWoz5
18987458,CID3963,oB?(v>fHx}
18987461,CID3963,7+;~F_-c;Y
18987462,CID3963,FFxM5I@)#q
18987464,CID3963,QRJ0a=nV8Q
18987466,CID3963,*T|w(?)C<I
18987473,CID3963,3pp*3FL?ZO
18987479,CID3963,D6JJU!p>1i
18987485,CID3963,CcWYAKsT7R
18987490,CID3963,t3D~M;`E_Q
18987491,CID3963,jncz~%^&yT
18987494,CID3963,k#k<`!<S$_
18987499,CID3963,2fD6Sb=W|a
18987500,CID3963,Mi@q32mKR4
18987510,CID3963,zekWq0;B!}
18987512,CID3963,9LFkwLSgeV
18987513,CID3963,V1OMlSK7NS
18987515,CID3963,#aUijP}ZuL
18987519,CID3963,pB9T?ds!>a
18987526,CID3963,n`AT6b}2Yu
18987528,CID3963,x@Uy{g2L6Q
18987529,CID3963,+CYym^JXkD
18987537,CID3963,&%h|sd>~Cn
18987539,CID3963,2_eM*^$|AL
18987544,CID3963,_|KS>*Zyr-
18987547,CID3963,#7t&#NevCM
18987551,CID3963,<D62q;YQS{
18987557,CID3963,xLkfp_nKsx
18987558,CID3963,r6sHK8p@B#
18987559,CID3963,6jz_}79-V8
18987568,CID3963,rqcouBvg%_
18987572,CID3963,Y(paJ-q<<T
18987578,CID3963,6;ml^Lc^Nd
18987584,CID3963,*X{1G1(>Kc
18987586,CID3963,E+d_WN$Vnj
18987588,CID3963,Unj0;G1CQ>
18987591,CID3963,p^1AZYSBoX
18987593,CID3963,QS@$5o5KB3
18987601,CID3963,1281hz`*T6
18987603,CID3963,N1syZK7#Yk
18987616,CID3963,^}jUg6_8=B
18987620,CID3963,Qslp+37;`8
18987627,CID3963,DU3T=e`tbc
18987633,CID3963,BI*6rpp*-x
18987638,CID3963,7G6be1ST@f
18987639,CID3963,o|*p{a`sPn
18987642,CID3963,4;&M3Cz9iC
18987645,CID3963,x{-TH!iP~!
18987650,CID3963,Lfu^himUV(
18987653,CID3963,25oA`o5B>^
18987654,CID3963,Q+lN+F5HZ#
18987661,CID3963,t013ucz^=Q
18987665,CID3963,gPx%Oo59Ko
18987667,CID3963,?>)y{bN=-b
18987675,CID3963,y7v7SD?YCK
18987688,CID3963,cryd}!iPjO
18987694,CID3963,DDkrXE<GrY
18987698,CID3963,@ik=zzO73;
18987702,CID3963,!VIH;8->S9
18987703,CID3963,&CD}^=qC{p
18987705,CID3963,lgoF=`O8t^
18987707,CID3963,IQL~Gr(Q4s
18987710,CID3963,b9bViRXhe9
18987711,CID3963,`e>b8uTk6i
18987714,CID3963,%2BidSGQ&w
18987715,CID3963,4t=o#smRT=
18987716,CID3963,U$}@m<Zwuy
18987726,CID3963,fUQgA=2JMH
18987732,CID3963,+H?^l>Fsc7
18987734,CID3963,T)bO(-%mCr
18987735,CID3963,xK^9(1huQm
18987736,CID3963,Q?7mGBx}3A
18987738,CID3963,ETYR$bri3k
18987739,CID3963,NFp&q(~zr{
18987743,CID3963,TtgKs8RefQ
18987747,CID3963,!j$H*TqLMb
18987755,CID3963,@ReL|P`;3(
18987759,CID3963,$G_4EMjeot
18987763,CID3963,65NGGONapd
18987764,CID3963,ry1&KXEVs6
18987765,CID3963,^z{{|;N*Re
18987766,CID3963,=EyCLE`x3F
18987771,CID3963,1~&;gKapRh
18987787,CID3963,P|XDSrhjMo
18987794,CID3963,7=~A+t#(+`
18987797,CID3963,E<);<-?+uT
18987802,CID3963,P+@R^@32tn
18987805,CID3963,Acw`EW(D<B
18987809,CID3963,;_`d@@Xy`p
18987810,CID3963,0g_)rB~9eA
18987815,CID3963,TX9<WE%0%X
18987818,CID3963,XZKhT-l{Zc
18987823,CID3963,O%pAUt-?ge
18987827,CID3963,Y6CvJvG<UH
18987832,CID3963,{KomQ94`!B
18987833,CID3963,o`?Mk&_%tg
18987836,CID3963,eCa*a3qE_o
18987838,CID3963,W~OGlR7Up}
18987842,CID3963,#lVWTmL4QP
18990819,CID4463,kUaQe*4<im
18990820,CID4463,i6NYeoKP?$
18990829,CID4463,2kfk_4!9q3
18990836,CID4463,B?RCC-J=X+
18990841,CID4463,jQ3Mhm0ZQ|
18990845,CID4463,iZh`|7<enV
18990849,CID4463,ifqM}Q*4^O
18990850,CID4463,&c*Cl)zX*I
18990854,CID4463,jXvggqkg*p
18990866,CID4463,`!>h(Aj;V$
18990869,CID4463,18+5>ISHC7
18990876,CID4463,Uy*HH=Xs2j
18990877,CID4463,3ou^wZHs$k
18990891,CID4463,X8IvYSEdek
19011465,CID3941,BN_HW`TMaE
19011467,CID3941,rQ=z!I#V}A
19011475,CID3941,C7rw{0rFBr
19011484,CID3941,9=)ySOJ$LJ
19011491,CID3941,PDkNl$E_P4
19011494,CID3941,XQ>&bkdn&P
19011503,CID3941,#d@9xc&ZX^
19011506,CID3941,+9<FRB>Yy+
19011511,CID3941,Uq)eV3jHl;
19011512,CID3941,*izRowGbvd
19011515,CID3941,b!tm=MgB7F
19011519,CID3941,7$=JGmeJam
19011520,CID3941,aIp16m|EY!
19011521,CID3941,yul3ZZ97o(
19011524,CID3941,#r>ali6G{k
19011531,CID3941,rsa)e(YHSg
19011532,CID3941,enB$`0zOd0
19011533,CID3941,L?eyA7w6^;
19011535,CID3941,`TaSP!KhUd
19011541,CID3941,3|vPrGd>|(
19011543,CID3941,ZJKk`kDZ*a
19011547,CID3941,nZuj%16C*9
19011548,CID3941,4xkDFvUgRk
19011551,CID3941,xNPWvl`4d%
19011554,CID3941,%Ck5(gjbY@
19011565,CID3941,Yz1Cw?d#H|
19011569,CID3941,P4!aUc0!4!
19011574,CID3941,2icmpj?xk!
19011575,CID3941,DxBpP{<V8f
19011578,CID3941,&w3si!@rZ`
19011582,CID3941,6XyM|RU11m
19011583,CID3941,=t@4M_s@Zx
19011584,CID3941,f!*mc-Z2ZP
19012444,CID3948,I^%^ReYv3|
19012450,CID3948,qP9OKRzxq{
19012456,CID3948,vokqb{h_IL
19012457,CID3948,b!EFtQS5Er
19012459,CID3948,IM>wtJU|81
19012461,CID3948,7x8v+f?KZE
19012474,CID3948,GMn{XUFxI)
19012481,CID3948,6`hj*|Iubs
19012484,CID3948,G$2eRFbRyL
19012492,CID3948,f?6K5hE<Oq
19012502,CID3948,h-$H@8ScmP
19012505,CID3948,fp5UT`Fn4_
19012521,CID3948,f*h1|=tWb9
19012528,CID3948,Ihz4F@^%z!
19012530,CID3948,h5=cZ)O3sa
19012535,CID3948,J~wH{%*mX2
19012538,CID3948,058WJe>Q61
19012541,CID3948,wft=7DFDA%
19012542,CID3948,@J2&01lkhm
19012544,CID3948,awX!T7MqZm
19012545,CID3948,7FcoWwfXDg
19012550,CID3948,m&J}Hi|)b&
19012555,CID3948,brv>TwyD{%
19012557,CID3948,{GOpbRv6UU
19012558,CID3948,^MC|Ub>g)Q
19012559,CID3948,u6@3EIlPwk
19012566,CID3948,%n;cjNlUBd
19012567,CID3948,rV=9OI}Wuf
19012568,CID3948,+ZNyE?lzqj
19012571,CID3948,d8kC5yBt8m
19012573,CID3948,%a0~DB=p<p
19012577,CID3948,tze#)N&NhI
19012588,CID3948,FpoEVW*bIC
19012595,CID3948,?U&s$pf^se
19012596,CID3948,=By6xde%z&
19012601,CID3948,dAoG>I@=`O
19012602,CID3948,x3vS{29l&3
19012603,CID3948,z?3d9^~KJD
19012604,CID3948,i)O$O;grH&
19012605,CID3948,o7k_)6_`f5
19012617,CID3948,mzJx8;}HA5
19012620,CID3948,D>vEcqPK8M
19012622,CID3948,UC@48aVr?<
19012624,CID3948,zSz2;G9|CI
19012627,CID3948,Jz|@MvvSK%
19012633,CID3948,{g_rYRSPcK
19012638,CID3948,Ilmek?`V)f
19012644,CID3948,LOrED=2c`o
19012646,CID3948,1s>^<uW_um
19012652,CID3948,m|rZS1Q^{5
19012656,CID3948,EGvr5y+h#9
19012660,CID3948,a=BG3wr3tq
19012663,CID3948,A(q;!<At8D
19012665,CID3948,Ks{W*nekQG
19012668,CID3948,#hFrM_~-1g
19012670,CID3948,y3OaCH#4vU
19012677,CID3948,@gq(~XB0vY
19012684,CID3948,HG1EEhhSfL
19012690,CID3948,F007i8S`}=
19012696,CID3948,xLQ&uRWHpn
19012709,CID3948,D)^=f#&sPx
19012717,CID3948,Af#U<YnUK#
19012718,CID3948,hQD2SH$`tY
19012725,CID3948,m@(2w+$VsS
19012726,CID3948,{gTt5Rs>aZ
19012731,CID3948,5vK(kGIhhL
19012732,CID3948,rWnpD<2uLE
19012736,CID3948,C;SWg0CNN4
19012740,CID3948,DZ=HQ)QP;S
19012741,CID3948,y+XjM0gtk4
19012743,CID3948,q;Z*5wzm_u
19012750,CID3948,LPWgO7@mz%
19012754,CID3948,Gy-Nn$g1;~
19012755,CID3948,b<rRF0AxZo
19012757,CID3948,pz1R$?u^1(
19012759,CID3948,o)^s@>LEZv
19012766,CID3948,<Yetoau1M;
19012767,CID3948,hK(~1ltBPH
19012768,CID3948,1|?1<^bYB*
19012769,CID3948,<IERw@6j#*
19012777,CID3948,s|dt-x8q2m
19012781,CID3948,S#qOe99A-l
19012785,CID3948,e>=ftCa(f$
19012791,CID3948,f=O1SQ|08l
19012793,CID3948,4-%#@0xxd=
19012796,CID3948,b^)4?v6K1b
19012797,CID3948,rV71Ol`X+S
19012805,CID3948,<A$8wEtP_T
19012811,CID3948,jvC5ITq@*E
19012825,CID3948,ey@t}u<D0W
19012826,CID3948,dIH}Ytkbl{
19012833,CID3948,e|f=UOiH5H
19012837,CID3948,*9=WUhf3zP
19012842,CID3948,dhr{QH8roy
19012849,CID3948,@p;L4IIIff
19012853,CID3948,;{({31;Wr<
19012856,CID3948,>huF}NHG(e
19012857,CID3948,Fs@YJpiLjv
19012860,CID3948,O%&9)fZNhO
19012862,CID3948,d5}4I6>%=^
19012863,CID3948,QPAXPE_wyU
19012864,CID3948,%&i4<BCZ|v
19012872,CID3948,1gF&;G50l^
19012873,CID3948,i-R;>g6-^G
19012879,CID3948,(bfoJXq;#G
19012891,CID3948,)pE(dGlT5e
19012899,CID3948,Sb^yqa+`cD
19012904,CID3948,c~sTUFIxe^
19012905,CID3948,81<Qot`bY3
19012906,CID3948,67a^hTp{s5
19012907,CID3948,{@_VIPPL|o
19012911,CID3948,3v2Dj5VM1Y
19012920,CID3948,OfJFiHJ={(
19012921,CID3948,`A}_<)DeNw
19012927,CID3948,F2UHmBnp;!
19012928,CID3948,cJM4pjkih|
19012930,CID3948,k*o%I2np%0
19012932,CID3948,BYg4HKY)L_
19012934,CID3948,eCY~$+l!1m
19014749,CID4067,j)#VK8Jskc
19014750,CID4067,>_Z~{#(x5{
19014755,CID4067,p)!Xk>)yix
19014756,CID4067,5A`C+2<z)n
19014758,CID4067,vrcun0j)`_
19014773,CID4067,V1-W<<Ff1&
19014775,CID4067,%?ECox^+=c
19014781,CID4067,{JV9mq~<u6
19014782,CID4067,_3a%)`A}!r
19014790,CID4067,3~b46rRt)}
19014791,CID4067,t5vnt1G`D*
19014794,CID4067,Y37&7B%Ul^
19014797,CID4067,LHWd<iYwu4
19014801,CID4067,4JE=MvG+#)
19014804,CID4067,jqoIL-vjlu
19014806,CID4067,k@U<cK<-^v
19014807,CID4067,cirjp$JZjT
19014809,CID4067,@|X<|WKe73
19014811,CID4067,gADgV;|;MU
19014813,CID4067,R{;`hkOxKp
19014814,CID4067,Yub$&ZWmc7
19014815,CID4067,G{u7T|L<#~
19014820,CID4067,0UR;YSb%<I
19014824,CID4067,n`?m1*c>Y6
19014831,CID4067,f?`rJ)5jR!
19014834,CID4067,IJ<u<th_ty
19014846,CID4067,tis8TKohva
19014847,CID4067,G~_UbhDKQQ
19014848,CID4067,BUPym@wL7C
19014852,CID4067,g9?bPnkKRH
19014855,CID4067,lpO4;fc1-u
19014860,CID4067,BDGpJir)<u
19014861,CID4067,ejvg{%rx?f
19014869,CID4067,S8GfFEaiz3
19014871,CID4067,;f?IH%1QXP
19014885,CID4067,4$o!wCnO?1
19014892,CID4067,6y<yrUxIov
19014893,CID4067,Wh2_P&aZQ4
19014895,CID4067,23I8Q%1Jv@
19014900,CID4067,slS~LVY((7
19014903,CID4067,PyGWp0dhy<
19014905,CID4067,_LQom8>Mek
19014906,CID4067,V=82m;qEDM
19014907,CID4067,?kZePoGbHd
19014908,CID4067,IF|Sq!PySH
19014912,CID4067,x=KABIq-PD
19014920,CID4067,F#-HC(H-Du
19014921,CID4067,fZ%yl`}=8J
19014924,CID4067,siNOXvZ+^B
19014930,CID4067,n9?!NZ3CyR
19014933,CID4067,a&xcVd3|{6
19014940,CID4067,N*hPpr9g-=
19014946,CID4067,V|XzntNx;l
19014947,CID4067,lV+L7*2_H|
19014948,CID4067,`wC!c8lc~=
19014949,CID4067,j4wVel)Eak
19014951,CID4067,8cOjnDZK%y
19014955,CID4067,g*-L2`k3vh
19014957,CID4067,Z=jy5v3gbs
19014958,CID4067,I>9EV?k-f8
19014961,CID4067,9xe^e*tYS}
19014965,CID4067,TFk5pb@{yl
19014977,CID4067,tK^rS4{WN`
19014984,CID4067,rL^u25&8Sv
19014987,CID4067,0)V*Lxk0tI
19018892,CID4290A,2EkmW*FT8J
19018893,CID4290A,tEz4<6k`CV
19018902,CID4290A,`PS>0O(tPw
19018903,CID4290A,GTC6%=>_M_
19018904,CID4290A,-0lAF{u$;i
19018905,CID4290A,=tD*<FJ+=C
19018911,CID4290A,4erJ*C8_gj
19018912,CID4290A,-!(@UG+icK
19018916,CID4290A,IP)MxxO1K|
19018920,CID4290A,6VqO|7NUm-
19018926,CID4290A,ZRRafu@|d@
19018933,CID4290A,bCQ`*ucq?)
19018936,CID4290A,EFDWZH+vE4
19018941,CID4290A,t}RV(M+|kX
19018946,CID4290A,RvCWB1ud4f
19018948,CID4290A,u61H2?u?*#
19018951,CID4290A,!Yp*K;7Ci&
19018953,CID4290A,#;-Y2_xrHM
19018954,CID4290A,vhYycqf`Fh
19018960,CID4290A,sdQy?c`bDH
19018967,CID4290A,%&(y#%7osJ
19018974,CID4290A,15B8DFxy6a
19018979,CID4290A,g>>yo!9pn8
19018981,CID4290A,{3y+tXjTA)
19018984,CID4290A,+}zFh1{hyB
19018986,CID4290A,o3`A9$(!g&
19018988,CID4290A,xV$Pc&$w&M
19018990,CID4290A,rv09ogxFQ6
19018992,CID4290A,wMmgD(FSEf
19018994,CID4290A,Je$8yDBBaj
