path,bytes,sha256
README.md,282,7dd84093a79df3af3325124f65b6065f1c9d4fb73c807b0a4932ca1d78101bfa
code/build_crosswalk.py,1383,17346d5bbd634b5611d27f088f1a4a2d618ec45bd06af331bbdf141f18da6ae6
code/snapshot_audit.py,1677,5cebe621a4542ae2c219a8843f463b0d605c94b572f89ab73bfe47370173a1e4
code/temporal_audit.py,4197,f64eaae882f4466241923f7691fbb6d46f4b4dcc491826d967481d39f7dd988f
data/processed/condition_crosswalk.csv,1579520,2d068fee2bf4f56233e1c3bc18389dc42a4ea4bc75aac3cabab90ded02c2a3ab
protocol/CROSSWALK_LOCKED.sha256,105,f4ebc3de708f0ba2756e4617b959701e84aa4547f203313311731e016e240efa
protocol/LOCKED_PROTOCOL.md,2842,3b106dcabfe1436e3ad9c6f397289bc512fb871be3bee64b9dd820a0fef1a8ed
protocol/LOCKED_PROTOCOL.sha256,255,dce85649a9d79c242346c6d1a9e2642618e2519032d4f296edbd30281adebdde
protocol/protocol.json,367,0f620461dd2870d4583645f2da234569e832498518e60901a44b33563c4f73bb
provenance/SOURCE_LEDGER.md,665,ed1cb2f9ec9315d8fc507338aac949daf0b299f1cd15ddaf90958ab358f33709
report/FULL_TECHNICAL_REPORT.md,2799,9512dcf55f20e2b85cc5eeb8caeb315d38a7b2b4f547bfa8ca8577b123e8ac09
results/crosswalk_audit.json,107,6a01c2a31151bdb16b83232b3b4f57886bcbda4bde7bf8837b7fed10d2a1df99
results/temporal_identifiability.json,325,5402a459c44436d707ad3937657503ea6bead4aa0c53faaa0eb0810607ae7929
review/FLAGSHIP_REVIEW.md,211,f1e432f9fb392c08df6ed155bbd1da7a14b7a4c51ebf659b674c16f7f4e38fb4
