source,query_or_endpoint,result
GitHub API,obophenotype/human-phenotype-ontology commit <=2020-12-31,commit ecee8907 dated 2020-12-23; recursive tree 302 files; no disease/gene annotation bundle
GitHub API,monarch-initiative/hpo-annotation-data,repository 404
GitHub API,obophenotype/hpo-annotations,repository 404
GitHub API,monarch-initiative/hpo-annotations,repository 404
Legacy archive,iamkoehler/HPO-archive,real annotation bundles but repository head 2017 and builds around 2015
Web search,"genes_to_phenotype.txt" 2020,no immutable 2020 artifact
Web search,"phenotype.hpoa" 2020 release,no immutable 2020 artifact
Zenodo search,HPO annotations 2020,PheneBank/ontology/current records; no exact official 2020 HPO annotation bundle
Software Heritage search,hpo-annotation-data 2020,no verified relevant origin/content
Wayback CDX,legacy Jenkins genes_to_phenotype and HPO annotation URLs,no 2020 captures returned
Monarch data archive,release index,observed modern releases; no immutable 2020 HPOA bundle
HPO 2020 ontology commit tree,recursive API tree,no annotation association files
