display_minus_y_over_21,display_x_over_21_plus_offset,speed_over_29.5,voltage_V
-0,-4.9499923187352977,0.50651187702991707,0
0.023032020286052557,-4.9332721891110225,0.49611137160433588,0
0.044392364767610444,-4.9162615139408388,0.49324315238907246,0
0.065651228048222626,-4.8978290814369068,0.49520206841771208,0
0.086639644209291031,-4.8800367661406945,0.49170472587733288,0
0.10725613204985913,-4.8614628107184608,0.47739045854687567,0
0.12579902255760361,-4.843364950457719,0.48551276839756541,0
0.14606107811559219,-4.8231061910899662,0.48726855873751745,0
0.16422954086885153,-4.8043557141059807,0.47457898809047,0
0.18280742345241055,-4.7844515262062401,0.47883179123848763,0
0.20098838337560751,-4.7650559322083339,0.49026567152556333,0
0.21858445484047079,-4.7425512770280562,0.49578636308463875,0
0.23665393582676925,-4.7222500193075447,0.4678451420409182,0
0.25175949182653584,-4.7017622404128723,0.47822358355095829,0
0.26871318785136045,-4.6791160623142929,0.48093607254923304,0
0.28344431609664733,-4.6579756666963803,0.48467516378482689,0
0.29964415774453745,-4.6342823019569011,0.4911191353298357,0
0.31413733151211298,-4.6121047193104978,0.47027732422816232,0
0.3283725553300742,-4.5899221368578935,0.48109723106295516,0
0.3422558462994435,-4.5659257270569782,0.49071306527947789,0
0.35574971291040791,-4.542050840949539,0.48475716248549383,0
0.3679588286412977,-4.5178929090054964,0.49041793536934658,0
0.38082781585013609,-4.492973336160258,0.49612685730505895,0
0.39292295321014253,-4.4680387638963985,0.5030779795110486,0
0.40516956045083979,-4.4419454809105758,0.50811906744639856,0
0.41778809601202649,-4.4166338380507746,0.50365202824505906,0
0.42938482951072254,-4.3907861023550048,0.50345853920368022,0
0.44046816254418025,-4.3647993436440338,0.50462880469979743,0
0.45270727148291762,-4.3390931308665657,0.52032600942066376,0
0.46497887306349012,-4.3117096138528908,0.51387012169027368,0
0.47502790686451946,-4.2858318793198791,0.50640289336830946,0
0.48561783490464722,-4.258673910371428,0.5196315580596691,0
0.49749001439085933,-4.2319280106623651,0.51755455335086009,0
0.50743506755695811,-4.2047575421983971,0.50553658019132774,0
0.51748660079197772,-4.1787507842626006,0.50808470520529481,0
0.52756562780085736,-4.151324768896167,0.52662118735607011,0
0.53842850239451645,-4.1233976593372077,0.53232814210381296,0
0.54788015056728256,-4.0950559806357596,0.5272630251278817,0
0.55770622649452573,-4.0673669186575481,0.52835346270347194,0
0.56831365057256344,-4.0393057858895958,0.54033205612371404,0
0.57855164576409113,-4.0103339895928407,0.5392462294523499,0
0.58915657040814129,-3.9824018802276733,0.5407589923847006,0
0.59991046549889471,-3.953440083543331,0.54006085429704953,0
0.61064186568376311,-3.9256394974840561,0.53959025786464931,0
0.62049793481885118,-3.896402154672419,0.5356636577023961,0
0.63173273773300509,-3.8692566852394847,0.52777581360456638,0
0.64285106284228821,-3.8414635988895185,0.53044860057234233,0
0.65357996359316906,-3.8137920362330284,0.54260964779947662,0
0.66447033196068817,-3.7844456692434321,0.53084959746665317,0
0.67555616442813882,-3.7583298871296762,0.51089068925996728,0
0.68652801852470891,-3.731437464696107,0.52585503636575581,0
0.69624011608106873,-3.7029717623980751,0.52506602929203983,0
0.70656959473759728,-3.6759378170462043,0.52052747963091373,0
0.71729599605448802,-3.6483952777924991,0.51566720069410832,0
0.72671765101940389,-3.6216018799244765,0.51604649152462001,0
0.7375730273111003,-3.5940618405738753,0.51154100684980619,0
0.74864886204260084,-3.5684621520712625,0.51071095672761668,0
0.75924628838468844,-3.5409171129144532,0.51848586220742299,0
0.77008416863847495,-3.5142802373833533,0.51326798175652355,0
0.78002922180457379,-3.4871097689193853,0.50414644499078909,0
0.79033370612122988,-3.4613660575953666,0.50411649893203425,0
0.80130306078380698,-3.4346026585645824,0.50652433011139741,0
0.81135709345281137,-3.4084668772259974,0.50428814070966399,0
0.82296132525347265,-3.382232071321873,0.51986620747073131,0
0.83573882899731544,-3.3553746475317503,0.50659057772497684,0
0.84654421660926682,-3.3304150762368572,0.48765686116416845,0
0.85748607749798111,-3.3050709346367135,0.48729844773744441,0
0.868802366141186,-3.2803794097598065,0.48403396900210471,0
0.8790968527218892,-3.2551517920469308,0.48276546444619484,0
0.88938634043462295,-3.2301822211396214,0.47779314476109624,0
0.9013325073479207,-3.2062773361949439,0.47668811697325902,0
0.9130257231795873,-3.1821094046384886,0.47286950645629444,0
0.9239400902944469,-3.158184520468982,0.45683565102842727,0
0.93406061208857438,-3.1352768241031406,0.45547570247634755,0
0.9479114104161086,-3.1129577185384392,0.45672826865321464,0
0.96045996182565541,-3.091258730956632,0.43152432463607587,0
0.97169626858125946,-3.0706959549688548,0.43209261865139309,0
0.98552207256892099,-3.0496670834320057,0.44365570805866128,0
0.99946435436145076,-3.0292858288121884,0.42262593550270727,0
1.0132351708013896,-3.0110954721366205,0.40577910339342982,0
1.0271324627821465,-2.9930366387669416,0.40326936222445986,0
1.0424209857119071,-2.976424561762034,0.39890652980783092,0
1.0582079125029726,-2.9607256481890438,0.39058298774594702,0
1.0747361965010349,-2.9467190382708814,0.37321565599766526,0
1.0908450629328503,-2.9343822328796207,0.36980421997095064,0
1.109121509596483,-2.9233781598689745,0.3569766211320009,0
1.1259292428575074,-2.914927055979895,0.357127862324501,0
1.1460678305575887,-2.9077021601965747,0.37934119061923094,0
1.1666848266470804,-2.9024226150674473,0.38373280307987895,0
1.18829863045919,-2.8989693968021442,0.39474309298548205,0
1.2108842476540482,-2.8986327394285212,0.41439688177371764,0
1.2348660946658849,-2.8994847916140998,0.44508168265858383,0
1.2607375764880246,-2.9026967635963672,0.46952916901306208,0
1.2868120207120559,-2.9087522502461205,0.49909631392472781,0
1.3154634649982069,-2.9149867583607296,0.53957315493698854,0
1.3454786464594934,-2.9240872802707507,0.56101683026157823,0
1.3757467790024218,-2.9334508487925532,0.58516784922589515,0
1.4073661515505478,-2.9463255481236992,0.61351742381482566,0
1.439491426261944,-2.9597263406783973,0.62739606825522753,0
1.4719761321239004,-2.9745538903730484,0.64747361880835497,0
1.5053386684696193,-2.9906891734172731,0.64551729642390787,0
1.5370270295768531,-3.0066629343183706,0.64235052285749084,0
1.5698686671553739,-3.0230462645557594,0.64074352933187129,0
1.6011626050362333,-3.0393995959559028,0.63557191148663983,0
1.6330914200551687,-3.0562815204827061,0.62376817108645033,0
1.6633710541755,-3.0717116888385263,0.60748615205065959,0
1.6928343480692087,-3.089320255623079,0.59753917113043498,0
1.720489492881657,-3.1070228471669701,0.57612545400784321,0
1.7481796297699252,-3.1229191110718624,0.56344049587523848,0
1.774956944098611,-3.1393139692661762,0.5691917258846465,0
1.8026220866470095,-3.1565004671989243,0.56511927165013798,0
1.8282186307305459,-3.173905013487591,0.55561058722701651,0
1.8539291531849682,-3.1920862000960746,0.54449520635254245,0
1.8781094719796312,-3.2093342240478151,0.51647710571610284,0
1.9003476678502531,-3.2269318196613668,0.50496208049238056,0
1.9223204154693061,-3.2449114856770649,0.49972612789014398,0
1.943916235899892,-3.2623675583723148,0.49090980919922939,0
1.9647307081796779,-3.2801957018572949,0.48507926693885445,0
1.9851582555350546,-3.2980163456329699,0.4848257432260526,0
2.0063696504752135,-3.3153358952161227,0.48096314189010619,0
2.0260183491137829,-3.33339958637875,0.46778750082397041,0
2.0438464015011495,-3.35220241931464,0.45310021326930661,0
2.0620938714547683,-3.3693354477236284,0.44498386013087476,0
2.0792895461380487,-3.3874806641300736,0.44744478367229829,0
2.0960832992929892,-3.406392521243923,0.44299621181349846,0
2.1119792264922617,-3.4250288322304776,0.43582909578624135,0
2.1280066281003331,-3.4435386197173514,0.44747089689164993,0
2.1443934608589537,-3.463475164344171,0.44309388470575622,0
2.1587291911906328,-3.4827265935074152,0.42767353546905623,0
2.1733253709059079,-3.5018539990740791,0.44181276180821222,0
2.1878840591113708,-3.5229167556825232,0.44159133283813018,0
2.2026117132354393,-3.5419176377494992,0.43685350893968977,0
2.2157441784160814,-3.5633399656321672,0.43759081999477162,0
2.2296854855213777,-3.5829709652944537,0.44086818919790238,0
2.2434628255760485,-3.6044057926926349,0.45734164764799357,0
2.2580140154795485,-3.6258556195094336,0.457298395804066,0
2.2713994317418322,-3.6475409940038759,0.45154920278564653,0
2.2837455499037045,-3.6695934394818472,0.44779266695365666,0
2.2967490401095407,-3.6910132674614076,0.4488595562607221,0
2.3097450320134167,-3.712820165649326,0.47082312883898586,0
2.3232144334387281,-3.7368304612970071,0.48106126318081238,0
2.33670632976993,-3.7596795463196209,0.4684664178253653,0
2.3491639268687008,-3.7826376555201939,0.45944860028431778,0
2.3617654955461997,-3.8048241242071548,0.46374109484780307,0
2.3753863668521995,-3.8276757091328726,0.48067143776721111,0
2.3888582677115009,-3.8515569813777688,0.47681418520115509,0
2.4011843904014758,-3.8746416140780227,0.45647282910100362,0
2.4139249317897278,-3.8963144890569481,0.4641940394797559,0
2.427927729152175,-3.9194316204975479,0.4726004629295853,0
2.4401248768673467,-3.9425137532946977,0.47440726378160625,0
2.4538622259782197,-3.9660129551374439,0.47283866799375257,0
2.4672376445045479,-3.9882144232430292,0.47650285480697058,0
2.4817488434642558,-4.0117286245043964,0.49645591837974823,0
2.4955951720780369,-4.0362625134725292,0.47422224077189384,0
2.5097719342270599,-4.0570597235660948,0.46303230801745821,0
2.5239087054322855,-4.0799213081042254,0.48135546443919686,0
2.5376460545431558,-4.1034205099469716,0.47712048240205579,0
2.5519242978931245,-4.1256394773742784,0.46271845631075437,0
2.5653072147214182,-4.1474538752715056,0.4586304667608197,0
2.5789430826313429,-4.1695313197805106,0.4749177938708195,0
2.5930673566666358,-4.1930380213325655,0.47889619620577922,0
2.6094366933873463,-4.2138777297788863,0.46364041225600322,0
2.6238639071840182,-4.2350670098870147,0.47049819336400911,0
2.6390374770556595,-4.2576905468444011,0.48385339486397166,0
2.6542135463612908,-4.280185060398999,0.47399008445359569,0
2.6696750593903911,-4.3012653163291681,0.46247728361189905,0
2.6846206725202713,-4.3223355726469244,0.47248934444344803,0
2.6996627679831269,-4.3450856331039915,0.48330159935631539,0
2.715233260515133,-4.3672005761595472,0.47308794257222658,0
2.7313496461542095,-4.38777723799409,0.4735124558439735,0
2.7466571898686318,-4.4101452280490072,0.47306418299266229,0
2.7619897279229262,-4.4312229840760722,0.46514075723537923,0
2.7782350885368112,-4.4518021458137191,0.46467838367985503,0
2.7946169224274593,-4.471996737246112,0.46714406323309265,0
2.8096765139282227,-4.4938436338836816,0.47625722909735752,0
2.826033353479001,-4.5153284593439302,0.46175420680215373,0
2.8417878085335326,-4.5346073874413086,0.44666253265589173,0
2.8567459188333477,-4.555032526745137,0.45688820369711103,0
2.8728648039064146,-4.5754801651768915,0.46352828250054612,0
2.8881973419607117,-4.5965579212039565,0.44939695199731622,0
2.9042247435687805,-4.6150677086908303,0.43955560510102193,0
2.9176201575670087,-4.6362369895741296,0.45419186409248535,0
2.9353092372436245,-4.6555534162180585,0.45471023056837961,0
2.9506692690717764,-4.6752119148144828,0.44733720358844753,0
2.9669371245915492,-4.6946298659270589,0.45682084663818501,0
2.984368254318551,-4.7139412927647797,0.44416216929831742,0
3.0008050757569218,-4.7312973693358948,0.43678317957076518,0
3.0161576092831139,-4.7513429381406773,0.43865988372784981,0
3.0315401360171563,-4.7698402261120307,0.43728023603038058,0
3.0484703624488625,-4.788367512920626,0.44686826775215699,0
3.064874691245401,-4.8074008937279515,0.43863520964889396,0
3.0814354887906026,-4.8250175170077405,0.41977509638661226,0
3.0981602533864327,-4.8408303125516348,0.42379954487182603,0
3.1148400281704847,-4.8589655293456673,0.42703181381508187,0
3.131686269439161,-4.8751678950010238,0.41585314733961354,0
3.1482695618902503,-4.8916233076557418,0.4085766499575651,0
3.1646124004296352,-4.9071705566847541,0.41130880329919989,0
3.1828998613270545,-4.9222392106491775,0.41382270328908394,0
3.2001580218600121,-4.9371588419859869,0.39804097405417621,0
3.2174436761668352,-4.9506592158921592,0.39791093496023616,0
3.2354956820205252,-4.964561659425307,0.40330184228658766,0
3.2538206344277576,-4.9776949623479467,0.39067876093176479,0
3.2715232068668403,-4.9896545551300022,0.38611872614741716,0
3.2902650774063318,-5.0012470769285287,0.38602635597537455,0
3.3089004678769025,-5.0116758881988837,0.39159467688484184,0
3.3282847138564327,-5.0234099329157118,0.39641412674690274,0
3.347165557106675,-5.0344888610061993,0.39325602190609132,0
3.3675001171556005,-5.0437889603918258,0.40911466664808754,0
3.3888514803990497,-5.0538831994189941,0.4048059866603177,0
3.4093450086306261,-5.0616375178742992,0.40038344559665223,0
3.4305873923711645,-5.0706970697760809,0.40988003022124481,0
3.4525146419295241,-5.077704746748811,0.40507591378011665,0
3.4740649642994192,-5.0841888304010894,0.40068255168750244,0
3.4961686780783472,-5.0887475626240004,0.39466921811433031,0
3.5175010414424257,-5.0931622720255056,0.39744072964983568,0
3.5401431500264597,-5.0965697932357585,0.39841385385217248,0
3.5619024292587502,-5.0989276279020075,0.41202243554093365,0
3.5862512057231015,-5.1008193670191844,0.42588616251872369,0
3.6097421471755848,-5.1003711855644944,0.4293187491676852,0
3.6344953446022661,-5.1013672605714788,0.4374138598959163,0
3.6588991086143343,-5.1004204848273744,0.44450673695778703,0
3.6843571673307345,-5.0983324976830247,0.44773696926479267,0
3.7090413761982992,-5.0962295111200575,0.43443977100775105,0
3.7327387750791936,-5.091784104082123,0.43429264288122926,0
3.7569595721612763,-5.0869616264482467,0.45608948142953937,0
3.7828770393877238,-5.0811394603324302,0.47134430766431928,0
3.8085440549665219,-5.0749252242020511,0.4701921184637855,0
3.8339731160676087,-5.0676738010431848,0.47480933801188985,0
3.8594321703765408,-5.0588740970508894,0.47281235790837467,0
3.8842388515094863,-5.0504489637514354,0.4768665843933631,0
3.9097229001582936,-5.0403590257312842,0.48038202615713316,0
3.9343041239834653,-5.0302515883894117,0.49093110249073091,0
3.9600911123936515,-5.017844228925334,0.49643979299163216,0
3.9846998299926808,-5.0063175341528208,0.48053935847844642,0
4.0086736704536312,-4.9942622462536512,0.48680805077886791,0
4.0335603334741723,-4.9817083640650601,0.50162711859563536,0
4.0592183469095557,-4.9692985046978784,0.49127244621910404,0
4.0823168563207339,-4.9558064600463432,0.46973122843883552,0
4.1042645886946074,-4.9417758226557389,0.46645944513649346,0
4.1263487943452493,-4.9273606149598805,0.48378663031487551,0
4.1493658180273796,-4.9114146257523181,0.49227517201798204,0
4.1713560407790382,-4.8951905905143605,0.48199883066693144,0
4.1928278641974899,-4.8790855790667749,0.46699491250049907,0
4.2122485851889966,-4.8622954521556068,0.47669914286371706,0
4.2345092550601988,-4.8454312997099294,0.47282651295688705,0
4.2530346495300311,-4.8282366032686816,0.46861681317019993,0
4.2735146640938364,-4.810047218151702,0.4619296889828855,0
4.2906288321427644,-4.7924379525679619,0.4603377572222288,0
4.3103449945936871,-4.7737174744212219,0.47420517858940264,0
4.3282605062653134,-4.754703950825462,0.46347438535828112,0
4.3457915924465036,-4.7355539041176051,0.46492418315903955,0
4.3640915296085563,-4.7166769036339424,0.47320119561514384,0
4.3820270367520759,-4.6966311928158966,0.4776783978473455,0
4.3985638146446364,-4.675525795841434,0.47534531811046815,0
4.4145871920719628,-4.6542813758517738,0.4729012999792217,0
4.429209340814344,-4.6321062931084747,0.48663552922380243,0
4.445141234776675,-4.6089240221739267,0.47766621438406942,0
4.4598673641539897,-4.5880416733615874,0.46954682554321336,0
4.4741225834438483,-4.5648269036866971,0.50198463386626913,0
4.4877829165394285,-4.5390191664405819,0.50555964654502084,0
4.5021746091060564,-4.5154198264604375,0.4867989670167947,0
4.5154055268994391,-4.4917979873523635,0.49758035569667453,0
4.5282920101461874,-4.4659752506876274,0.5038279941939211,0
4.5407715729966212,-4.441177201535865,0.51401312333672311,0
4.5549603031613568,-4.4147343468882312,0.51041721327460965,0
4.5673033927350248,-4.3903208680417229,0.50318222660932577,0
4.5790465972464363,-4.3635724684295596,0.50494121459192731,0
4.5910102601976526,-4.338764419665381,0.50540139354155167,0
4.6019871131621919,-4.3116139504262421,0.516005740846459,0
4.6133358944472294,-4.2852451213131211,0.51176386114304517,0
4.6249426256818724,-4.2588812920062082,0.50708375070345957,0
4.6348726822440494,-4.232484963958953,0.51349935907303057,0
4.645085683095707,-4.2048034016900502,0.51573023241132909,0
4.6554051640162886,-4.1782855499493188,0.51916221555451025,0
4.6663945141507597,-4.150489963696252,0.52693842874770791,0
4.6760916151031999,-4.1227984018149364,0.53050620737769394,0
4.6864485875335857,-4.0943451990324213,0.53668316219920387,0
4.6960317101151459,-4.0658769968312889,0.53015550988605487,0
4.7059892604511822,-4.0380614113533966,0.52840249194863576,0
4.7168496356108509,-4.0102633251972222,0.53821123087381395,0
4.7272141063432018,-3.9814230522063561,0.55169865866655821,0
4.7363113222333864,-3.9513965695593853,0.54080794504012308,0
4.7462663731354349,-3.9237100074842743,0.52033844447313748,0
4.7558295002450865,-3.8962739925054244,0.52832937080958786,0
4.7663154476502836,-3.867823289626017,0.53196130958365528,0
4.7756306225462781,-3.8398661812298194,0.51743695175491211,0
4.7855706768444053,-3.8129537595714211,0.52910603489016361,0
4.7963220725011677,-3.7841209862898637,0.54321488836836962,0
4.8059101939507025,-3.755394737283158,0.52980124285799479,0
4.8157337704439556,-3.7278346987077313,0.51852776101431852,0
4.8251679225788093,-3.7003961838257808,0.5265111219803833,0
4.83552239557521,-3.6720720044460542,0.53378653653102748,0
4.8448450687731652,-3.6437278258414985,0.52696767893759378,0
4.8542867192099788,-3.6159022407511898,0.52886648695972183,0
4.8661763947341088,-3.5882531772226329,0.51755455335088718,0
4.8761039518622979,-3.561985872578159,0.51345658130278959,0
4.8859350266575161,-3.5340387637943778,0.54166162855246047,5
4.9021998535890736,-3.5069907905824742,0.57311680532476261,5
4.9211706555575594,-3.480124338738527,0.58246788186020848,5
4.9389881810547589,-3.452848317558292,0.572244708954461,5
4.9578050137085672,-3.427269599839093,0.55595607752728859,5
4.9769787780789443,-3.4032466626626316,0.55119427658720277,5
4.9975612694362272,-3.3797673180314476,0.55405799143858525,5
5.0180122863847192,-3.3564144968999479,0.55634182406464594,5
5.0398695308861345,-3.3337342917165103,0.55563222588468453,5
5.0614588277019914,-3.3115651803380075,0.55822416608310177,5
5.0831970949645484,-3.2883663816403264,0.55076434273080765,5
5.1045109457928834,-3.2670954342751166,0.55123753438465983,5
5.1281488456016993,-3.2457404617629813,0.55333998211992108,5
5.1511118773286411,-3.2259212705687546,0.54168529077019489,5
5.175342163897751,-3.2072882890306325,0.53913454585225862,5
5.1991780272404879,-3.1890348779915527,0.53737796631088519,5
5.2236537665892691,-3.1710520132735596,0.52168580761004135,5
5.2464278369257125,-3.1543268838430834,0.50541066269613244,5
5.2702162110226816,-3.1385249174569267,0.5209226227365904,5
5.2960581869805932,-3.1232790431315678,0.53676059838089463,5
5.3220366362152678,-3.1076485985009548,0.52844212392486511,5
5.3478436200973567,-3.094209051814591,0.51703644566507301,5
5.3727752729296681,-3.0793327483758652,0.51747505010408168,5
5.3992071362138825,-3.0669378884273009,0.5205693089125456,5
5.4256439983660751,-3.0542849816731668,0.52007439354628671,5
5.4521973383231304,-3.0422796918360646,0.51530482142104539,5
5.4788571583491095,-3.0314381125271339,0.51312417121998555,5
5.5063823116889212,-3.0225493835817048,0.51812878315883248,5
5.5340514366074531,-3.0128890141226705,0.52098913182068252,5
5.5619610154376895,-3.0041368082893385,0.51194657362714313,5
5.5893247011608551,-2.9969228836770228,0.51560861080626819,5
5.6184640433234483,-2.9912922385415754,0.52993397472489379,5
5.6479728143725465,-2.9865722569349344,0.52971341198821897,5
5.6773401132769061,-2.9824948924391208,0.52566888921446187,5
5.7066774189734133,-2.9799658087767327,0.52803956507501693,5
5.7365181273992087,-2.9780918417406816,0.54770019668460346,5
5.7681519883023391,-2.9768979903620085,0.55003420781732149,5
5.7983296329727985,-2.9776119910909777,0.55905728618842598,5
5.8309478044286172,-2.9788895835900533,0.5700692256383092,5
5.8622387346265707,-2.9820775280998753,0.56847034800655227,5
5.8944149936102503,-2.9861861357509198,0.5781965244170546,5
5.9265737565560164,-2.9911979072214621,0.59950466634755828,5
5.9609100974695526,-2.9970263174614793,0.60219008705059784,5
5.9931753404842398,-3.0032017994601929,0.5797799680306045,5
6.0247857108889509,-3.0098808755545328,0.58738494119302709,5
6.0578148060165251,-3.0165874505830104,0.58894964710050701,5
6.0892662082385849,-3.0248123076076716,0.58242925523963385,5
6.1209605638063254,-3.0338163048552538,0.57971407479465953,5
6.1518810695252402,-3.042805302684215,0.58010892975473183,5
6.1831585069607211,-3.0533500810559104,0.583440833947653,5
6.2140540183397608,-3.0636293129127274,0.58734344663048577,5
6.2453039620013824,-3.0755933487150635,0.58795604381890409,5
6.2756510808393688,-3.0875398851956746,0.56043926803787603,5
6.3035451757220624,-3.0995679469201107,0.55945642864585921,5
6.3340337667047901,-3.1108718662899015,0.56752488981342553,5
6.3626917137003662,-3.1234310210440981,0.56615279125828366,5
6.3919720406640863,-3.1371638859388824,0.56757035440265369,5
6.4200840945525943,-3.1512613219140881,0.55554160767301963,5
6.4476802485418823,-3.1653487582768811,0.54752628637379586,5
6.4754303718458459,-3.1781484605149295,0.54843067536368639,5
6.502887553124383,-3.1927494905857614,0.54681242729629542,5
6.5294394101452902,-3.2074620447376567,0.53186893351232134,5
6.5557633104244353,-3.2206213182499184,0.53238898282014047,5
6.5825806156969193,-3.2349518019996637,0.54083438111110094,5
6.6087305511894829,-3.2504309968589631,0.53111644501283461,5
6.6345235549654857,-3.2643544111755247,0.52779249946202744,5
6.6609564347475372,-3.2785483718131765,0.52889018211106642,5
6.6866104658127838,-3.2929853798377771,0.51792736243872151,5
6.7113566731864145,-3.3076629353462259,0.51622611484698222,5
6.7359514106793581,-3.3234992015766416,0.51878891628044277,5
6.7605536464742633,-3.3389483975986955,0.52350584717261173,5
6.7859272326840134,-3.3545416164421624,0.50856765407774784,5
6.8080639473536895,-3.3707174547219694,0.50341079428632174,5
6.83266118428062,-3.3864246975495966,0.5182685586832565,5
6.8568639979811739,-3.4025115108762733,0.50785315968617784,5
6.8796430880908943,-3.418828872074382,0.50249768886284196,5
6.9037344228545514,-3.4340100216784535,0.50038268980241574,5
6.9266549851090069,-3.4496847657657383,0.50086106182887169,5
6.9502129239355339,-3.4657590795768982,0.50116577695722697,5
6.9729995123472142,-3.4816893705666487,0.50038268980243583,5
6.9972248209536501,-3.4966149732682545,0.5050001398174041,5
7.0198599394846397,-3.5137039749799754,0.49133687447297181,5
7.042148124035009,-3.5287211025378156,0.48970575251016685,5
7.0649222152767539,-3.545296510541494,0.49543837666802831,5
7.0877188014243817,-3.560710707920105,0.48250296127417658,5
7.1101459586855071,-3.5752142417699098,0.48497807581959523,5
7.13293254709719,-3.5911445327596603,0.48460899049795897,5
7.1549627816979449,-3.6061566605112958,0.48016570815074278,5
7.1775014178959697,-3.6215658580836987,0.48877775316716032,5
7.2004269790184026,-3.6369825553654138,0.48622717989831604,5
7.2227101647007972,-3.6522577297288272,0.48938314513356357,5
7.2456232286532956,-3.6683195440244667,0.4829855843735601,5
7.2683308307699148,-3.6816668670554087,0.46663469299984583,5
7.2903810608425728,-3.6956468075847582,0.47729780194630961,5
7.3142419394304818,-3.7094036999519844,0.4713235065806467,5
7.3360517155914389,-3.7224754768556316,0.47274970823701284,5
7.3596396476258139,-3.7370015098333624,0.48473477136837861,5
7.3824637275473037,-3.7509964497813364,0.47688121029684855,5
7.4054192818775846,-3.764864866229626,0.47120662095464227,5
7.4282683561389451,-3.7775695721497407,0.47257075787966157,5
7.4516183336956079,-3.7910584180989844,0.47863797372349393,5
7.4752412578058056,-3.8037781234377199,0.47899974941814605,5
7.4991246312995967,-3.8163738051798788,0.48879829801749347,5
7.5235039092207083,-3.8300116737567365,0.48734981777759279,5
7.5469928594881273,-3.8429869259979377,0.4777019161631687,5
7.5702138620699797,-3.8564732720440773,0.47181408525895413,5
7.5941322276395935,-3.8672626261472409,0.47569191386952014,5
7.6184075249257823,-3.8796077607931352,0.47850711698338633,5
7.6420429462059092,-3.8916823491179464,0.45669059208081308,5
7.6646840591974081,-3.9018015871761484,0.45099225990099345,5
7.6882154998426104,-3.9125834415699998,0.47314986366510309,5
7.7131606663426924,-3.9236508417035587,0.50095590080698327,5
7.7399089830560657,-3.9348822638833489,0.50159660046588028,5
7.7652560710844902,-3.9451830233095073,0.47450996214610436,5
7.7898668007738854,-3.9535334322752647,0.44968724036313901,5
7.8122474643817883,-3.9637766939300434,0.43827374033106037,5
7.835166522794796,-3.9728687445721675,0.43772935023458814,5
7.8579566062330013,-3.9819582953111876,0.44071004569931638,5
7.8816720094007238,-3.9899041347468653,0.44105380233702834,5
7.9047325399584691,-3.9983535682781657,0.45280920132885422,5
7.9291868008992097,-4.008120734771456,0.45065763495835098,5
7.9515824611110322,-4.0175898560095256,0.43854196031033521,5
7.9748909438824391,-4.0265603829581735,0.45267766691986161,5
7.9996431457165853,-4.0342681748131035,0.4533936976281337,5
8.0229466296200211,-4.0434967485673248,0.44802066877344776,5
8.0467810100266046,-4.051961181517246,0.44874282702921087,5
8.0707618614459005,-4.0595249505507702,0.42363811407691582,5
8.0917662907087244,-4.0675473154240613,0.42870997518381376,5
8.1161215698825018,-4.0757637011808256,0.45775516049350046,5
8.1403378763455265,-4.0844936806456253,0.43397355722658087,5
8.1625380724574228,-4.0907322170078508,0.42546925784156425,5
8.1862709716630562,-4.0977748926240274,0.45053684225207147,5
8.2111646456419454,-4.1048400673681371,0.44743273808865719,5
8.234647093199932,-4.1114906729697509,0.4415900768166795,5
8.2588983917387768,-4.1184143247955554,0.44935048688824586,5
8.2834226368311548,-4.1245688360108552,0.44439123152906668,5
8.3073020070495076,-4.1307108477106382,0.44942853551576872,5
8.3319202350408705,-4.1386741864680374,0.43645461236223421,5
8.3542494061275701,-4.144915222733367,0.42234384944302161,5
8.3777418514215096,-4.1510497347238378,0.43726884657315107,5
8.4020231431682024,-4.1564251057162203,0.44138133197359691,5
8.4258950150845902,-4.1629541876243579,0.44380270911226399,5
8.4502927846361544,-4.1689771755337688,0.46308546657458505,5
8.4766351765457451,-4.1745215683785872,0.45789588104201817,5
8.500524544500049,-4.1801474864672308,0.4324689239814008,5
8.5241784574106223,-4.1846071941245953,0.42783182705064865,5
8.5476958970444308,-4.1894514720872138,0.41653393500231189,5
8.5700600602069557,-4.1938861807135446,0.43716927630414415,5
8.5961844931107354,-4.1973611993075899,0.46202839308297422,5
8.6213886051529638,-4.2017218823994114,0.43506208561096654,5
8.6444126397934404,-4.2053949501245462,0.40941046464018288,5
8.6667893001258989,-4.2091845417369527,0.41720494631530708,5
8.6907186590239949,-4.2127460853810241,0.43112850124510088,5
8.714786990632847,-4.2157940353170602,0.43508646278023377,5
8.7394012153487743,-4.2173037040320835,0.45471750223589963,5
8.7656571226613416,-4.2206521991264481,0.44899876670386346,5
8.789470003754575,-4.2235661258534911,0.437293039372458,5
8.8146001283697153,-4.2250857941809308,0.43928292101229949,5
8.8386809571485081,-4.227488627103039,0.42969813589317657,5
8.8627967780031192,-4.2280851323861484,0.43052797137507626,5
8.8870290766625999,-4.2293292545862933,0.42823262520862715,5
8.9108869475676027,-4.2299207600631981,0.43287208840716879,5
8.9356301472583315,-4.2314329286813255,0.46036766132414136,5
8.9626234085024574,-4.2300200573881455,0.4584174406510852,5
8.9871336525834487,-4.2302369921722125,0.42850323186044559,5
9.0107685656146614,-4.2290171702039139,0.43584500199937187,5
9.0360726550163832,-4.2282169171843158,0.4341940052912549,5
9.0595560981669028,-4.228155805937984,0.43504586447179111,5
9.0849516710336182,-4.2292934038632737,0.44884238036033935,5
9.1099753155798453,-4.2296493616625384,0.44910647827735389,5
9.1354158782583319,-4.2284645383376862,0.44896557527290065,5
9.1604295250686079,-4.2293365897480939,0.43284598227044013,5
9.1840594392318433,-4.2283748145853686,0.43052779606153452,5
9.2088126366585215,-4.229370889592353,0.4384939484174849,5
9.2333328784754638,-4.229071730765277,0.42024895367444492,5
9.2560399723431654,-4.2291246435031091,0.4201470295005541,5
9.2805477169901707,-4.229470601689961,0.43782802620328892,5
9.3052244275557747,-4.227754685335352,0.43165163149258967,5
9.328983316693817,-4.2267954100757272,0.42762612064432193,5
9.3532531068631091,-4.2261041812340885,0.43793558870410698,5
9.3780787878754186,-4.2233585775602975,0.43918248694839634,5
9.4024800524535017,-4.2225408252189744,0.43892206630706171,5
9.4273897186288451,-4.2221201426984223,0.43921481444386329,5
9.4518034803768618,-4.2206572733431784,0.43526148211839871,5
9.4762172421248838,-4.2191944039879274,0.43921481444389959,5
9.5011269083002254,-4.2187737214673788,0.44508108263231638,5
9.5261905437902463,-4.217065304822075,0.43679229714234558,5
9.5500934045070203,-4.2153343890488415,0.44179555484510191,5
9.5756829376322123,-4.2131198784048145,0.43679229714235723,5
9.5990599007138169,-4.2118950566303077,0.43377694167585268,5
9.6243714884174985,-4.210707733402355,0.45022790901917964,5
9.6495665983163121,-4.2088727932573704,0.43268353893249978,5
9.6727256023921004,-4.205578597232094,0.43540228123378572,5
9.6981861605424875,-4.2033615866849594,0.45152625155193371,5
9.7232622932024437,-4.2010080530257312,0.44142163731000278,5
9.7473441175737694,-4.1966991690998938,0.434733292124793,5
9.7717603787557756,-4.1951072763418615,0.44810343969747951,5
9.7974938834596976,-4.1921211251842188,0.43700655097687779,5
9.8205164142587194,-4.1892114994641965,0.42698959109096485,5
9.8452031225602727,-4.1869794894984409,0.45178314236667894,5
9.8710581039370382,-4.1843829084522604,0.44723905903425326,5
9.8951199328364652,-4.1811062117487054,0.44398662336943506,5
9.9205904887227998,-4.1783731075904313,0.44693235328394804,5
9.9450317442446803,-4.1754909808045468,0.43498117676109543,5
9.9689795947732236,-4.1714376437811751,0.43234974500450563,5
9.9931579014775167,-4.1688085639946486,0.43696204035876057,5
10.017844609779074,-4.1665765540288966,0.42093444826223847,5
10.040105787899199,-4.1630068118763255,0.4246005654025175,5
10.065070441622263,-4.159747614494492,0.43912243653821914,5
10.089117273917767,-4.1572450582076534,0.43881606713102334,5
10.114076928772855,-4.1542439076313933,0.44595928890233083,5
10.13879113084827,-4.1505926402350006,0.45129410370600476,5
10.16439066170941,-4.1478620359798271,0.44465650094453518,5
10.188444992306874,-4.1449724094846303,0.43199584162501709,5
10.212511820074274,-4.1414376659755021,0.43309322109564841,5
10.236581147275665,-4.1377738990635926,0.44592606307481747,5
10.262071698633898,-4.134008607683036,0.45366239441856454,5
10.287041351224936,-4.1304913634956328,0.45687765254684121,5
10.312916328073598,-4.1268625952271698,0.46769526249491694,5
10.339168232110728,-4.1237574202791585,0.44749323474208996,5
10.362947116720671,-4.1217659577972512,0.42415318996896262,5
10.386609523525744,-4.1191268783983155,0.43823879367260316,5
10.411943606135312,-4.1167783445452919,0.44026870997151385,5
10.435524527211342,-4.111685320590329,0.43751554147238786,5
10.460129749783848,-4.1069993660685462,0.43785739268339158,5
10.483948625337586,-4.1029435291420739,0.42497924492785394,5
10.507360580495012,-4.0999123797285755,0.42536765931253523,5
10.531298433287606,-4.0963751363163468,0.44395777176066364,5
10.55655103016813,-4.091572657907296,0.44552462497004364,5
10.580506378998637,-4.0871322506755696,0.43501378265614482,5
10.604826157847672,-4.0838605537782229,0.44233917862777516,5
10.629676833199856,-4.0798247160765762,0.44482477240398433,5
10.654371039803371,-4.077205635902466,0.4356875962557632,5
10.678410373796911,-4.075090149823982,0.4329759755425644,5
10.702730152645948,-4.0718184529266317,0.4440549864429616,5
10.727717301274899,-4.0673980449197344,0.44385748563817989,5
10.752034580689948,-4.0642553714251726,0.44465133806622442,5
10.777259683796609,-4.0608721504467624,0.43913749478002678,5
10.800820609400736,-4.056811313714082,0.42650141372881428,5
10.824738466721433,-4.0543062575241358,0.43290290286329752,5
10.848954264935539,-4.0497418266958327,0.42404201908940858,5
10.87184282189178,-4.0470877478782761,0.42938295645907182,5
10.896812474482818,-4.0435705036908729,0.44369032461929664,5
10.921258728872672,-4.0404303300994151,0.43700655097685387,5
10.94556850998576,-4.0376747268132078,0.4370993100480946,5
10.97012624331251,-4.0354402169443517,0.43140255924938176,5
10.993791149551571,-4.0326721141426276,0.41235676869554405,5
11.016270286677511,-4.0311717462408332,0.42389199583099552,5
11.041227442098611,-4.0282996190673579,0.45146206524879351,5
11.066586519048052,-4.0246608511864785,0.44726930886688965,5
11.091032773437908,-4.0215206775950207,0.43571105124272247,5
11.115211080142203,-4.0188915978084978,0.44906015858395665,5
11.141200035361747,-4.0160394698598516,0.45421853138143914,5
11.165904239701215,-4.0129042960745984,0.43278942106447454,5
11.189445169833443,-4.009875646564204,0.43085130540915301,5
11.214007902028166,-4.0073830898897747,0.45535568590160047,5
11.24026730436726,-4.0038908447334052,0.46281830991504752,5
11.265613884146763,-4.0008971938664573,0.42841844226460524,5
11.287999038373719,-3.99758799842256,0.4269023505982642,5
11.312983687568684,-3.993296613818444,0.43820349525846597,5
11.33665859154369,-3.9900124174055804,0.44239947105870503,5
11.362488578580583,-3.9887060703872557,0.4486327513915207,5
11.386818355165568,-3.9849182798787659,0.44762881049306547,5
11.412298908787855,-3.9816690821093488,0.44549854070519757,5
11.436596192731006,-3.9795585958370694,0.42314870419678191,5
11.459613724662052,-3.9769070169226168,0.44329042197351981,5
11.486225059849739,-3.9752285991145548,0.46534383660880779,5
11.511700614604049,-3.9722374481507075,0.44168362881675871,5
11.535714954257717,-3.9714121961000757,0.44088662716128091,5
11.561069032339182,-3.9680314750247696,0.45178827742828886,5
11.586147664433129,-3.9655489179627565,0.45533610604784885,5
11.612000146375905,-3.9630813603193609,0.4607797538423628,5
11.637718654475902,-3.9608693495784344,0.44773696926480516,5
11.66214241395987,-3.958890386612044,0.43632037792871614,5
11.686571172311815,-3.9566533768400838,0.43265841265080912,5
11.710603008003394,-3.9549249609699544,0.4334675167588895,5
11.735153243028181,-3.9530775213094529,0.43951109011811962,5
11.759837451895747,-3.9509745347464857,0.43734282542969194,5
11.784132236404911,-3.9489930718769912,0.43783696235258207,5
11.808826443008428,-3.9463739917028811,0.44293783096356287,5
11.833753605221681,-3.9450501453628348,0.44468094918907375,5
11.858589283969939,-3.9417884480778973,0.46445832204344623,5
11.885716519056846,-3.9401200298822516,0.44593928889873424,5
11.908587579975178,-3.9383691148841926,0.42267565601096141,5
11.933125317830028,-3.937166792237619,0.43107620468705665,5
11.956909201307942,-3.934917282950142,0.43402761701614051,5
11.981821366917275,-3.934367577026805,0.43348507061751956,5
12.005587754357279,-3.9330212315588255,0.43554763394818896,5
12.030656388715276,-3.931054768107952,0.43764195957181667,5
12.054675727236919,-3.9299714692517504,0.43011631867547551,5
12.078950516274185,-3.929022193604542,0.44679514976421281,5
12.104795499914999,-3.9269417061695044,0.44636483165167118,5
12.128958810015371,-3.9250867667996907,0.43734282542969294,5
12.15377449329173,-3.9228572567370392,0.43843735779325904,5
12.178165760133865,-3.9225555980068627,0.43921481444388732,5
12.203097921215093,-3.9209737048612432,0.43606727453397709,5
12.227112260868759,-3.9201484528106114,0.42726991038292123,5
12.251109104484515,-3.9202263645794773,0.42501744398119579,5
12.274867993622561,-3.919267089319856,0.42516164688232505,5
12.298872335540279,-3.9189579308803673,0.42877234269111081,5
12.323025647904702,-3.9176190851216965,0.43813655365918852,5
12.348069287922824,-3.9169428556986787,0.44036079329830141,5
12.372478050802867,-3.915738033149001,0.42431802175985656,5
12.395716041173717,-3.9150268050825368,0.43411506371064873,5
12.421260584487138,-3.9151347156886445,0.44552308779871552,5
12.445783325738061,-3.9147065334587836,0.44367400670878449,5
12.471094913441746,-3.9135192102308274,0.44685498560488929,5
12.495992082447152,-3.9137436447242031,0.4490668522112346,5
12.521556621232472,-3.9128193681080283,0.45188675829727792,5
12.546736734527361,-3.9117585683797564,0.44258874267451542,5
12.571264474646263,-3.9110723393443259,0.44012122832606154,5
12.596179139689578,-3.910393610018204,0.4437349162618856,5
12.621101303034861,-3.9093278104837239,0.44494480643004952,5
12.646147442486969,-3.9085225576579212,0.4408793250872915,5
12.670647688832011,-3.9092555860531277,0.44315227447792466,5
12.695949278799745,-3.9085843564363181,0.45238040266895924,5
12.721486323811204,-3.9090793372507804,0.45575807839379384,5
12.74716734040139,-3.908802677551634,0.43169836726698285,5
12.770000909809911,-3.9089871135953587,0.42247382913804093,5
12.794645127733681,-3.9089485014769565,0.44558817089548602,5
12.820073193242232,-3.9084087951660322,0.4350579380256307,5
12.843534141486868,-3.9095088945447714,0.41553047440927576,5
12.866762134121768,-3.9093137600894465,0.42834323592069934,5
12.891669300863121,-3.9090221009716828,0.45227560751043461,5
12.917570775893111,-3.9106857921205247,0.45112039670665943,5
12.942361464829601,-3.909746516085729,0.44781807750854524,5
12.967896010407069,-3.9103705203029762,0.44881882733153311,5
12.992790679978487,-3.9107239781991368,0.42816327548146771,5
13.015998677141489,-3.911561030966098,0.41903066814981632,5
13.039881542386363,-3.9108623024151505,0.44432220596537941,5
13.065931987863056,-3.911496306244814,0.43963734559921591,5
13.089276458302823,-3.9119487887065176,0.43505801317076248,5
13.114806005012321,-3.9128308397293416,0.45459439506487059,5
13.140363045495675,-3.9122936333215215,0.45116711146181543,5
13.165508166714744,-3.9130391612322448,0.45129124447200691,5
13.191077704368039,-3.9118568378104968,0.43975717603127357,5
13.214928076971077,-3.9128354134957597,0.43511867644278351,5
13.239941723781353,-3.9137074649061674,0.44538848981184026,5
13.264977865497512,-3.9134183056915042,0.44451795433620567,5
13.289890031106845,-3.9128685997681671,0.44315227447792466,5
13.314779701810288,-3.913480104469901,0.44078519088349377,5
13.339418920866084,-3.9136995391570686,0.44096479397247224,5
13.364278598361683,-3.915859324692228,0.43628903581333206,5
13.38840941582022,-3.9156816895586282,0.43505042340476774,5
13.413155114944933,-3.9170648347739672,0.45115117434959895,5
13.43908408374878,-3.917309268492172,0.45582313343358749,5
13.464380674848538,-3.9168960856809321,0.43628903581330797,5
13.488074578702914,-3.919291418893728,0.42850360729417769,5
13.512450848941128,-3.9197639005802642,0.44308538304890932,5
13.537863917845751,-3.9199983346860527,0.44200476488933232,5
13.562088718203272,-3.9216295270945523,0.43782847658541768,5
13.586958393434818,-3.9232732190185686,0.42942945514613079,5
13.610302863874583,-3.9237257014802758,0.42816327548144317,5
13.635061060169237,-3.9244637296816869,0.44899640001857161,5
13.660759572797335,-3.9232839061630465,0.44429996035983638,5
13.68499187145682,-3.9245280283631878,0.42473835522167791,5
13.708470315739365,-3.9247249639224258,0.44893791096876823,5
13.73539859169982,-3.9266667011016665,0.47653538367881221,5
13.761967436509721,-3.9271816811409579,0.45690597206901057,5
13.786715635068425,-3.9284358029535156,0.42745541256500758,5
13.809903636759527,-3.9303050429427593,0.41683667190474705,5
13.833508556582894,-3.9306335018078862,0.42012822351391294,5
13.857113476406258,-3.9309619606730131,0.42014712969118412,5
13.880703399625698,-3.9320645599548563,0.42940314141752628,5
13.905370112455355,-3.9308647372113832,0.44341394199555201,5
13.930525231410373,-3.9310941715109671,0.43194446895971933,5
13.953827211472355,-3.9337400518200276,0.43194446895971933,5
13.978982330427373,-3.933969486119608,0.4467354975375073,5
14.004028469879483,-3.9331642332938053,0.4396898928351915,5
14.028364749173896,-3.9357010894249065,0.42024917904867914,5
14.051210815752354,-3.9352404084546997,0.41724892342881637,5
14.075230154273997,-3.9341571095984982,0.4295642647506121,5
14.099479948971391,-3.9344980679791455,0.43277301375800209,5
14.123843722039661,-3.9356156666796061,0.44552333820709211,5
14.14949724485599,-3.9367582644111003,0.42359054828742826,5
14.171425490006884,-3.9370542245358848,0.4157225526581057,5
14.196158691961662,-3.9390824867651517,0.4270849537472064,5
14.219386684596564,-3.9388873523098304,0.42719586222335532,5
14.244164876363113,-3.9385931932889591,0.43741385989589215,5
14.268543646035312,-3.9389366515727104,0.43619221070586672,5
14.293175366789145,-3.9395431564682362,0.43967326058748973,5
14.317953558555695,-3.9392489974473648,0.43504583942274805,5
14.342059381674357,-3.9403615963416208,0.43276233704716494,5
14.366569625755346,-3.9405785311256842,0.42357179519663524,5
14.389656146245505,-3.9410260137811868,0.43057677243073095,5
14.414957736213236,-3.9403547841643736,0.44659533502819737,5
14.439844907482698,-3.9410953122688923,0.43397099860509963,5
14.463692780651749,-3.9422029113569401,0.43049119162439459,5
14.488198025864763,-3.9426778929465769,0.43965977715581733,5
14.513100193738145,-3.9426442806343793,0.43988903942536206,5
14.537627933857044,-3.9419580515989487,0.4339935986450747,5
14.561872729686465,-3.9425570567851658,0.42942922976903608,5
14.585887069340131,-3.941731804734534,0.44023503669203456,5
14.611320133716655,-3.94093405161804,0.45607609544317662,5
14.637130125281649,-3.9406598918219977,0.44310321340140452,5
14.661114471727469,-3.9413829206047915,0.44319985505145154,5
14.686936960462399,-3.9404636437948213,0.4168364215082207,5
14.707957381921682,-3.9410001514034541,0.32839033557851327,0
14.723841299294639,-3.9402754522628847,0.269948234500407,0
14.738288995906824,-3.9404264180076751,0.28019672252409555,0
14.755293697109231,-3.9417885924396003,0.28856477087300031,0
14.770626722507142,-3.9428602213256134,0.28125032449228748,0
14.786885067634579,-3.9427881389082771,0.28928478299558097,0
14.803135914460054,-3.9431031266992989,0.29271019580761692,0
14.819771186775954,-3.9435546376024178,0.28156672392094689,0
14.834704790079517,-3.9452638837930465,0.26175567993470344,0
14.849167483295625,-3.9446407091211242,0.25831249433214692,0
14.86373415714667,-3.9453102683801582,0.27669732946025061,0
14.880237955053778,-3.9458883027829614,0.29391195298742318,0
14.896739253526897,-3.946595360588546,0.26872290620656125,0
14.910400603120317,-3.9473764439286434,0.26069149284505433,0
14.925999076769802,-3.9480660024125029,0.27144555205763954,0
14.94080120566457,-3.949901772102816,0.25540973473244749,0
14.954594029666779,-3.9505563319432291,0.25489281646881295,0
14.969421152901418,-3.9511018676056864,0.26551690538253769,0
14.984357255638965,-3.9526820903935302,0.26431320728704355,0
14.999057903332787,-3.9530961027500986,0.26518128859752382,0
15.014157973120962,-3.9528724978020477,0.26864179191730847,0
15.029248045173187,-3.9531649864651399,0.28352493695882897,0
15.046014791897884,-3.9534899738685745,0.28237706272012547,0
15.060975888975303,-3.9537799626285626,0.28131364787189073,0
15.07759866412127,-3.9548765905456094,0.28593377896799993,0
15.093073161663924,-3.9553056023207951,0.28008365567540133,0
15.109071057407759,-3.9553575435000425,0.28932122087957018,0
15.125587352484807,-3.9552904608889143,0.27549936487275256,0
15.140030050229019,-3.9556994734392745,0.26306639556931294,0
15.155100126809343,-3.9570241493246527,0.28470991487557368,0
15.172005846244794,-3.9568355430200484,0.30311703667403811,0
15.189164516761881,-3.9569099833272254,0.31224083474179776,0
15.20707954108989,-3.9579025868725175,0.32265288986575658,0
15.225388988644269,-3.9585156199187637,0.32027547763171149,0
15.243056060758617,-3.9589871300467081,0.31914214388866835,0
15.261234033904207,-3.9597266865926386,0.32192969502286883,0
15.279129062760315,-3.9617514773602167,0.33645268792141575,0
15.299003706050277,-3.9614913454242036,0.33291526707529617,0
15.316521807717917,-3.9629925428713264,0.33288549727168343,0
15.336408948177812,-3.9620872939213889,0.34896135100469211,0
15.355725201190767,-3.9640105602203199,0.33155190767044684,0
15.373498753374033,-3.9656457808764358,0.30793890709210248,0
15.390260501230753,-3.9662288150854401,0.32951201991751788,0
15.410499574539244,-3.9671373934838101,0.34586037857982049,0
15.428883009520714,-3.9705914412944381,0.336046867469741,0
15.447951310320006,-3.9719936141760215,0.33447539519749953,0
15.466377235679255,-3.9732542641392961,0.33588885647604561,0
15.485564513717406,-3.975175030535123,0.33079033105341549,0
15.503328068164722,-3.9773263448023819,0.31593174144302544,0
15.520838671530401,-3.9792146124578629,0.33454541116003106,0
15.540658327272642,-3.981792995383131,0.35582278608815049,0
15.560475483580891,-3.984500401711184,0.34100008201165266,0
15.57861846465066,-3.9870462858961098,0.32944707000864221,0
15.597302339959526,-3.9883119356655961,0.33230973912761308,0
15.615849741991621,-3.9899621557403293,0.33925337019121898,0
15.635304967715332,-3.9913718283312214,0.33193353648739038,0
15.652929549451891,-3.9940367363065192,0.32164588479383349,0
15.671224000402352,-3.9954239097694781,0.33287874721072758,0
15.690143330754941,-3.9978557699702364,0.31171032137418009,0
15.705974760014167,-3.9998405622881599,0.30968341365473134,0
15.724631141549166,-4.0025254694882832,0.3298631148559365,0
15.742791618656849,-4.0041681898537114,0.32715942467204678,0
15.761200047978191,-4.0063320036364871,0.31650000715406945,0
15.778209748048571,-4.0074361312628426,0.32108878050929551,0
15.79697760852047,-4.0110267021855677,0.34711635891053044,0
15.816807261998658,-4.0130889914996928,0.34037107264973554,0
15.834950243068429,-4.0156348756846185,0.31306556206130687,0
15.851838466465965,-4.0163494331995153,0.31569888173924826,0
15.870408363403948,-4.0168384426491848,0.32192969502289198,0
15.887911468467667,-4.0191137805130204,0.30714549318114631,0
15.904643223116539,-4.0212450955554537,0.30679218697308214,0
15.922317793532846,-4.02132953547504,0.32399384700058059,0
15.9409841728038,-4.0234983490640239,0.3267933907717212,0
15.958740228949152,-4.0260367335396374,0.34825515716486055,0
15.979710661728692,-4.0291537092039782,0.32920178196637356,0
15.995418114881081,-4.0308779548132279,0.30811231811411494,0
16.014238463466715,-4.0317590342774601,0.32874377224251811,0
16.0322674661656,-4.033528278142569,0.31970578805597988,0
16.050051016084815,-4.0346474051875418,0.32558049692319468,0
16.068719894789755,-4.0366871953737409,0.34025675739943584,0
16.08802615006676,-4.0391265552838114,0.33934765972691505,0
16.106561054928921,-4.0414218923724761,0.34088693095665912,0
16.126142756193445,-4.0429630882692535,0.34512749583422486,0
16.145203558690778,-4.044752331359188,0.33568265557937849,0
16.163763457892813,-4.0457574344199969,0.320423733859934,0
16.181165081755587,-4.0466110149500949,0.32492154094379389,0
16.200248379158801,-4.0472390474149584,0.33671132671208376,0
16.218919757297726,-4.0491498141983726,0.33068865423951466,0
16.237201711078253,-4.0511821046752594,0.32468510817156193,0
16.255235712645117,-4.0526933017347986,0.32946606110132737,0
16.273874598142207,-4.0562813727544196,0.33847018539313578,0
16.292793928494795,-4.0587132329551778,0.32718660198441668,0
16.310289535256555,-4.0613756410273716,0.32517607952122218,0
16.328799445778838,-4.0649612121438921,0.33516568171697708,0
16.347607297194536,-4.0664874086220486,0.31887454222422557,0
16.364473025686184,-4.0683631767620128,0.32746764744011131,0
16.384168705321592,-4.0706810129786071,0.3488500892863739,0
16.403338487321832,-4.0735049431939316,0.35637087061185069,0
16.423795519636137,-4.0764828958430712,0.34952514340815466,0
16.442044980774824,-4.0801924905561684,0.32462886734082169,0
16.459379119919941,-4.084529702961472,0.32064156187909354,0
16.477390626580917,-4.0872021106460785,0.32806110595788546,0
16.495928030877064,-4.0893684243319584,0.32964715806803907,0
16.514212484091576,-4.0912716914060603,0.33149020256927864,0
16.532714896311901,-4.0952443327309354,0.33786184787436419,0
16.551780697677209,-4.0967755290153001,0.34139913944402511,0
16.57081900526865,-4.0997259827303054,0.32916251981213662,0
16.588021670004974,-4.1041897186352863,0.32782666338645289,0
16.606933502055604,-4.1070086490444027,0.34073700822125641,0
16.625986806250971,-4.1091849623426953,0.34925244963911284,0
16.645791465389284,-4.1125374856846761,0.35468228134969731,0
16.665494643326653,-4.1144682516929159,0.33375608409110596,0
16.6831417199691,-4.1159719490431428,0.3267933907717458,0
16.701917078742962,-4.1191754497575133,0.34856645938668551,0
16.721716739013303,-4.1227860199050639,0.34341628364521126,0
16.740132666636605,-4.124562763479485,0.33474341465862817,0
16.759200967435898,-4.1259649363610649,0.34359087499958252,0
16.778661192027581,-4.1271165621463837,0.34528794997924683,0
16.797838472329783,-4.1295534221533501,0.32759748020856511,0
16.815381568337298,-4.1297643855726207,0.32834229803279324,0
16.834712817954173,-4.1309135114548354,0.33803936704018694,0
16.853257720552286,-4.1326927549323571,0.32206895183693535,0
16.870780821087902,-4.1339359055739138,0.31477122111661532,0
16.888569369875089,-4.1347969858133169,0.32055337365762376,0
16.906734845850742,-4.1361816593731717,0.3375504280665661,0
16.926296551643372,-4.1387550424922352,0.34493930541992257,0
16.945223380297922,-4.1407998324846389,0.34119716685703999,0
16.96457212595271,-4.141045794547356,0.34000562357208458,0
16.983372479066446,-4.1429590612338707,0.35729100556311044,0
17.004484383990725,-4.1454334197873877,0.36983141349567344,0
17.024874927179905,-4.1451832874637873,0.35240489987165885,0
17.044074702387991,-4.1464589368456863,0.34554072578117578,0
17.063686396860366,-4.1464518519090419,0.35543613046455336,0
17.083877980923099,-4.1498118749603314,0.36368879675540017,0
17.104385001917148,-4.150209359553763,0.3650240079064655,0
17.124892022911197,-4.1506068441471982,0.35585772637715618,0
17.144359745804842,-4.1513713997241588,0.34551206656706129,0
17.16371099089362,-4.151488338384091,0.32948987214751724,0
17.18138806074391,-4.151443754900896,0.33574747593596249,0
17.201329193158994,-4.1544117079376228,0.36783832931626881,0
17.222617562303839,-4.1544371217413207,0.37212555544262554,0
17.24314457876979,-4.1538024191124698,0.36277363447169392,0
17.263386151512265,-4.1545819741080514,0.35129637678080361,0
17.282623418230159,-4.1539222724481704,0.33671097642386111,0
17.301210811206055,-4.1535081180783386,0.33403336470433304,0
17.320157635332503,-4.1545207208484598,0.35703499369370578,0
17.341334525540454,-4.1536404709295525,0.3565811138082981,0
17.360189866201907,-4.1527152227547894,0.33588838154715595,0
17.379042707429374,-4.1519189979828113,0.34291519482571209,0
17.398676896807633,-4.1507507024210923,0.3394801836518061,0
17.417142813110683,-4.1499469779398055,0.34406023680954739,0
17.437292902388165,-4.1487886819905029,0.35860421297660949,0
17.457111054288951,-4.1447843714706103,0.34743131058198168,0
17.475973893252366,-4.1434720530874891,0.31887401769821061,0
17.492889610423763,-4.1427673531717453,0.32850336928733764,0
17.512796746355558,-4.1408299169995217,0.35765435131154338,0
17.532842854998108,-4.1383788871192628,0.3495002600942016,0
17.551619209364503,-4.1348706709856877,0.31989881534745751,0
17.568192991423256,-4.1318360501104934,0.32084384087891116,0
17.587212299135338,-4.1291069741998356,0.3495240043810578,0
17.607129432803081,-4.1266534444164726,0.34172342092515096,0
17.625359894062406,-4.1246835095039067,0.32647650137377016,0
17.64359285475572,-4.1225845511885559,0.34043304903232618,0
17.663376014580685,-4.1203865683076621,0.3324984253797133,0
17.680815129953267,-4.1193047977959729,0.32705073128415318,0
17.69995841377218,-4.1168362685939925,0.33188198736955732,0
17.717918427911957,-4.1155064508891464,0.35167096150394644,0
17.739261784604519,-4.112693349831563,0.36081556228662226,0
17.758030640668956,-4.1095722039063425,0.34692966186357327,0
17.777707320424998,-4.1062105104972737,0.35276825188041216,0
17.797007072992574,-4.1023252237677532,0.34838935716411823,0
17.816514786830016,-4.1010254049001489,0.33295093262657188,0
17.834127866989178,-4.097623713041429,0.32310279263776415,0
17.852365826550461,-4.0952667079205085,0.32916123886746557,0
17.870628780451622,-4.0916194687717322,0.35270126991675371,0
17.891572715049836,-4.0894439850187645,0.36136903849432767,0
17.910973948818359,-4.0869804556229887,0.35477772303365879,0
17.931035054064832,-4.0837552853260135,0.35874467955853084,0
17.95083071105973,-4.0809121854311918,0.35349291253128162,0
17.970251940300152,-4.0774164688131336,0.35165453672773944,0
17.989794646213415,-4.0743103223065305,0.3306225182539741,0
18.007000805976261,-4.0719333179607844,0.31056831837653615,0
18.024561398021689,-4.0712411175605538,0.33297517142281019,0
18.044337059544688,-4.0694302048880182,0.35537108319658611,0
18.064145213709526,-4.0659419879792651,0.36572688961579014,0
18.084970171068882,-4.0632479107120574,0.3629810174946384,0
18.104626855353029,-4.0609184045252711,0.37532704210676943,0
18.126868038001255,-4.0583808495949825,0.38402676866905994,0
18.147326065908096,-4.0546470853961765,0.3681848295514149,0
18.167761598909049,-4.0520745318224414,0.35043759714122524,0
18.186275004457855,-4.0488193626882314,0.34421190461557982,0
18.206058164282819,-4.0466213798073341,0.36307985401435872,0
18.22664516716446,-4.0428901155116321,0.37836672284869671,0
18.248112499963856,-4.0403375611627261,0.36307985401437998,0
18.267015329871068,-4.0369608683350364,0.3576134970128399,0
18.287840287230427,-4.0342667910678252,0.37873960363202464,0
18.309300121727862,-4.0321013069272738,0.36866283886782142,0
18.328966803747953,-4.0292557071293444,0.35855167062427407,0
18.349154384535247,-4.0261620601382617,0.36068110928757247,0
18.368962538700082,-4.0226738432295122,0.35801147207557915,0
18.38888717066979,-4.0198332432377946,0.36969142541424072,0
18.410104051821534,-4.0168886188743222,0.37191505318918261,0
18.430398112677747,-4.014958682411411,0.36366327599851178,0
18.450595691200988,-4.0113489418091852,0.35270126991672812,0
18.469605001177118,-4.0091359595096705,0.37217885541952928,0
18.491883675335156,-4.0046630535375982,0.3733082572216847,0
18.511021960286094,-4.002452571141184,0.35930946287034238,0
18.531861914249372,-3.9989843534572636,0.34987134980418139,0
18.549616466553271,-3.9949400444877163,0.34467395756566238,0
18.570049500120238,-3.9924965143167661,0.3748374340787875,0
18.591395356246792,-3.9895543898563979,0.35874467955855555,0
18.609906262361612,-3.9864282441249728,0.35839139632424599,0
18.631016663444441,-3.982319909233329,0.35496535469503865,0
18.649371100810598,-3.9806105210294369,0.35006114597766935,0
18.669960603126224,-3.9767502333309501,0.3613221084858706,0
18.689374334064684,-3.9736415869212465,0.3646220318048255,0
18.710578718046495,-3.971342079571702,0.36120270803269239,0
18.729491545689658,-3.9674492931328729,0.35534267837619754,0
18.749699121948847,-3.9633234589195041,0.35920983823192026,0
18.769003873384399,-3.9591801253844139,0.35118632137977773,0
18.788541580429687,-3.956332025683384,0.35096285705013169,0
18.807843832431253,-3.9523177155510787,0.34758464173978487,0
18.826994614552127,-3.9494621161407402,0.34025638862960206,0
18.845631996207764,-3.9464674937152004,0.35484510771347411,0
18.866110019586504,-3.941701542294112,0.3543423315933974,0
18.884858880179038,-3.9396125835911775,0.3431238656582784,0
18.90416363161459,-3.9354692500560837,0.35187006699972168,0
18.923825314766709,-3.9328816970637277,0.35187834753398894,0
18.943013588397395,-3.9280907466116091,0.36879133441440981,0
18.964726373976461,-3.926188309082832,0.3633150482269748,0
18.98350022890887,-3.9228091163520418,0.34647822364042163,0
19.003280889299848,-3.9207401568739293,0.34725479688900224,0
19.022178720339085,-3.9176215108518129,0.34403413049253428,0
19.041795413679431,-3.9173563791095951,0.34848929793774042,0
19.061305626950862,-3.9159275368392059,0.36025816061026039,0
19.08212058657427,-3.9137495531831377,0.36127705899664708,0
19.101757275386518,-3.9124522342186374,0.34003897167963948,0
19.120235688859502,-3.9110033927234191,0.35118437599586189,0
19.141154629117842,-3.9101181429983072,0.37809708485261634,0
19.162708446514259,-3.9097614863998551,0.37284756645116118,0
19.183000007936485,-3.9079605733397287,0.3730603975463867,0
19.204457342999927,-3.9059241126019622,0.3868774824652968,0
19.226299103553806,-3.9040241749762927,0.37714882074701844,0
19.246712141648871,-3.902612832027625,0.36491798807682807,0
19.267244156982795,-3.9017200825932044,0.3804473172921653,0
19.289445348687224,-3.9012469021074807,0.39010376361452809,0
19.311026659857504,-3.8994709880783915,0.37787278645577665,0
19.331819124575023,-3.8984542150473871,0.36537767419119099,0
19.352075693921424,-3.8984596296262595,0.3615821960516335,0
19.372448741072692,-3.8991126611221603,0.36405715202877093,0
19.392985755274591,-3.8979618648821663,0.37648300630794096,0
19.41458456248278,-3.895282787033576,0.38297319806575131,0
19.435887928231548,-3.8945340604205612,0.38228517715731364,0
19.457545726262897,-3.8954701377530654,0.37537064644237284,0
19.478070243294855,-3.8949644585270029,0.38293118140833626,0
19.500544381552821,-3.8937221374307747,0.37963969555764132,0
19.520686972528342,-3.8929509116898267,0.34880694010345242,0
19.539681285900549,-3.8915120698070247,0.3497857252190108,0
19.559947852982901,-3.891001390774754,0.37911563692321759,0
19.582186536197142,-3.8885928592472503,0.39776306586479548,0
19.604620683511307,-3.8894149125955906,0.39950155761951206,0
19.627057330259465,-3.8901079425411424,0.40296268787596273,0
19.649905896271907,-3.8895182381681543,0.39257968228305545,0
19.671171770510867,-3.8907048625969196,0.38798317946575073,0
19.693501937190103,-3.8902341820143,0.37886107677793035,0
19.713748508800556,-3.8907556902043119,0.37082731468371261,0
19.735175850656155,-3.8902675102999709,0.37085041443308303,0
19.755424921700595,-3.8906599950871978,0.36743451185477671,0
19.776467838065763,-3.8900352920707597,0.38113743277829376,0
19.798257110505904,-3.8908448459035831,0.37700869747693844,0
19.818729139424132,-3.8930486581360135,0.36394143086425507,0
19.839127180915277,-3.8924114556040585,0.37208835998658429,0
19.860542025600939,-3.8925683927136454,0.3581827199768074,0
19.879379870224479,-3.8925463083583765,0.36069596937629417,0
19.901010174481968,-3.8949016431215213,0.3687700624300122,0
19.920748344495159,-3.8950260814907658,0.34208390694804225,0
19.939437218671998,-3.8960336844546788,0.34677981925022439,0
19.959678791414476,-3.8968132394502604,0.37225872352935885,0
19.981190118433108,-3.8986499806991581,0.37650977976441602,0
20.001977584282656,-3.8978912544737305,0.36967978947051228,0
20.022705063716508,-3.9002290899151504,0.35377097579872457,0
20.041674382748841,-3.9000804820602042,0.34324508131080628,0
20.061278578919254,-3.9004604673319143,0.36543036202157025,0
20.082650933227132,-3.902810802288851,0.36801140155487555,0
20.102341613994565,-3.9053866853110151,0.34908529503329572,0
20.121665365309482,-3.9069228814015879,0.37064182138992496,0
20.143811569466191,-3.9092882157771456,0.38883416543708105,0
20.164893481182624,-3.9133108551640881,0.38230734171710812,0
20.186260836622527,-3.915919236926598,0.36377400178871921,0
20.205589586805417,-3.9171973862115976,0.35699744791667437,0
20.226180592962503,-3.9199197919582716,0.37053072112241386,0
20.246905572962365,-3.9223866508024798,0.36776144470470368,0
20.267097157025098,-3.9257466738537694,0.37616422381838344,0
20.288717463546636,-3.9286181022280573,0.36593276415542497,0
20.307601801823402,-3.9328562900678143,0.33442706712124726,0
20.325752281195133,-3.9350151040443819,0.33275293270142509,0
20.344664113245763,-3.9378340344534983,0.34232488504605579,0
20.36354595208854,-3.9422012456960402,0.36314923945438293,0
20.384630363238958,-3.9460948616801979,0.38409072083780355,0
20.406114196483731,-3.9493508603597363,0.37321068037021993,0
20.42604783059685,-3.9527058836048212,0.37874069594358245,0
20.44817903814964,-3.9558453583970916,0.38426063184363718,0
20.468613575558056,-3.9599845216713021,0.35584041430933111,0
